NPDES_ID,VERSION_NMBR,ACTIVITY_ID,NPDES_VIOLATION_ID,PERM_FEATURE_NMBR,PERMIT_ACTIVITY_ID,LIMIT_SET_DESIGNATOR,MONITORING_LOCATION_CODE,DMR_FORM_VALUE_ID,DMR_VALUE_NMBR,DMR_VALUE_ID,DMR_PARAMETER_ID,NODI_CODE,ADJUSTED_DMR_VALUE_NMBR,LIMIT_VALUE_STANDARD_UNITS,VIOLATION_TYPE_CODE,VIOLATION_TYPE_DESC,VIOLATION_CODE,VIOLATION_DESC,PARAMETER_CODE,PARAMETER_DESC,STANDARD_UNIT_CODE,STANDARD_UNIT_DESC,MONITORING_PERIOD_END_DATE,NMBR_OF_REPORT,EXCEEDENCE_PCT,VALUE_QUALIFIER_CODE,UNIT_CODE,VALUE_RECEIVED_DATE,DAYS_LATE,ADJUSTED_DMR_STANDARD_UNITS,LIMIT_ID,DMR_VALUE_STANDARD_UNITS,VALUE_TYPE_CODE,RNC_DETECTION_CODE,RNC_DETECTION_DESC,RNC_DETECTION_DATE,RNC_RESOLUTION_CODE,RNC_RESOLUTION_DESC,RNC_RESOLUTION_DATE,STATISTICAL_BASE_CODE,STATISTICAL_BASE_MONTHLY_AVG,STATISTICAL_BASE_SHORT_DESC
NM0000116,1,20044287,200000806,001,20044287,A,1,,,,,,,,,,D80,"DMR, Monitor Only - Overdue",01022,"Boron, total [as B]",19,mg/L,02/28/2006,1,,,,,,,20209087,,C3,K,"Non-receipt Violation, Non-Monthly Average",05/29/2006,0,RE - Automated Administratively Resolved (DMR Non-Receipt Violations),09/30/2011,DD,N,DAILY MX
NM0028762,3,3600771189,3659651870,001,3600771189,Q,1,3662550707,,3736678114,3673076174,8,,,EFF,"Effluent Limit Violations,Not Otherwise Specified",D80,"DMR, Monitor Only - Overdue",01106,"Aluminum, dissolved [as Al]",01,kg/d,03/31/2021,3,,,,04/08/2021,,,3601725081,,Q2,K,"Non-receipt Violation, Non-Monthly Average",05/29/2021,0,RE - Automated Administratively Resolved (DMR Non-Receipt Violations),05/29/2022,DD,N,DAILY MX
NM0028762,3,3600771189,3659651870,001,3600771189,Q,1,3662550707,,3736678114,3673076174,8,,,NODMR,Failure To Submit DMR,D80,"DMR, Monitor Only - Overdue",01106,"Aluminum, dissolved [as Al]",01,kg/d,03/31/2021,3,,,,04/08/2021,,,3601725081,,Q2,K,"Non-receipt Violation, Non-Monthly Average",05/29/2021,0,RE - Automated Administratively Resolved (DMR Non-Receipt Violations),05/29/2022,DD,N,DAILY MX
NM0028762,3,3600771189,3659651870,001,3600771189,Q,1,3662550707,,3736678114,3673076174,8,,,EFF,"Effluent Limit Violations,Not Otherwise Specified",D80,"DMR, Monitor Only - Overdue",01106,"Aluminum, dissolved [as Al]",01,kg/d,03/31/2021,3,,,,04/08/2021,,,3601725081,,Q2,K,"Non-receipt Violation, Non-Monthly Average",05/29/2021,0,RE - Automated Administratively Resolved (DMR Non-Receipt Violations),05/29/2022,DD,N,DAILY MX
NM0028762,3,3600771189,3659651870,001,3600771189,Q,1,3662550707,,3736678114,3673076174,8,,,NODMR,Failure To Submit DMR,D80,"DMR, Monitor Only - Overdue",01106,"Aluminum, dissolved [as Al]",01,kg/d,03/31/2021,3,,,,04/08/2021,,,3601725081,,Q2,K,"Non-receipt Violation, Non-Monthly Average",05/29/2021,0,RE - Automated Administratively Resolved (DMR Non-Receipt Violations),05/29/2022,DD,N,DAILY MX
NM0028762,3,3600771189,3659651870,001,3600771189,Q,1,3662550707,,3736678114,3673076174,8,,,EFF,"Effluent Limit Violations,Not Otherwise Specified",D80,"DMR, Monitor Only - Overdue",01106,"Aluminum, dissolved [as Al]",01,kg/d,03/31/2021,3,,,,04/08/2021,,,3601725081,,Q2,K,"Non-receipt Violation, Non-Monthly Average",05/29/2021,0,RE - Automated Administratively Resolved (DMR Non-Receipt Violations),05/29/2022,DD,N,DAILY MX
NM0020583,1,20044319,21433318,001,20044319,A,1,58086538,33.65,43873758,27617307,,,30,,,E90,"DMR, Limited - Numeric Violation",00530,"Solids, total suspended",19,mg/L,02/28/2001,1,12,,,03/19/2001,4,,20210287,33.65,C2,C,Chronic Violation,03/31/2001,2,RE - Back into Compliance,06/30/2001,3C,A,30DA AVG
NM0020583,2,20044318,1400687341,001,20044318,A,A,58084879,.02,1401685620,1400955603,,,.019,EFF,"Effluent Limit Violations,Not Otherwise Specified",E90,"DMR, Limited - Numeric Violation",50060,"Chlorine, total residual",19,mg/L,12/31/2008,1,5,=,,01/15/2009,,,20210279,.02,C3,H,"Chronic Violation, Non-Monthly Average",02/28/2009,2,RE - Back into Compliance,01/31/2010,IA,N,INST MAX
NM0020583,2,20044318,1400687341,001,20044318,A,A,58084879,.02,1401685620,1400955603,,,.019,PRMTVL,Violation Of A Permit Requirement,E90,"DMR, Limited - Numeric Violation",50060,"Chlorine, total residual",19,mg/L,12/31/2008,1,5,=,,01/15/2009,,,20210279,.02,C3,H,"Chronic Violation, Non-Monthly Average",02/28/2009,2,RE - Back into Compliance,01/31/2010,IA,N,INST MAX
NM0028762,3,3600771189,3661982914,001,3600771189,A,1,3854807973,32,3750280637,3680149695,,,30,EFF,"Effluent Limit Violations,Not Otherwise Specified",E90,"DMR, Limited - Numeric Violation",00530,"Solids, total suspended",19,mg/L,09/30/2021,1,7,=,19,10/19/2021,,,3601482267,32,C3,,,,,,,DD,N,DAILY MX
NM0028762,3,3600771189,3661982914,001,3600771189,A,1,3854807973,32,3750280637,3680149695,,,30,NODMR,Failure To Submit DMR,E90,"DMR, Limited - Numeric Violation",00530,"Solids, total suspended",19,mg/L,09/30/2021,1,7,=,19,10/19/2021,,,3601482267,32,C3,,,,,,,DD,N,DAILY MX
NM0020583,2,20044318,601210679,001,20044318,A,A,58084739,.02,600313879,600178622,,,.019,,,E90,"DMR, Limited - Numeric Violation",50060,"Chlorine, total residual",19,mg/L,08/31/2006,1,5,=,,09/15/2006,,,20210279,.02,C3,,,,,,,IA,N,INST MAX
NM0020583,2,20044318,1400021218,001,20044318,A,1,58085574,732,1400039016,1400021221,,,200,EFF,"Effluent Limit Violations,Not Otherwise Specified",E90,"DMR, Limited - Numeric Violation",74055,"Coliform, fecal general",30,MPN/100mL,07/31/2008,1,266,=,,08/15/2008,,,20210283,732,C3,,,,,,,DD,N,DAILY MX
NM0020583,2,20044318,1400021218,001,20044318,A,1,58085574,732,1400039016,1400021221,,,200,PRMTVL,Violation Of A Permit Requirement,E90,"DMR, Limited - Numeric Violation",74055,"Coliform, fecal general",30,MPN/100mL,07/31/2008,1,266,=,,08/15/2008,,,20210283,732,C3,,,,,,,DD,N,DAILY MX
NM0000116,1,20044287,200000809,001,20044287,A,1,,,,,,,,,,D80,"DMR, Monitor Only - Overdue",01022,"Boron, total [as B]",19,mg/L,03/31/2006,1,,,,,,,20209087,,C3,K,"Non-receipt Violation, Non-Monthly Average",05/29/2006,0,RE - Automated Administratively Resolved (DMR Non-Receipt Violations),09/30/2011,DD,N,DAILY MX
NM0000116,2,20044286,2200766584,001,20044286,A,1,57973699,,2602330261,2601309533,C,,50,,,D90,"DMR, Limited - Overdue",00530,"Solids, total suspended",19,mg/L,08/31/2010,1,,=,,05/27/2011,211,,20209072,,C3,K,"Non-receipt Violation, Non-Monthly Average",11/28/2010,2,RE - Back into Compliance,05/27/2011,DD,N,DAILY MX
NM0028762,3,3600771189,3630048036,001,3600771189,Q,1,3662550634,,3629536003,3616604518,8,,,,,D80,"DMR, Monitor Only - Overdue",01106,"Aluminum, dissolved [as Al]",01,kg/d,09/30/2016,3,,,,09/28/2017,335,,3601725081,,Q1,N,Non-Receipt of DMR/Schedule Report,11/28/2016,0,RE - Automated Administratively Resolved (DMR Non-Receipt Violations),11/28/2018,MK,A,MO AVG
NM0020583,1,20044319,21433358,001,20044319,A,1,58085818,37.58,43874288,27617163,,,30,,,E90,"DMR, Limited - Numeric Violation",00310,"BOD, 5-day, 20 deg. C",19,mg/L,02/28/2002,1,25,,,03/18/2002,3,,20210285,37.58,C2,C,Chronic Violation,03/31/2002,2,RE - Back into Compliance,07/31/2002,3C,A,30DA AVG
NM0028762,1,20044410,1400421702,001,20044410,A,1,606948076,7,1403076849,1401738588,,,6.6,,,D90,"DMR, Limited - Overdue",00400,pH,12,SU,09/30/2008,1,,=,,04/23/2009,177,,600097477,7,C1,,,,,,,ME,,MINIMUM
NM0020583,1,20044319,21433394,001,20044319,A,1,58087019,800,43874574,27617403,,,.75,,,E90,"DMR, Limited - Numeric Violation",01105,"Aluminum, total [as Al]",19,mg/L,08/31/2002,1,7,,,09/17/2002,2,,20210288,.8,C3,,,,,,,7A,N,7 DA AVG
NM0028762,2,1800023151,1801441452,001,1800023151,A,1,1805555969,9.9,2201419818,1802070421,,,,,,D80,"DMR, Monitor Only - Overdue",00530,"Solids, total suspended",01,kg/d,10/31/2009,1,,=,,10/25/2010,269,,1800044065,4.49459996,Q1,N,Non-Receipt of DMR/Schedule Report,02/28/2010,2,RE - Back into Compliance,10/25/2010,MK,A,MO AVG
NM0000116,3,2200037726,3400491518,TX4,2200037726,Y,1,2205473210,,3607901375,3604420846,C,,,,,D80,"DMR, Monitor Only - Overdue",TQM3D,Coef Of Var Static Renewal 48Hr Acute D. pulex,23,%,11/30/2012,12,,=,,05/13/2015,865,,2200113542,,C2,,,,,,,MJ,,MO AV MN
NM0028762,1,20044410,2601150447,001,20044410,A,1,606948498,.91,2602599350,2601444050,,,.5,,,E90,"DMR, Limited - Numeric Violation",01105,"Aluminum, total [as Al]",19,mg/L,09/30/2007,1,82,=,,09/08/2008,316,,600097487,.91,C2,,,,,,,MK,A,MO AVG
NM0028762,3,3600771189,3617539639,001,3600771189,Q,1,3662550639,,3631372706,3617634480,8,,,,,D80,"DMR, Monitor Only - Overdue",01106,"Aluminum, dissolved [as Al]",01,kg/d,12/31/2016,3,,,,12/14/2016,,,3601725081,,Q2,K,"Non-receipt Violation, Non-Monthly Average",02/28/2017,0,RE - Automated Administratively Resolved (DMR Non-Receipt Violations),02/28/2019,DD,N,DAILY MX
NM0000116,4,3600693178,3631819978,001,3600693178,A,1,3632001563,,3647763575,3626794250,E,,.00075,,,D90,"DMR, Limited - Overdue",01105,"Aluminum, total [as Al]",19,mg/L,09/30/2017,1,,,,10/18/2017,,,3601250770,,C3,K,"Non-receipt Violation, Non-Monthly Average",11/28/2017,0,RE - Automated Administratively Resolved (DMR Non-Receipt Violations),11/28/2019,DD,N,DAILY MX
NM0028762,1,20044410,1400419647,001,20044410,A,1,606948404,10,1403076420,1401738337,,,20,,,D90,"DMR, Limited - Overdue",00530,"Solids, total suspended",19,mg/L,07/31/2008,1,,<,,04/23/2009,177,,600097484,10,C2,N,Non-Receipt of DMR/Schedule Report,11/28/2008,2,RE - Back into Compliance,04/23/2009,MK,A,MO AVG
NM0000116,3,2200037726,2602625010,TX1,2200037726,Y,1,2205473160,,3607901438,3604420885,C,,,,,D80,"DMR, Monitor Only - Overdue",TQM3D,Coef Of Var Static Renewal 48Hr Acute D. pulex,23,%,11/30/2011,12,,=,,05/13/2015,1231,,2200113521,,C2,,,,,,,MJ,,MO AV MN
NM0000116,1,20044287,200000870,001,20044287,A,1,,,,,,,,,,D80,"DMR, Monitor Only - Overdue",50050,"Flow, in conduit or thru treatment plant",03,MGD,03/31/2006,1,,,,,,,20209092,,Q2,K,"Non-receipt Violation, Non-Monthly Average",05/29/2006,0,RE - Automated Administratively Resolved (DMR Non-Receipt Violations),09/30/2011,DD,N,DAILY MX
NM0000116,2,20044286,2200766458,001,20044286,A,1,57976841,,2602330287,2601309556,C,,,,,D80,"DMR, Monitor Only - Overdue",50050,"Flow, in conduit or thru treatment plant",03,MGD,07/31/2010,1,,=,,05/27/2011,211,,20209082,,Q2,K,"Non-receipt Violation, Non-Monthly Average",11/28/2010,2,RE - Back into Compliance,05/27/2011,DD,N,DAILY MX
NM0020583,3,2200016809,3403795079,001,2200016809,A,2,2203563752,470,3416803684,3409555639,,,400,EFF,"Effluent Limit Violations,Not Otherwise Specified",E90,"DMR, Limited - Numeric Violation",70295,"Solids, total dissolved",19,mg/L,01/31/2014,1,18,=,19,02/13/2014,,,2200047762,470,C2,C,Chronic Violation,01/31/2014,5,RE - Resolved RP by NPDES Closure of Enf. Action Final Order with Comp. Schedule,05/02/2023,3C,A,30DA AVG
NM0028762,1,20044410,1400420592,001,20044410,A,1,606948406,2.5,2603209462,2601767273,,,20,,,D90,"DMR, Limited - Overdue",00530,"Solids, total suspended",19,mg/L,08/31/2008,1,,=,,06/27/2011,972,,600097484,2.5,C2,N,Non-Receipt of DMR/Schedule Report,11/28/2008,2,RE - Back into Compliance,06/27/2011,MK,A,MO AVG
NM0028762,1,20044410,1800971595,001,20044410,A,1,1000774232,.25,2606218238,2603372669,,,,,,D80,"DMR, Monitor Only - Overdue",50050,"Flow, in conduit or thru treatment plant",03,MGD,08/31/2009,1,,=,,09/23/2011,695,,600097481,.25,Q1,N,Non-Receipt of DMR/Schedule Report,11/28/2009,2,RE - Back into Compliance,09/23/2011,MK,A,MO AVG
NM0028762,1,20044410,1800971520,001,20044410,Q,1,1000774546,360,2606218221,2603372660,,,,,,D80,"DMR, Monitor Only - Overdue",70295,"Solids, total dissolved",19,mg/L,09/30/2009,3,,=,,09/23/2011,695,,600097489,360,C3,K,"Non-receipt Violation, Non-Monthly Average",11/28/2009,2,RE - Back into Compliance,09/23/2011,DD,N,DAILY MX
NM0020583,2,20044318,601282803,001,20044318,A,A,58084779,.02,601777981,601017647,,,.019,,,E90,"DMR, Limited - Numeric Violation",50060,"Chlorine, total residual",19,mg/L,04/30/2007,1,5,<,,05/16/2007,1,,20210279,.02,C3,U,Other Violation with TRC Non-Monthly Average,08/31/2007,2,RE - Back into Compliance,09/30/2007,IA,N,INST MAX
NM0020583,3,2200016809,2600578725,001,2200016809,A,2,2203563650,404,2601099564,2600633625,,,400,EFF,"Effluent Limit Violations,Not Otherwise Specified",E90,"DMR, Limited - Numeric Violation",70295,"Solids, total dissolved",19,mg/L,03/31/2011,1,1,=,19,04/12/2011,,,2200047762,404,C2,C,Chronic Violation,03/31/2011,2,RE - Back into Compliance,08/31/2011,3C,A,30DA AVG
NM0020583,3,2200016809,2600578725,001,2200016809,A,2,2203563650,404,2601099564,2600633625,,,400,PRMTVL,Violation Of A Permit Requirement,E90,"DMR, Limited - Numeric Violation",70295,"Solids, total dissolved",19,mg/L,03/31/2011,1,1,=,19,04/12/2011,,,2200047762,404,C2,C,Chronic Violation,03/31/2011,2,RE - Back into Compliance,08/31/2011,3C,A,30DA AVG
NM0000116,3,2200037726,2602759655,001,2200037726,A,1,,,,,,,.00075,,,D90,"DMR, Limited - Overdue",01105,"Aluminum, total [as Al]",19,mg/L,12/31/2011,1,,,,,,,2200113509,,C3,K,"Non-receipt Violation, Non-Monthly Average",02/28/2012,0,RE - Automated Administratively Resolved (DMR Non-Receipt Violations),02/28/2014,DD,N,DAILY MX
NM0000116,2,20044286,2200766520,001,20044286,A,1,57974644,,2602330264,2601309536,C,,,,,D80,"DMR, Monitor Only - Overdue",01027,"Cadmium, total [as Cd]",19,mg/L,08/31/2010,1,,=,,05/27/2011,211,,20209075,,C3,K,"Non-receipt Violation, Non-Monthly Average",11/28/2010,2,RE - Back into Compliance,05/27/2011,DD,N,DAILY MX
NM0020583,4,3600830134,3635750494,001,3600830134,A,1,3664421396,108,3655419277,3631106401,,,30,NOPRMT,"Discharge, Emission Or Activity WO Required Permit",E90,"DMR, Limited - Numeric Violation",00310,"BOD, 5-day, 20 deg. C",19,mg/L,02/28/2018,1,260,=,19,03/14/2018,,,3601680586,108,C2,T,TRC Limitations Exceeded,02/28/2018,2,RE - Back into Compliance,05/31/2018,3C,A,30DA AVG
NM0020583,4,3600830134,3635750494,001,3600830134,A,1,3664421396,108,3655419277,3631106401,,,30,SSO,Sanitary Sewer Overflows,E90,"DMR, Limited - Numeric Violation",00310,"BOD, 5-day, 20 deg. C",19,mg/L,02/28/2018,1,260,=,19,03/14/2018,,,3601680586,108,C2,T,TRC Limitations Exceeded,02/28/2018,2,RE - Back into Compliance,05/31/2018,3C,A,30DA AVG
NM0020583,4,3600830134,3635750504,001,3600830134,A,1,3664421411,24196,3655419305,3631106410,,,235,NOPRMT,"Discharge, Emission Or Activity WO Required Permit",E90,"DMR, Limited - Numeric Violation",51040,E. coli,30,MPN/100mL,02/28/2018,1,99999,>,3Z,03/14/2018,,,3601680592,24196,C3,,,,,,,DD,N,DAILY MX
NM0020583,4,3600830134,3635750504,001,3600830134,A,1,3664421411,24196,3655419305,3631106410,,,235,SSO,Sanitary Sewer Overflows,E90,"DMR, Limited - Numeric Violation",51040,E. coli,30,MPN/100mL,02/28/2018,1,99999,>,3Z,03/14/2018,,,3601680592,24196,C3,,,,,,,DD,N,DAILY MX
NM0028762,1,20044410,1800971640,001,20044410,A,1,1000774190,10,2606218226,2603372662,,,30,,,D90,"DMR, Limited - Overdue",00530,"Solids, total suspended",19,mg/L,07/31/2009,1,,<,,09/23/2011,695,,600097484,10,C3,K,"Non-receipt Violation, Non-Monthly Average",11/28/2009,2,RE - Back into Compliance,09/23/2011,DD,N,DAILY MX
NM0020583,2,20044318,601210678,001,20044318,A,A,58084734,.02,600056598,600030339,,,.019,,,E90,"DMR, Limited - Numeric Violation",50060,"Chlorine, total residual",19,mg/L,07/31/2006,1,5,=,,08/15/2006,,,20210279,.02,C3,,,,,,,IA,N,INST MAX
NM0020583,3,2200016809,3601088898,SLL,2200016809,A,T,2203563080,,3631452478,3617679368,C,,,,,D80,"DMR, Monitor Only - Overdue",84368,Level of pathogen requirements achieved,3W,state class,12/31/2014,12,,,,12/16/2016,666,,2200047781,,C3,K,"Non-receipt Violation, Non-Monthly Average",03/22/2015,2,RE - Back into Compliance,12/16/2016,M0,N,MX VALUE
NM0020583,1,20044319,21433485,001,20044319,A,1,58087055,25.35,43874930,27617411,,,10.9868,,,E90,"DMR, Limited - Numeric Violation",01105,"Aluminum, total [as Al]",01,kg/d,04/30/2003,1,5,,,05/19/2003,4,,20210288,11.5089,Q1,C,Chronic Violation,04/30/2003,2,RE - Back into Compliance,07/31/2003,3C,A,30DA AVG
NM0020583,1,20044319,21433449,001,20044319,A,1,58086659,50.66,43874839,27617331,,,45,,,E90,"DMR, Limited - Numeric Violation",00530,"Solids, total suspended",19,mg/L,02/28/2003,1,13,,,03/17/2003,2,,20210287,50.66,C3,,,,,,,7A,N,7 DA AVG
NM0028762,1,20044410,1400421704,001,20044410,A,1,606948408,2.5,1403076851,1401738589,,,20,,,D90,"DMR, Limited - Overdue",00530,"Solids, total suspended",19,mg/L,09/30/2008,1,,=,,04/23/2009,177,,600097484,2.5,C2,N,Non-Receipt of DMR/Schedule Report,11/28/2008,2,RE - Back into Compliance,04/23/2009,MK,A,MO AVG
NM0020583,1,20044319,21433384,001,20044319,A,A,58087784,.94,43874449,27617556,,,.099,,,E90,"DMR, Limited - Numeric Violation",50060,"Chlorine, total residual",19,mg/L,05/31/2002,1,849,,,06/18/2002,3,,20210291,.94,C3,R,"TRC Limitations Exceeded, Non-Monthly Average",05/31/2002,2,RE - Back into Compliance,06/30/2002,IA,N,INST MAX
NM0020583,3,2200016809,3403075770,001,2200016809,A,2,2203563743,444,3413179944,3407553310,,,400,EFF,"Effluent Limit Violations,Not Otherwise Specified",E90,"DMR, Limited - Numeric Violation",70295,"Solids, total dissolved",19,mg/L,10/31/2013,1,11,=,19,11/14/2013,,,2200047762,444,C2,C,Chronic Violation,10/31/2013,5,RE - Resolved RP by NPDES Closure of Enf. Action Final Order with Comp. Schedule,05/02/2023,3C,A,30DA AVG
NM0028762,2,1800023151,2200094456,001,1800023151,A,1,1805556011,,1806928598,1803911434,C,,.019,,,D90,"DMR, Limited - Overdue",50060,"Chlorine, total residual",19,mg/L,06/30/2010,1,,,,10/25/2010,89,,1800044104,,C3,K,"Non-receipt Violation, Non-Monthly Average",08/28/2010,2,RE - Back into Compliance,10/25/2010,DD,N,DAILY MX
NM0000116,3,2200037726,3400491523,TX1,2200037726,Y,1,2205473166,,3607901345,3604420828,C,,,,,D80,"DMR, Monitor Only - Overdue",TEM3D,Low Flow Pass/Fail Static Renewal 48Hr Acute Daphnia pulex,9A,pass=0;fail=1,11/30/2012,12,,=,,05/13/2015,865,,2200113522,,C2,,,,,,,MJ,,MO AV MN
NM0020583,2,20044318,200002616,TX1,20044318,Q,1,58091332,5.73,1000665455,1000382520,,,,,,D80,"DMR, Monitor Only - Overdue",TQM6C,Coef Of Var Static Renewal 48Hr Acute Pimephales promelas,23,%,03/31/2006,3,,=,,05/16/2006,31,,20210366,5.73,C1,,,,,,,4E,,48HR MIN
NM0020583,1,20044319,600713086,TX1,20044319,S,1,58091642,2.7,43877437,27618328,,,,,,D80,"DMR, Monitor Only - Overdue",TPP3B,NOEC Sub-Lethal Static Renewal 7 Day Chronic Ceriodaphnia dubia,23,%,06/30/2003,6,,,,09/12/2003,59,,20210371,2.7,C1,,,,,,,4E,,48HR MIN
NM0028762,3,3600771189,3641783657,001,3600771189,Q,1,3662550673,,3688124721,3647589504,8,,,EFF,"Effluent Limit Violations,Not Otherwise Specified",D80,"DMR, Monitor Only - Overdue",01106,"Aluminum, dissolved [as Al]",19,mg/L,03/31/2019,3,,,,04/18/2019,,,3601725081,,C3,K,"Non-receipt Violation, Non-Monthly Average",05/29/2019,9,RE - Manual by Back into Compliance/Administratively Resolved,05/29/2019,DD,N,DAILY MX
NM0028762,3,3600771189,3641783657,001,3600771189,Q,1,3662550673,,3688124721,3647589504,8,,,EFF,"Effluent Limit Violations,Not Otherwise Specified",D80,"DMR, Monitor Only - Overdue",01106,"Aluminum, dissolved [as Al]",19,mg/L,03/31/2019,3,,,,04/18/2019,,,3601725081,,C3,K,"Non-receipt Violation, Non-Monthly Average",05/29/2019,9,RE - Manual by Back into Compliance/Administratively Resolved,05/29/2019,DD,N,DAILY MX
NM0028762,3,3600771189,3641783657,001,3600771189,Q,1,3662550673,,3688124721,3647589504,8,,,NODMR,Failure To Submit DMR,D80,"DMR, Monitor Only - Overdue",01106,"Aluminum, dissolved [as Al]",19,mg/L,03/31/2019,3,,,,04/18/2019,,,3601725081,,C3,K,"Non-receipt Violation, Non-Monthly Average",05/29/2019,9,RE - Manual by Back into Compliance/Administratively Resolved,05/29/2019,DD,N,DAILY MX
NM0020583,0,3602878711,3685992834,001,3602878711,A,1,3920643111,5,3864008117,3743227956,,,30,,,E90,"DMR, Limited - Numeric Violation",00310,"BOD, 5-day, 20 deg. C",19,mg/L,01/31/2026,1,99999,>,19,02/13/2026,,,3606239979,5,C2,,,,,,,3C,A,30DA AVG
NM0020583,1,20044319,600702364,TX1,20044319,S,1,58091473,2.7,43877523,27618294,,,2,,,D90,"DMR, Limited - Overdue",22414,Whole effluent toxicity,23,%,12/31/2005,6,,,,03/01/2006,45,,20210367,2.7,C2,,,,,,,MJ,,MO AV MN
NM0028762,1,20044410,1401067215,001,20044410,A,1,1000774000,1.6,1403077691,1401739107,,,.5,,,E90,"DMR, Limited - Numeric Violation",01105,"Aluminum, total [as Al]",19,mg/L,01/31/2009,1,220,=,,04/21/2009,,,600097487,1.6,C2,T,TRC Limitations Exceeded,02/28/2009,2,RE - Back into Compliance,05/31/2009,MK,A,MO AVG
NM0000116,3,2200037726,2602759703,004,2200037726,A,1,,,,,,,,,,D80,"DMR, Monitor Only - Overdue",50050,"Flow, in conduit or thru treatment plant",03,MGD,10/31/2011,1,,,,,,,2200113553,,Q2,K,"Non-receipt Violation, Non-Monthly Average",02/28/2012,0,RE - Automated Administratively Resolved (DMR Non-Receipt Violations),02/28/2014,DD,N,DAILY MX
NM0020583,3,2200016809,3604565746,TX1,2200016809,Q,1,3651140140,32,3626637161,3614968192,,,,,,D80,"DMR, Monitor Only - Overdue",TOM3D,NOAEC Lethal Statis Renewal 48 Hr Acute Daphnia pulex,23,%,06/30/2016,3,,=,23,08/25/2016,41,,2200047803,32,C2,,,,,,,MJ,,MO AV MN
NM0020583,4,3600830134,3631991887,001,3600830134,A,A,3628323844,3000,3650644585,3628431084,,,.019,NOPRMT,"Discharge, Emission Or Activity WO Required Permit",E90,"DMR, Limited - Numeric Violation",50060,"Chlorine, total residual",19,mg/L,11/30/2017,1,15689,=,28,12/15/2017,,,3601680585,3.00000014,C3,,,,,,,IA,N,INST MAX
NM0020583,4,3600830134,3631991887,001,3600830134,A,A,3628323844,3000,3650644585,3628431084,,,.019,SSO,Sanitary Sewer Overflows,E90,"DMR, Limited - Numeric Violation",50060,"Chlorine, total residual",19,mg/L,11/30/2017,1,15689,=,28,12/15/2017,,,3601680585,3.00000014,C3,,,,,,,IA,N,INST MAX
NM0028762,1,20044410,1400734914,001,20044410,A,A,606948560,37,1401772786,1401006942,,,.019,,,E90,"DMR, Limited - Numeric Violation",50060,"Chlorine, total residual",19,mg/L,10/31/2008,1,95,=,,01/22/2009,,,600097488,.037,C3,R,"TRC Limitations Exceeded, Non-Monthly Average",11/30/2008,2,RE - Back into Compliance,03/31/2009,IA,N,INST MAX
NM0000116,3,2200037726,3600285012,004,2200037726,A,1,,,,,,,,,,D80,"DMR, Monitor Only - Overdue",50050,"Flow, in conduit or thru treatment plant",03,MGD,09/30/2014,1,,,,,,,2200113553,,Q1,N,Non-Receipt of DMR/Schedule Report,11/28/2014,B,RE - Manual by EPA/State/Tribal Action,12/31/2016,3C,A,30DA AVG
NM0000116,1,20044287,200000815,001,20044287,A,1,,,,,,,,,,D80,"DMR, Monitor Only - Overdue",01042,"Copper, total [as Cu]",19,mg/L,02/28/2006,1,,,,,,,20209088,,C3,K,"Non-receipt Violation, Non-Monthly Average",05/29/2006,0,RE - Automated Administratively Resolved (DMR Non-Receipt Violations),09/30/2011,DD,N,DAILY MX
NM0000116,3,2200037726,2602759664,001,2200037726,A,1,,,,,,,9,,,D90,"DMR, Limited - Overdue",00400,pH,12,SU,10/31/2011,1,,,,,,,2200113507,,C3,K,"Non-receipt Violation, Non-Monthly Average",02/28/2012,0,RE - Automated Administratively Resolved (DMR Non-Receipt Violations),02/28/2014,MB,N,MAXIMUM
NM0000116,3,2200037726,3600284992,004,2200037726,A,1,,,,,,,9,,,D90,"DMR, Limited - Overdue",00400,pH,12,SU,08/31/2014,1,,,,,,,2200113551,,C3,K,"Non-receipt Violation, Non-Monthly Average",11/28/2014,B,RE - Manual by EPA/State/Tribal Action,12/31/2016,MB,N,MAXIMUM
NM0020583,0,3602878711,3682376215,001,3602878711,A,1,3920643770,50,3840988768,3730333646,,,.022,,,E90,"DMR, Limited - Numeric Violation",00720,"Cyanide, total [as CN]",19,mg/L,03/31/2025,1,127,=,28,04/11/2025,,,3606350737,.05,C3,,,,,,,DD,N,DAILY MX
NM0020583,1,20044319,21433474,001,20044319,A,A,58087834,1.62,43874899,27617566,,,.099,,,E90,"DMR, Limited - Numeric Violation",50060,"Chlorine, total residual",19,mg/L,03/31/2003,1,1536,,,04/16/2003,1,,20210291,1.62,C3,,,,,,,IA,N,INST MAX
NM0000116,3,2200037726,3600658708,TX1,2200037726,Y,1,2205473188,,3607901458,3604420895,E,,,,,D80,"DMR, Monitor Only - Overdue",TOM3D,NOAEC Lethal Statis Renewal 48 Hr Acute Daphnia pulex,23,%,11/30/2014,12,,=,,05/13/2015,135,,2200113518,,C2,,,,,,,MJ,,MO AV MN
NM0028762,1,20044410,1400197977,001,20044410,A,1,606948510,.81,1000346036,1000200109,,,.5,,,E90,"DMR, Limited - Numeric Violation",01105,"Aluminum, total [as Al]",19,mg/L,03/31/2008,1,62,=,,04/16/2008,,,600097487,.81,C2,T,TRC Limitations Exceeded,07/31/2008,2,RE - Back into Compliance,10/31/2008,MK,A,MO AVG
NM0020583,0,3602878711,3683354970,001,3602878711,A,1,3920642902,1414,3848301368,3734262682,,,235,,,E90,"DMR, Limited - Numeric Violation",51040,E. coli,30,MPN/100mL,06/30/2025,1,502,=,3Z,07/08/2025,,,3606239976,1414,C3,,,,,,,DD,N,DAILY MX
NM0020583,4,3600830134,3631989123,001,3600830134,A,1,,,,,,,85,,,D90,"DMR, Limited - Overdue",81010,"BOD, 5-day, percent removal",23,%,05/31/2017,1,,,,,,,3602996645,,C1,,,,,,,MJ,,MO AV MN
NM0000116,1,20044287,200000837,001,20044287,A,1,,,,,,,,,,D80,"DMR, Monitor Only - Overdue",01092,"Zinc, total [as Zn]",19,mg/L,03/31/2006,1,,,,,,,20209090,,C3,K,"Non-receipt Violation, Non-Monthly Average",05/29/2006,0,RE - Automated Administratively Resolved (DMR Non-Receipt Violations),09/30/2011,DD,N,DAILY MX
NM0020583,4,3600830134,3631989128,001,3600830134,A,1,,,,,,,85,,,D90,"DMR, Limited - Overdue",81010,"BOD, 5-day, percent removal",23,%,04/30/2017,1,,,,,,,3602996645,,C1,,,,,,,MJ,,MO AV MN
NM0020583,4,3600830134,3620405863,001,3600830134,A,1,3628321855,186,3638992844,3622088253,,,45,,,E90,"DMR, Limited - Numeric Violation",00530,"Solids, total suspended",19,mg/L,04/30/2017,1,313,=,19,05/11/2017,,,3601680589,186,C3,,,,,,,7A,N,7 DA AVG
NM0020583,1,20044319,600697179,001,20044319,A,1,58086465,789.58,43873125,27617293,,,658.754,,,D90,"DMR, Limited - Overdue",00530,"Solids, total suspended",01,kg/d,12/31/1999,1,,,,06/23/2000,99,,20210287,358.46932,Q1,N,Non-Receipt of DMR/Schedule Report,02/14/2000,2,RE - Back into Compliance,06/23/2000,3C,A,30DA AVG
NM0020583,2,20044318,21433569,001,20044318,A,A,58084714,.14,43876514,27616942,,,.019,,,E90,"DMR, Limited - Numeric Violation",50060,"Chlorine, total residual",19,mg/L,03/31/2006,1,637,=,,04/14/2006,,,20210279,.14,C3,,,,,,,IA,N,INST MAX
NM0020583,1,20044319,21433348,001,20044319,A,1,58085813,37.51,43874243,27617162,,,30,,,E90,"DMR, Limited - Numeric Violation",00310,"BOD, 5-day, 20 deg. C",19,mg/L,01/31/2002,1,25,,,02/14/2002,,,20210285,37.51,C2,C,Chronic Violation,03/31/2002,2,RE - Back into Compliance,07/31/2002,3C,A,30DA AVG
NM0020583,0,3602878711,3680539882,001,3602878711,A,1,3920643762,61,3837049231,3728228559,,,.022,,,E90,"DMR, Limited - Numeric Violation",00720,"Cyanide, total [as CN]",19,mg/L,01/31/2025,1,177,=,28,02/18/2025,3,,3606350737,.061,C3,,,,,,,DD,N,DAILY MX
NM0020583,3,2200016809,3601222766,001,2200016809,A,1,2203565342,209215,3606326791,3603545986,,,31900000000,,,E90,"DMR, Limited - Numeric Violation",51040,E. coli,9Y,CFU/d,03/31/2015,1,99999,>,9Z,04/13/2015,,,2200047763,209215000000,Q2,,,,,,,DD,N,DAILY MX
NM0020583,3,2200016809,2200918586,001,2200016809,A,2,2203563638,422,2202228287,2201249032,,,400,EFF,"Effluent Limit Violations,Not Otherwise Specified",E90,"DMR, Limited - Numeric Violation",70295,"Solids, total dissolved",19,mg/L,11/30/2010,1,6,=,19,12/15/2010,,,2200047762,422,C2,C,Chronic Violation,02/28/2011,2,RE - Back into Compliance,08/31/2011,3C,A,30DA AVG
NM0020583,3,2200016809,2200918586,001,2200016809,A,2,2203563638,422,2202228287,2201249032,,,400,PRMTVL,Violation Of A Permit Requirement,E90,"DMR, Limited - Numeric Violation",70295,"Solids, total dissolved",19,mg/L,11/30/2010,1,6,=,19,12/15/2010,,,2200047762,422,C2,C,Chronic Violation,02/28/2011,2,RE - Back into Compliance,08/31/2011,3C,A,30DA AVG
NM0020583,2,20044318,1400210396,001,20044318,A,A,58084859,.99,1400393662,1400220547,,,.019,EFF,"Effluent Limit Violations,Not Otherwise Specified",E90,"DMR, Limited - Numeric Violation",50060,"Chlorine, total residual",19,mg/L,08/31/2008,1,5111,=,,09/12/2008,,,20210279,.99,C3,R,"TRC Limitations Exceeded, Non-Monthly Average",09/30/2008,2,RE - Back into Compliance,03/31/2009,IA,N,INST MAX
NM0020583,2,20044318,1400210396,001,20044318,A,A,58084859,.99,1400393662,1400220547,,,.019,PRMTVL,Violation Of A Permit Requirement,E90,"DMR, Limited - Numeric Violation",50060,"Chlorine, total residual",19,mg/L,08/31/2008,1,5111,=,,09/12/2008,,,20210279,.99,C3,R,"TRC Limitations Exceeded, Non-Monthly Average",09/30/2008,2,RE - Back into Compliance,03/31/2009,IA,N,INST MAX
NM0028762,2,1800023151,2200094459,001,1800023151,Q,1,1805556552,.2,1806928360,1803911312,,,,,,D80,"DMR, Monitor Only - Overdue",01106,"Aluminum, dissolved [as Al]",01,kg/d,06/30/2010,3,,=,,10/25/2010,89,,1800044101,.0908,Q2,K,"Non-receipt Violation, Non-Monthly Average",08/28/2010,2,RE - Back into Compliance,10/25/2010,DD,N,DAILY MX
NM0020583,1,20044319,600695492,001,20044319,A,1,58085689,32.22,43873119,27617137,,,45,,,D90,"DMR, Limited - Overdue",00310,"BOD, 5-day, 20 deg. C",19,mg/L,12/31/1999,1,,,,06/23/2000,99,,20210285,32.22,C3,K,"Non-receipt Violation, Non-Monthly Average",02/14/2000,2,RE - Back into Compliance,06/23/2000,7A,N,7 DA AVG
NM0000116,1,20044287,200000861,001,20044287,A,1,,,,,,,,,,D80,"DMR, Monitor Only - Overdue",50050,"Flow, in conduit or thru treatment plant",03,MGD,01/31/2006,1,,,,,,,20209092,,Q2,K,"Non-receipt Violation, Non-Monthly Average",05/29/2006,0,RE - Automated Administratively Resolved (DMR Non-Receipt Violations),09/30/2011,DD,N,DAILY MX
NM0020583,2,20044318,200002612,TX1,20044318,Q,1,58091252,12.09,1000665452,1000382518,,,,,,D80,"DMR, Monitor Only - Overdue",TQM3D,Coef Of Var Static Renewal 48Hr Acute D. pulex,23,%,03/31/2006,3,,=,,05/16/2006,31,,20210365,12.09,C1,,,,,,,4E,,48HR MIN
NM0028762,1,20044410,1000124078,001,20044410,A,1,606948509,1.51,1000346096,1000200140,,,.75,,,E90,"DMR, Limited - Numeric Violation",01105,"Aluminum, total [as Al]",19,mg/L,02/29/2008,1,101,=,,04/16/2008,,,600097487,1.51,C3,,,,,,,DD,N,DAILY MX
NM0000116,3,2200037726,3600828600,004,2200037726,A,1,,,,,,,,,,D80,"DMR, Monitor Only - Overdue",50050,"Flow, in conduit or thru treatment plant",03,MGD,12/31/2014,1,,,,,,,2200113553,,Q1,N,Non-Receipt of DMR/Schedule Report,02/28/2015,B,RE - Manual by EPA/State/Tribal Action,12/31/2016,3C,A,30DA AVG
NM0028762,3,3600771189,3651264894,001,3600771189,Q,1,3662550694,,3717124647,3662856721,8,,,EFF,"Effluent Limit Violations,Not Otherwise Specified",D80,"DMR, Monitor Only - Overdue",01106,"Aluminum, dissolved [as Al]",01,kg/d,06/30/2020,3,,,,07/15/2020,,,3601725081,,Q1,N,Non-Receipt of DMR/Schedule Report,08/28/2020,0,RE - Automated Administratively Resolved (DMR Non-Receipt Violations),08/28/2021,MK,A,MO AVG
NM0028762,3,3600771189,3651264894,001,3600771189,Q,1,3662550694,,3717124647,3662856721,8,,,EFF,"Effluent Limit Violations,Not Otherwise Specified",D80,"DMR, Monitor Only - Overdue",01106,"Aluminum, dissolved [as Al]",01,kg/d,06/30/2020,3,,,,07/15/2020,,,3601725081,,Q1,N,Non-Receipt of DMR/Schedule Report,08/28/2020,0,RE - Automated Administratively Resolved (DMR Non-Receipt Violations),08/28/2021,MK,A,MO AVG
NM0028762,3,3600771189,3651264894,001,3600771189,Q,1,3662550694,,3717124647,3662856721,8,,,NODMR,Failure To Submit DMR,D80,"DMR, Monitor Only - Overdue",01106,"Aluminum, dissolved [as Al]",01,kg/d,06/30/2020,3,,,,07/15/2020,,,3601725081,,Q1,N,Non-Receipt of DMR/Schedule Report,08/28/2020,0,RE - Automated Administratively Resolved (DMR Non-Receipt Violations),08/28/2021,MK,A,MO AVG
NM0028762,3,3600771189,3651264894,001,3600771189,Q,1,3662550694,,3717124647,3662856721,8,,,EFF,"Effluent Limit Violations,Not Otherwise Specified",D80,"DMR, Monitor Only - Overdue",01106,"Aluminum, dissolved [as Al]",01,kg/d,06/30/2020,3,,,,07/15/2020,,,3601725081,,Q1,N,Non-Receipt of DMR/Schedule Report,08/28/2020,0,RE - Automated Administratively Resolved (DMR Non-Receipt Violations),08/28/2021,MK,A,MO AVG
NM0028762,3,3600771189,3651264894,001,3600771189,Q,1,3662550694,,3717124647,3662856721,8,,,NODMR,Failure To Submit DMR,D80,"DMR, Monitor Only - Overdue",01106,"Aluminum, dissolved [as Al]",01,kg/d,06/30/2020,3,,,,07/15/2020,,,3601725081,,Q1,N,Non-Receipt of DMR/Schedule Report,08/28/2020,0,RE - Automated Administratively Resolved (DMR Non-Receipt Violations),08/28/2021,MK,A,MO AVG
NM0028762,3,3600771189,3630256339,001,3600771189,A,1,3600454385,7.97,3629483575,3616574223,,,9,,,D90,"DMR, Limited - Overdue",00400,pH,12,SU,09/30/2016,1,,=,12,10/17/2017,354,,3601482268,7.97,C3,K,"Non-receipt Violation, Non-Monthly Average",11/28/2016,2,RE - Back into Compliance,10/17/2017,MB,N,MAXIMUM
NM0000116,3,2200037726,3600658735,TX4,2200037726,Y,1,2205473227,,3607901512,3604420921,C,,,,,D80,"DMR, Monitor Only - Overdue",TOM3D,NOAEC Lethal Statis Renewal 48 Hr Acute Daphnia pulex,23,%,11/30/2014,12,,=,,05/13/2015,135,,2200113541,,C1,,,,,,,4E,,48HR MIN
NM0020583,1,20044319,21433323,001,20044319,A,1,58085763,33.31,43873793,27617152,,,30,,,E90,"DMR, Limited - Numeric Violation",00310,"BOD, 5-day, 20 deg. C",19,mg/L,03/31/2001,1,11,,,04/16/2001,1,,20210285,33.31,C2,C,Chronic Violation,03/31/2001,2,RE - Back into Compliance,06/30/2001,3C,A,30DA AVG
NM0020583,1,20044319,21433445,001,20044319,A,1,58086655,1668.95,43874835,27617331,,,658.754,,,E90,"DMR, Limited - Numeric Violation",00530,"Solids, total suspended",01,kg/d,02/28/2003,1,15,,,03/17/2003,2,,20210287,757.7033,Q1,,,,,,,3C,A,30DA AVG
NM0020583,1,20044319,21433443,001,20044319,A,1,58085878,47.41,43874828,27617175,,,30,,,E90,"DMR, Limited - Numeric Violation",00310,"BOD, 5-day, 20 deg. C",19,mg/L,02/28/2003,1,58,,,03/17/2003,2,,20210285,47.41,C2,T,TRC Limitations Exceeded,02/28/2003,2,RE - Back into Compliance,08/31/2003,3C,A,30DA AVG
NM0020583,3,2200016809,3405264848,001,2200016809,A,2,2203563770,415,3423661304,3413407488,,,400,,,E90,"DMR, Limited - Numeric Violation",70295,"Solids, total dissolved",19,mg/L,07/31/2014,1,4,=,19,08/15/2014,,,2200047762,415,C2,C,Chronic Violation,07/31/2014,2,RE - Back into Compliance,09/30/2016,3C,A,30DA AVG
NM0020583,4,3600830134,3635750497,001,3600830134,A,1,3664421399,4450,3655419276,3631106401,,,1136.81599045,NOPRMT,"Discharge, Emission Or Activity WO Required Permit",E90,"DMR, Limited - Numeric Violation",00310,"BOD, 5-day, 20 deg. C",01,kg/d,02/28/2018,1,78,=,26,03/14/2018,,,3601680586,2020.29998302,Q2,,,,,,,7A,N,7 DA AVG
NM0020583,4,3600830134,3635750497,001,3600830134,A,1,3664421399,4450,3655419276,3631106401,,,1136.81599045,SSO,Sanitary Sewer Overflows,E90,"DMR, Limited - Numeric Violation",00310,"BOD, 5-day, 20 deg. C",01,kg/d,02/28/2018,1,78,=,26,03/14/2018,,,3601680586,2020.29998302,Q2,,,,,,,7A,N,7 DA AVG
NM0028762,3,3600771189,3630256345,001,3600771189,A,1,3600454422,.009325,3629483583,3616574226,,,,,,D80,"DMR, Monitor Only - Overdue",50060,"Chlorine, total residual",01,kg/d,09/30/2016,1,,=,26,10/17/2017,354,,3601482269,.00423355,Q1,N,Non-Receipt of DMR/Schedule Report,11/28/2016,2,RE - Back into Compliance,10/17/2017,MK,A,MO AVG
NM0020583,1,20044319,600713085,TX1,20044319,S,1,58091643,2.7,43877438,27618328,,,,,,D80,"DMR, Monitor Only - Overdue",TPP3B,NOEC Sub-Lethal Static Renewal 7 Day Chronic Ceriodaphnia dubia,23,%,06/30/2003,6,,,,09/12/2003,59,,20210371,2.7,C2,,,,,,,MJ,,MO AV MN
NM0028762,1,20044410,1400136157,001,20044410,A,1,606948512,1.14,1400070969,1400039679,,,.5,,,E90,"DMR, Limited - Numeric Violation",01105,"Aluminum, total [as Al]",19,mg/L,04/30/2008,1,128,=,,07/25/2008,,,600097487,1.14,C2,T,TRC Limitations Exceeded,06/30/2008,2,RE - Back into Compliance,10/31/2008,MK,A,MO AVG
NM0020583,3,2200016809,2201167354,001,2200016809,A,2,2203563644,421,2203391982,2201926484,,,400,EFF,"Effluent Limit Violations,Not Otherwise Specified",E90,"DMR, Limited - Numeric Violation",70295,"Solids, total dissolved",19,mg/L,01/31/2011,1,5,=,19,02/11/2011,,,2200047762,421,C2,C,Chronic Violation,02/28/2011,2,RE - Back into Compliance,08/31/2011,3C,A,30DA AVG
NM0020583,3,2200016809,2201167354,001,2200016809,A,2,2203563644,421,2203391982,2201926484,,,400,PRMTVL,Violation Of A Permit Requirement,E90,"DMR, Limited - Numeric Violation",70295,"Solids, total dissolved",19,mg/L,01/31/2011,1,5,=,19,02/11/2011,,,2200047762,421,C2,C,Chronic Violation,02/28/2011,2,RE - Back into Compliance,08/31/2011,3C,A,30DA AVG
NM0020583,3,2200016809,3401596543,001,2200016809,A,2,2203563725,415,3407403342,3404383800,,,400,EFF,"Effluent Limit Violations,Not Otherwise Specified",E90,"DMR, Limited - Numeric Violation",70295,"Solids, total dissolved",19,mg/L,04/30/2013,1,4,=,19,05/14/2013,,,2200047762,415,C2,C,Chronic Violation,04/30/2013,5,RE - Resolved RP by NPDES Closure of Enf. Action Final Order with Comp. Schedule,05/02/2023,3C,A,30DA AVG
NM0000116,1,20044287,601444632,001,20044287,A,1,,,,,,,,,,D80,"DMR, Monitor Only - Overdue",01105,"Aluminum, total [as Al]",19,mg/L,04/30/2006,1,,,,,,,20209091,,C3,K,"Non-receipt Violation, Non-Monthly Average",08/28/2006,0,RE - Automated Administratively Resolved (DMR Non-Receipt Violations),09/30/2011,DD,N,DAILY MX
NM0028762,1,20044410,2601150424,001,20044410,A,1,606948490,.64,2602598475,2601443577,,,.5,,,E90,"DMR, Limited - Numeric Violation",01105,"Aluminum, total [as Al]",19,mg/L,05/31/2007,1,28,=,,09/08/2008,408,,600097487,.64,C2,,,,,,,MK,A,MO AVG
NM0020583,3,2200016809,3401107161,001,2200016809,A,2,2203563719,430,3405405855,3403308699,,,400,EFF,"Effluent Limit Violations,Not Otherwise Specified",E90,"DMR, Limited - Numeric Violation",70295,"Solids, total dissolved",19,mg/L,02/28/2013,1,8,=,19,03/14/2013,,,2200047762,430,C2,C,Chronic Violation,02/28/2013,5,RE - Resolved RP by NPDES Closure of Enf. Action Final Order with Comp. Schedule,05/02/2023,3C,A,30DA AVG
NM0020583,3,2200016809,3604565738,TX1,2200016809,Q,1,3651140142,32,3626637151,3614968187,,,,,,D80,"DMR, Monitor Only - Overdue",TOM6C,NOAEC Lethal Static Renewal 48Hr acute Pimephales promelas,23,%,06/30/2016,3,,=,23,08/25/2016,41,,2200047807,32,C2,,,,,,,MJ,,MO AV MN
NM0028762,2,1800023151,1801441523,001,1800023151,A,1,1805555974,13.2,2201419859,1802070459,,,,,,D80,"DMR, Monitor Only - Overdue",00530,"Solids, total suspended",01,kg/d,11/30/2009,1,,=,,10/25/2010,269,,1800044065,5.99279995,Q1,N,Non-Receipt of DMR/Schedule Report,02/28/2010,2,RE - Back into Compliance,10/25/2010,MK,A,MO AVG
NM0020583,2,20044318,1800163841,001,20044318,A,A,1400891162,.02,1800587631,1800328956,,,.019,EFF,"Effluent Limit Violations,Not Otherwise Specified",E90,"DMR, Limited - Numeric Violation",50060,"Chlorine, total residual",19,mg/L,06/30/2009,1,5,=,,07/17/2009,2,,20210279,.02,C3,H,"Chronic Violation, Non-Monthly Average",11/30/2009,2,RE - Back into Compliance,01/31/2010,IA,N,INST MAX
NM0020583,2,20044318,1800163841,001,20044318,A,A,1400891162,.02,1800587631,1800328956,,,.019,PRMTVL,Violation Of A Permit Requirement,E90,"DMR, Limited - Numeric Violation",50060,"Chlorine, total residual",19,mg/L,06/30/2009,1,5,=,,07/17/2009,2,,20210279,.02,C3,H,"Chronic Violation, Non-Monthly Average",11/30/2009,2,RE - Back into Compliance,01/31/2010,IA,N,INST MAX
NM0000116,2,20044286,2200766352,001,20044286,A,1,57974014,,2602330262,2601309534,C,,15,,,D90,"DMR, Limited - Overdue",00556,Oil & Grease,19,mg/L,08/31/2010,1,,=,,05/27/2011,211,,20209073,,C3,K,"Non-receipt Violation, Non-Monthly Average",11/28/2010,2,RE - Back into Compliance,05/27/2011,DD,N,DAILY MX
NM0020583,4,3600830134,3617817917,001,3600830134,A,1,3628321351,53,3635860282,3620220548,,,45,,,E90,"DMR, Limited - Numeric Violation",00310,"BOD, 5-day, 20 deg. C",19,mg/L,02/28/2017,1,99999,>,19,03/14/2017,,,3601680586,53,C3,,,,,,,7A,N,7 DA AVG
NM0020583,3,2200016809,3604565780,TX1,2200016809,Q,1,3651140135,0,3626637156,3614968190,,,,,,D80,"DMR, Monitor Only - Overdue",TEM3D,Low Flow Pass/Fail Static Renewal 48Hr Acute Daphnia pulex,9A,pass=0;fail=1,06/30/2016,3,,=,9A,08/25/2016,41,,2200047808,0,C1,,,,,,,4E,,48HR MIN
NM0020583,0,3602878711,3680539883,001,3602878711,A,1,3920643763,1.573,3837049228,3728228559,,,.370918,,,E90,"DMR, Limited - Numeric Violation",00720,"Cyanide, total [as CN]",01,kg/d,01/31/2025,1,93,=,26,02/18/2025,3,,3606350737,.71414199,Q1,T,TRC Limitations Exceeded,01/31/2025,6,RE - Manual Resolution by Enforcement Action,01/31/2025,3C,A,30DA AVG
NM0020583,1,20044319,21433488,001,20044319,A,1,58087058,652,43874933,27617411,,,.5,,,E90,"DMR, Limited - Numeric Violation",01105,"Aluminum, total [as Al]",19,mg/L,04/30/2003,1,30,,,05/19/2003,4,,20210288,.652,C2,C,Chronic Violation,04/30/2003,2,RE - Back into Compliance,07/31/2003,3C,A,30DA AVG
NM0020583,4,3600830134,3631989136,001,3600830134,A,1,,,,,,,85,,,D90,"DMR, Limited - Overdue",81011,"Solids, suspended percent removal",23,%,12/31/2016,1,,,,,,,3602996646,,C1,,,,,,,MJ,,MO AV MN
NM0000116,3,2200037726,2602759670,001,2200037726,A,1,,,,,,,,,,D80,"DMR, Monitor Only - Overdue",01040,"Copper, dissolved [as Cu]",19,mg/L,10/31/2011,1,,,,,,,2200113547,,C3,K,"Non-receipt Violation, Non-Monthly Average",02/28/2012,0,RE - Automated Administratively Resolved (DMR Non-Receipt Violations),02/28/2014,DD,N,DAILY MX
NM0020583,4,3600830134,3633250099,001,3600830134,A,1,3664421368,864,3653483620,3630077558,,,757.72599363,NOPRMT,"Discharge, Emission Or Activity WO Required Permit",E90,"DMR, Limited - Numeric Violation",00310,"BOD, 5-day, 20 deg. C",01,kg/d,01/31/2018,1,99999,>,26,02/14/2018,,,3601680586,392.2559967,Q1,T,TRC Limitations Exceeded,02/28/2018,2,RE - Back into Compliance,05/31/2018,3C,A,30DA AVG
NM0020583,4,3600830134,3633250099,001,3600830134,A,1,3664421368,864,3653483620,3630077558,,,757.72599363,SSO,Sanitary Sewer Overflows,E90,"DMR, Limited - Numeric Violation",00310,"BOD, 5-day, 20 deg. C",01,kg/d,01/31/2018,1,99999,>,26,02/14/2018,,,3601680586,392.2559967,Q1,T,TRC Limitations Exceeded,02/28/2018,2,RE - Back into Compliance,05/31/2018,3C,A,30DA AVG
NM0028762,3,3600771189,3634099531,001,3600771189,Q,1,3662550655,,3652212923,3629316703,8,,,EFF,"Effluent Limit Violations,Not Otherwise Specified",D80,"DMR, Monitor Only - Overdue",01106,"Aluminum, dissolved [as Al]",01,kg/d,12/31/2017,3,,,,01/22/2018,,,3601725081,,Q2,K,"Non-receipt Violation, Non-Monthly Average",02/28/2018,9,RE - Manual by Back into Compliance/Administratively Resolved,02/28/2018,DD,N,DAILY MX
NM0028762,3,3600771189,3634099531,001,3600771189,Q,1,3662550655,,3652212923,3629316703,8,,,EFF,"Effluent Limit Violations,Not Otherwise Specified",D80,"DMR, Monitor Only - Overdue",01106,"Aluminum, dissolved [as Al]",01,kg/d,12/31/2017,3,,,,01/22/2018,,,3601725081,,Q2,K,"Non-receipt Violation, Non-Monthly Average",02/28/2018,9,RE - Manual by Back into Compliance/Administratively Resolved,02/28/2018,DD,N,DAILY MX
NM0028762,3,3600771189,3634099531,001,3600771189,Q,1,3662550655,,3652212923,3629316703,8,,,NODMR,Failure To Submit DMR,D80,"DMR, Monitor Only - Overdue",01106,"Aluminum, dissolved [as Al]",01,kg/d,12/31/2017,3,,,,01/22/2018,,,3601725081,,Q2,K,"Non-receipt Violation, Non-Monthly Average",02/28/2018,9,RE - Manual by Back into Compliance/Administratively Resolved,02/28/2018,DD,N,DAILY MX
NM0000116,2,20044286,2200766503,001,20044286,A,1,57973382,,2602330259,2601309532,C,,6,,,D90,"DMR, Limited - Overdue",00400,pH,12,SU,08/31/2010,1,,=,,05/27/2011,211,,20209071,,C1,,,,,,,ME,,MINIMUM
NM0028762,3,3600771189,3617539650,001,3600771189,Q,1,3662550638,,3631372705,3617634480,8,,,,,D80,"DMR, Monitor Only - Overdue",01106,"Aluminum, dissolved [as Al]",01,kg/d,12/31/2016,3,,,,12/14/2016,,,3601725081,,Q1,N,Non-Receipt of DMR/Schedule Report,02/28/2017,0,RE - Automated Administratively Resolved (DMR Non-Receipt Violations),02/28/2019,MK,A,MO AVG
NM0020583,1,20044319,600702097,001,20044319,A,0,58088209,504,43874769,27617641,,,,,,D80,"DMR, Monitor Only - Overdue",70295,"Solids, total dissolved",19,mg/L,12/31/2002,1,,,,03/04/2003,48,,20210292,504,C3,K,"Non-receipt Violation, Non-Monthly Average",02/14/2003,2,RE - Back into Compliance,03/04/2003,7A,N,7 DA AVG
NM0028762,2,1800023151,2601686025,001,1800023151,Q,1,1805556578,,2604219651,2602303629,X,,,,,D80,"DMR, Monitor Only - Overdue",70295,"Solids, total dissolved",01,kg/d,06/30/2011,3,,,,07/25/2011,,,1800044064,,Q1,N,Non-Receipt of DMR/Schedule Report,08/28/2011,0,RE - Automated Administratively Resolved (DMR Non-Receipt Violations),08/28/2013,MK,A,MO AVG
NM0028762,1,20044410,1400422699,001,20044410,A,1,606948075,7.01,2603209460,2601767271,,,9,,,D90,"DMR, Limited - Overdue",00400,pH,12,SU,08/31/2008,1,,=,,06/27/2011,972,,600097477,7.01,C3,K,"Non-receipt Violation, Non-Monthly Average",11/28/2008,2,RE - Back into Compliance,06/27/2011,MB,N,MAXIMUM
NM0020583,4,3600830134,3633250093,001,3600830134,A,1,3664421370,6.4,3653483597,3630077550,,,6.6,NOPRMT,"Discharge, Emission Or Activity WO Required Permit",E90,"DMR, Limited - Numeric Violation",00400,pH,12,SU,01/31/2018,1,,=,12,02/14/2018,,,3601680590,6.4,C1,,,,,,,ME,,MINIMUM
NM0020583,4,3600830134,3633250093,001,3600830134,A,1,3664421370,6.4,3653483597,3630077550,,,6.6,SSO,Sanitary Sewer Overflows,E90,"DMR, Limited - Numeric Violation",00400,pH,12,SU,01/31/2018,1,,=,12,02/14/2018,,,3601680590,6.4,C1,,,,,,,ME,,MINIMUM
NM0020583,1,20044319,21433434,001,20044319,A,1,58086654,47.26,43874794,27617330,,,45,,,E90,"DMR, Limited - Numeric Violation",00530,"Solids, total suspended",19,mg/L,01/31/2003,1,5,,,02/19/2003,4,,20210287,47.26,C3,,,,,,,7A,N,7 DA AVG
NM0020583,1,20044319,21433328,001,20044319,A,1,58086543,34.65,43873803,27617308,,,30,,,E90,"DMR, Limited - Numeric Violation",00530,"Solids, total suspended",19,mg/L,03/31/2001,1,15,,,04/16/2001,1,,20210287,34.65,C2,C,Chronic Violation,03/31/2001,2,RE - Back into Compliance,06/30/2001,3C,A,30DA AVG
NM0028762,2,1800023151,3638729255,001,1800023151,A,1,3600454259,3.20256,3629483254,3616573929,,,,,,D80,"DMR, Monitor Only - Overdue",00530,"Solids, total suspended",01,kg/d,07/31/2016,1,,=,26,10/11/2018,713,,1800044065,1.45396223,Q2,K,"Non-receipt Violation, Non-Monthly Average",11/28/2016,2,RE - Back into Compliance,10/11/2018,DD,N,DAILY MX
NM0028762,1,20044410,1401067219,001,20044410,A,1,1000774070,1.8,1403077782,1401739159,,,.5,,,E90,"DMR, Limited - Numeric Violation",01105,"Aluminum, total [as Al]",19,mg/L,02/28/2009,1,260,=,,04/21/2009,,,600097487,1.8,C2,T,TRC Limitations Exceeded,02/28/2009,2,RE - Back into Compliance,05/31/2009,MK,A,MO AVG
NM0000116,1,20044287,200000882,001,20044287,A,1,,,,,,,.000012,,,D90,"DMR, Limited - Overdue",71900,"Mercury, total [as Hg]",19,mg/L,02/28/2006,1,,,,,,,20209093,,C3,K,"Non-receipt Violation, Non-Monthly Average",05/29/2006,0,RE - Automated Administratively Resolved (DMR Non-Receipt Violations),09/30/2011,DD,N,DAILY MX
NM0020583,4,3600830134,3648044837,001,3600830134,A,1,3664422101,387,3708939594,3658376997,,,235,,,E90,"DMR, Limited - Numeric Violation",51040,E. coli,30,MPN/100mL,01/31/2020,1,65,=,3Z,02/12/2020,,,3601680592,387,C3,,,,,,,DD,N,DAILY MX
NM0020583,1,20044319,21433339,001,20044319,A,1,58086589,48.1,43874209,27617317,,,45,,,E90,"DMR, Limited - Numeric Violation",00530,"Solids, total suspended",19,mg/L,12/31/2001,1,7,,,01/24/2002,9,,20210287,48.1,C3,,,,,,,7A,N,7 DA AVG
NM0000116,4,3600693178,3631819948,001,3600693178,A,1,3632001619,,3647763591,3626794257,E,,,,,D80,"DMR, Monitor Only - Overdue",50050,"Flow, in conduit or thru treatment plant",03,MGD,09/30/2017,1,,,,10/18/2017,,,3601250776,,Q2,K,"Non-receipt Violation, Non-Monthly Average",11/28/2017,9,RE - Manual by Back into Compliance/Administratively Resolved,11/28/2019,DD,N,DAILY MX
NM0000116,1,20044287,200000824,001,20044287,A,1,,,,,,,,,,D80,"DMR, Monitor Only - Overdue",01062,"Molybdenum, total [as Mo]",19,mg/L,02/28/2006,1,,,,,,,20209089,,C3,K,"Non-receipt Violation, Non-Monthly Average",05/29/2006,0,RE - Automated Administratively Resolved (DMR Non-Receipt Violations),09/30/2011,DD,N,DAILY MX
NM0000116,3,2200037726,2602759666,001,2200037726,A,1,,,,,,,.00075,,,D90,"DMR, Limited - Overdue",01105,"Aluminum, total [as Al]",19,mg/L,10/31/2011,1,,,,,,,2200113509,,C3,K,"Non-receipt Violation, Non-Monthly Average",02/28/2012,0,RE - Automated Administratively Resolved (DMR Non-Receipt Violations),02/28/2014,DD,N,DAILY MX
NM0000116,1,20044287,200000770,001,20044287,A,1,,,,,,,9,,,D90,"DMR, Limited - Overdue",00400,pH,12,SU,02/28/2006,1,,,,,,,20209084,,C3,K,"Non-receipt Violation, Non-Monthly Average",05/29/2006,0,RE - Automated Administratively Resolved (DMR Non-Receipt Violations),09/30/2011,MB,N,MAXIMUM
NM0020583,4,3600830134,3640412991,001,3600830134,A,1,3664421729,361,3684298101,3645549193,,,1136.81599045,NOPRMT,"Discharge, Emission Or Activity WO Required Permit",E90,"DMR, Limited - Numeric Violation",00310,"BOD, 5-day, 20 deg. C",01,kg/d,01/31/2019,1,99999,>,26,02/14/2019,,,3601680586,163.89399862,Q2,,,,,,,7A,N,7 DA AVG
NM0020583,4,3600830134,3640412991,001,3600830134,A,1,3664421729,361,3684298101,3645549193,,,1136.81599045,SSO,Sanitary Sewer Overflows,E90,"DMR, Limited - Numeric Violation",00310,"BOD, 5-day, 20 deg. C",01,kg/d,01/31/2019,1,99999,>,26,02/14/2019,,,3601680586,163.89399862,Q2,,,,,,,7A,N,7 DA AVG
NM0000116,3,2200037726,2602759694,004,2200037726,A,1,,,,,,,9,,,D90,"DMR, Limited - Overdue",00400,pH,12,SU,10/31/2011,1,,,,,,,2200113551,,C3,K,"Non-receipt Violation, Non-Monthly Average",02/28/2012,0,RE - Automated Administratively Resolved (DMR Non-Receipt Violations),02/28/2014,MB,N,MAXIMUM
NM0000116,2,20044286,2200766479,001,20044286,A,1,57974329,,2602330263,2601309535,C,,,,,D80,"DMR, Monitor Only - Overdue",01022,"Boron, total [as B]",19,mg/L,08/31/2010,1,,=,,05/27/2011,211,,20209074,,C3,K,"Non-receipt Violation, Non-Monthly Average",11/28/2010,2,RE - Back into Compliance,05/27/2011,DD,N,DAILY MX
NM0020583,3,2200016809,3601088943,SLL,2200016809,A,SL,2203563081,,3631452479,3617679369,C,,,,,D80,"DMR, Monitor Only - Overdue",84369,Description of pathogen option used,3Y,alt #,12/31/2014,12,,,,12/16/2016,666,,2200047794,,C3,K,"Non-receipt Violation, Non-Monthly Average",03/22/2015,2,RE - Back into Compliance,12/16/2016,VA,N,VALUE
NM0000116,3,2200037726,2600058205,004,2200037726,A,1,2205474583,,2602330240,2601309520,C,,9,,,D90,"DMR, Limited - Overdue",00400,pH,12,SU,12/31/2010,1,,=,,05/27/2011,118,,2200113551,,C3,K,"Non-receipt Violation, Non-Monthly Average",02/28/2011,2,RE - Back into Compliance,05/27/2011,MB,N,MAXIMUM
NM0020583,3,2200016809,3600416929,001,2200016809,A,2,2203563782,455,3602159394,3601204594,,,400,,,E90,"DMR, Limited - Numeric Violation",70295,"Solids, total dissolved",19,mg/L,11/30/2014,1,14,=,19,12/15/2014,,,2200047762,455,C2,C,Chronic Violation,11/30/2014,2,RE - Back into Compliance,09/30/2016,3C,A,30DA AVG
NM0020583,4,3600830134,3631989131,001,3600830134,A,1,,,,,,,85,,,D90,"DMR, Limited - Overdue",81010,"BOD, 5-day, percent removal",23,%,06/30/2017,1,,,,,,,3602996645,,C1,,,,,,,MJ,,MO AV MN
NM0020583,1,20044319,600702100,001,20044319,A,0,58088029,584,43873149,27617605,,,,,,D80,"DMR, Monitor Only - Overdue",70295,"Solids, total dissolved",19,mg/L,12/31/1999,1,,,,06/23/2000,99,,20210292,584,C3,K,"Non-receipt Violation, Non-Monthly Average",02/14/2000,2,RE - Back into Compliance,06/23/2000,7A,N,7 DA AVG
NM0000116,3,2200037726,3600828707,004,2200037726,A,1,,,,,,,9,,,D90,"DMR, Limited - Overdue",00400,pH,12,SU,11/30/2014,1,,,,,,,2200113551,,C3,K,"Non-receipt Violation, Non-Monthly Average",02/28/2015,B,RE - Manual by EPA/State/Tribal Action,12/31/2016,MB,N,MAXIMUM
NM0020583,0,3602878711,3683354975,001,3602878711,A,1,3920642890,380,3848301380,3734262687,,,1136.81599045,,,E90,"DMR, Limited - Numeric Violation",00310,"BOD, 5-day, 20 deg. C",01,kg/d,06/30/2025,1,99999,>,26,07/08/2025,,,3606239979,172.51999855,Q2,,,,,,,7A,N,7 DA AVG
NM0000116,3,2200037726,3403704685,TX4,2200037726,Y,1,2205473219,,3607901504,3604420917,C,,,,,D80,"DMR, Monitor Only - Overdue",TQM3D,Coef Of Var Static Renewal 48Hr Acute D. pulex,23,%,11/30/2013,12,,=,,05/13/2015,500,,2200113542,,C1,,,,,,,4E,,48HR MIN
NM0020583,3,2200016809,3402894772,001,2200016809,A,2,2203563740,477,3412041669,3406935303,,,400,EFF,"Effluent Limit Violations,Not Otherwise Specified",E90,"DMR, Limited - Numeric Violation",70295,"Solids, total dissolved",19,mg/L,09/30/2013,1,19,=,19,10/18/2013,3,,2200047762,477,C2,C,Chronic Violation,09/30/2013,5,RE - Resolved RP by NPDES Closure of Enf. Action Final Order with Comp. Schedule,05/02/2023,3C,A,30DA AVG
NM0028762,1,20044410,1000202008,001,20044410,A,1,606948500,.63,1000688454,1000394993,,,.5,,,E90,"DMR, Limited - Numeric Violation",01105,"Aluminum, total [as Al]",19,mg/L,10/31/2007,1,26,=,,01/22/2008,,,600097487,.63,C2,,,,,,,MK,A,MO AVG
NM0000116,3,2200037726,2602625003,TX4,2200037726,Y,1,2205473199,,3607901494,3604420912,C,,,,,D80,"DMR, Monitor Only - Overdue",TQM3D,Coef Of Var Static Renewal 48Hr Acute D. pulex,23,%,11/30/2011,12,,=,,05/13/2015,1231,,2200113542,,C1,,,,,,,4E,,48HR MIN
NM0028762,3,3600771189,3639473466,001,3600771189,Q,1,3662550664,,3676107680,3640927931,8,,,EFF,"Effluent Limit Violations,Not Otherwise Specified",D80,"DMR, Monitor Only - Overdue",01106,"Aluminum, dissolved [as Al]",19,mg/L,09/30/2018,3,,,,10/11/2018,,,3601725081,,C2,N,Non-Receipt of DMR/Schedule Report,11/28/2018,0,RE - Automated Administratively Resolved (DMR Non-Receipt Violations),11/28/2020,MK,A,MO AVG
NM0028762,3,3600771189,3639473466,001,3600771189,Q,1,3662550664,,3676107680,3640927931,8,,,EFF,"Effluent Limit Violations,Not Otherwise Specified",D80,"DMR, Monitor Only - Overdue",01106,"Aluminum, dissolved [as Al]",19,mg/L,09/30/2018,3,,,,10/11/2018,,,3601725081,,C2,N,Non-Receipt of DMR/Schedule Report,11/28/2018,0,RE - Automated Administratively Resolved (DMR Non-Receipt Violations),11/28/2020,MK,A,MO AVG
NM0028762,3,3600771189,3639473466,001,3600771189,Q,1,3662550664,,3676107680,3640927931,8,,,NODMR,Failure To Submit DMR,D80,"DMR, Monitor Only - Overdue",01106,"Aluminum, dissolved [as Al]",19,mg/L,09/30/2018,3,,,,10/11/2018,,,3601725081,,C2,N,Non-Receipt of DMR/Schedule Report,11/28/2018,0,RE - Automated Administratively Resolved (DMR Non-Receipt Violations),11/28/2020,MK,A,MO AVG
NM0028762,3,3600771189,3639473466,001,3600771189,Q,1,3662550664,,3676107680,3640927931,8,,,EFF,"Effluent Limit Violations,Not Otherwise Specified",D80,"DMR, Monitor Only - Overdue",01106,"Aluminum, dissolved [as Al]",19,mg/L,09/30/2018,3,,,,10/11/2018,,,3601725081,,C2,N,Non-Receipt of DMR/Schedule Report,11/28/2018,0,RE - Automated Administratively Resolved (DMR Non-Receipt Violations),11/28/2020,MK,A,MO AVG
NM0028762,3,3600771189,3639473466,001,3600771189,Q,1,3662550664,,3676107680,3640927931,8,,,NODMR,Failure To Submit DMR,D80,"DMR, Monitor Only - Overdue",01106,"Aluminum, dissolved [as Al]",19,mg/L,09/30/2018,3,,,,10/11/2018,,,3601725081,,C2,N,Non-Receipt of DMR/Schedule Report,11/28/2018,0,RE - Automated Administratively Resolved (DMR Non-Receipt Violations),11/28/2020,MK,A,MO AVG
NM0028762,1,20044410,1800971743,001,20044410,A,1,1000774284,7.98,2606218242,2603372671,,,9,,,D90,"DMR, Limited - Overdue",00400,pH,12,SU,09/30/2009,1,,=,,09/23/2011,695,,600097477,7.98,C3,K,"Non-receipt Violation, Non-Monthly Average",11/28/2009,2,RE - Back into Compliance,09/23/2011,MB,N,MAXIMUM
NM0000116,0,3602720951,3684345447,001,3602720951,A,1,3896611185,210,3856101772,3738602791,,,50,,,E90,"DMR, Limited - Numeric Violation",00530,"Solids, total suspended",19,mg/L,09/30/2025,1,320,=,19,10/17/2025,,,3605908066,210,C3,,,,,,,DD,N,DAILY MX
NM0020583,3,2200016809,2600809416,001,2200016809,A,2,2203563653,401,2601835458,2601049989,,,400,EFF,"Effluent Limit Violations,Not Otherwise Specified",E90,"DMR, Limited - Numeric Violation",70295,"Solids, total dissolved",19,mg/L,04/30/2011,1,0,=,19,05/13/2011,,,2200047762,401,C2,C,Chronic Violation,04/30/2011,2,RE - Back into Compliance,08/31/2011,3C,A,30DA AVG
NM0020583,3,2200016809,2600809416,001,2200016809,A,2,2203563653,401,2601835458,2601049989,,,400,PRMTVL,Violation Of A Permit Requirement,E90,"DMR, Limited - Numeric Violation",70295,"Solids, total dissolved",19,mg/L,04/30/2011,1,0,=,19,05/13/2011,,,2200047762,401,C2,C,Chronic Violation,04/30/2011,2,RE - Back into Compliance,08/31/2011,3C,A,30DA AVG
NM0020583,2,20044318,1800601675,001,20044318,A,A,1400891206,.02,1801682711,1800947685,,,.019,EFF,"Effluent Limit Violations,Not Otherwise Specified",E90,"DMR, Limited - Numeric Violation",50060,"Chlorine, total residual",19,mg/L,08/31/2009,1,5,=,,09/16/2009,1,,20210279,.02,C3,H,"Chronic Violation, Non-Monthly Average",11/30/2009,2,RE - Back into Compliance,01/31/2010,IA,N,INST MAX
NM0020583,2,20044318,1800601675,001,20044318,A,A,1400891206,.02,1801682711,1800947685,,,.019,PRMTVL,Violation Of A Permit Requirement,E90,"DMR, Limited - Numeric Violation",50060,"Chlorine, total residual",19,mg/L,08/31/2009,1,5,=,,09/16/2009,1,,20210279,.02,C3,H,"Chronic Violation, Non-Monthly Average",11/30/2009,2,RE - Back into Compliance,01/31/2010,IA,N,INST MAX
NM0020583,4,3600830134,3617817921,001,3600830134,A,1,3628321369,117,3635860300,3620220554,,,45,,,E90,"DMR, Limited - Numeric Violation",00530,"Solids, total suspended",19,mg/L,02/28/2017,1,160,=,19,03/14/2017,,,3601680589,117,C3,,,,,,,7A,N,7 DA AVG
NM0000116,2,20044286,600333323,001,20044286,A,1,57973459,148,600842281,600480337,,,50,,,E90,"DMR, Limited - Numeric Violation",00530,"Solids, total suspended",19,mg/L,08/31/2006,1,196,=,,10/31/2006,3,,20209072,148,C3,R,"TRC Limitations Exceeded, Non-Monthly Average",08/31/2006,2,RE - Back into Compliance,03/31/2007,DD,N,DAILY MX
NM0020583,1,20044319,21433448,001,20044319,A,1,58086658,43.51,43874838,27617331,,,30,,,E90,"DMR, Limited - Numeric Violation",00530,"Solids, total suspended",19,mg/L,02/28/2003,1,45,,,03/17/2003,2,,20210287,43.51,C2,T,TRC Limitations Exceeded,02/28/2003,2,RE - Back into Compliance,08/31/2003,3C,A,30DA AVG
NM0020583,3,2200016809,3602015239,001,2200016809,A,2,2203563806,431,3610997559,3606154234,,,400,,,E90,"DMR, Limited - Numeric Violation",70295,"Solids, total dissolved",19,mg/L,07/31/2015,1,8,=,19,08/14/2015,,,2200047762,431,C2,C,Chronic Violation,07/31/2015,2,RE - Back into Compliance,09/30/2016,3C,A,30DA AVG
NM0000116,2,20044286,2200766422,001,20044286,A,1,57974324,,2602330278,2601309548,C,,,,,D80,"DMR, Monitor Only - Overdue",01022,"Boron, total [as B]",19,mg/L,07/31/2010,1,,=,,05/27/2011,211,,20209074,,C3,K,"Non-receipt Violation, Non-Monthly Average",11/28/2010,2,RE - Back into Compliance,05/27/2011,DD,N,DAILY MX
NM0000116,3,2200037726,3600828693,004,2200037726,A,1,,,,,,,50,,,D90,"DMR, Limited - Overdue",00530,"Solids, total suspended",19,mg/L,10/31/2014,1,,,,,,,2200113552,,C3,K,"Non-receipt Violation, Non-Monthly Average",02/28/2015,B,RE - Manual by EPA/State/Tribal Action,12/31/2016,DD,N,DAILY MX
NM0000116,3,2200037726,2602759692,001,2200037726,A,1,,,,,,,,,,D80,"DMR, Monitor Only - Overdue",01040,"Copper, dissolved [as Cu]",19,mg/L,12/31/2011,1,,,,,,,2200113547,,C3,K,"Non-receipt Violation, Non-Monthly Average",02/28/2012,0,RE - Automated Administratively Resolved (DMR Non-Receipt Violations),02/28/2014,DD,N,DAILY MX
NM0000116,1,20044287,200000767,001,20044287,A,1,,,,,,,6,,,D90,"DMR, Limited - Overdue",00400,pH,12,SU,02/28/2006,1,,,,,,,20209084,,C1,,,,,,,ME,,MINIMUM
NM0028762,1,20044410,1400425970,001,20044410,A,1,606948409,1,1403076852,1401738589,,,30,,,D90,"DMR, Limited - Overdue",00530,"Solids, total suspended",19,mg/L,09/30/2008,1,,=,,04/23/2009,177,,600097484,1,C3,K,"Non-receipt Violation, Non-Monthly Average",11/28/2008,2,RE - Back into Compliance,04/23/2009,DD,N,DAILY MX
NM0028762,2,1800023151,1801441540,001,1800023151,Q,1,1805556543,66.6,3002400060,1802070501,,,,,,D80,"DMR, Monitor Only - Overdue",70295,"Solids, total dissolved",01,kg/d,12/31/2009,3,,=,,10/25/2010,269,,1800044064,30.23639975,Q2,K,"Non-receipt Violation, Non-Monthly Average",02/28/2010,2,RE - Back into Compliance,10/25/2010,DD,N,DAILY MX
NM0000116,1,20044287,200000851,001,20044287,A,1,,,,,,,,,,D80,"DMR, Monitor Only - Overdue",01105,"Aluminum, total [as Al]",19,mg/L,03/31/2006,1,,,,,,,20209091,,C3,K,"Non-receipt Violation, Non-Monthly Average",05/29/2006,0,RE - Automated Administratively Resolved (DMR Non-Receipt Violations),09/30/2011,DD,N,DAILY MX
NM0000116,1,20044287,200000760,001,20044287,A,1,,,,,,,6,,,D90,"DMR, Limited - Overdue",00400,pH,12,SU,01/31/2006,1,,,,,,,20209084,,C1,,,,,,,ME,,MINIMUM
NM0020583,4,3600830134,3632002326,001,3600830134,A,1,,,,,,,85,,,D90,"DMR, Limited - Overdue",81010,"BOD, 5-day, percent removal",23,%,10/31/2017,1,,,,,,,3602996645,,C1,,,,,,,MJ,,MO AV MN
NM0000116,1,20044287,200000842,001,20044287,A,1,,,,,,,,,,D80,"DMR, Monitor Only - Overdue",01105,"Aluminum, total [as Al]",19,mg/L,01/31/2006,1,,,,,,,20209091,,C3,K,"Non-receipt Violation, Non-Monthly Average",05/29/2006,0,RE - Automated Administratively Resolved (DMR Non-Receipt Violations),09/30/2011,DD,N,DAILY MX
NM0020583,4,3600830134,3644246093,001,3600830134,A,1,3664422029,552,3702082535,3655166910,,,1136.81599045,,,E90,"DMR, Limited - Numeric Violation",00310,"BOD, 5-day, 20 deg. C",01,kg/d,11/30/2019,1,99999,>,26,12/12/2019,,,3601680586,250.60799789,Q2,,,,,,,7A,N,7 DA AVG
NM0000116,3,2200037726,3400491538,TX1,2200037726,Y,1,2205473168,,3607901347,3604420829,C,,,,,D80,"DMR, Monitor Only - Overdue",TOM3D,NOAEC Lethal Statis Renewal 48 Hr Acute Daphnia pulex,23,%,11/30/2012,12,,=,,05/13/2015,865,,2200113518,,C2,,,,,,,MJ,,MO AV MN
NM0020583,3,2200016809,3601222764,001,2200016809,A,1,2203205017,1216,3606326793,3603545986,,,126,,,E90,"DMR, Limited - Numeric Violation",51040,E. coli,30,MPN/100mL,03/31/2015,1,99999,>,3Z,04/13/2015,,,2200047763,1216,C3,,,,,,,DD,N,DAILY MX
NM0028762,1,20044410,2601150417,001,20044410,A,1,606948487,.82,2602597759,2601443154,,,.75,,,E90,"DMR, Limited - Numeric Violation",01105,"Aluminum, total [as Al]",19,mg/L,03/31/2007,1,9,=,,09/08/2008,499,,600097487,.82,C3,,,,,,,DD,N,DAILY MX
NM0028762,3,3600771189,3640734025,001,3600771189,Q,1,3662550671,,3682282635,3644300268,8,,,EFF,"Effluent Limit Violations,Not Otherwise Specified",D80,"DMR, Monitor Only - Overdue",01106,"Aluminum, dissolved [as Al]",01,kg/d,12/31/2018,3,,,,01/21/2019,,,3601725081,,Q2,K,"Non-receipt Violation, Non-Monthly Average",02/28/2019,0,RE - Automated Administratively Resolved (DMR Non-Receipt Violations),02/28/2021,DD,N,DAILY MX
NM0028762,3,3600771189,3640734025,001,3600771189,Q,1,3662550671,,3682282635,3644300268,8,,,EFF,"Effluent Limit Violations,Not Otherwise Specified",D80,"DMR, Monitor Only - Overdue",01106,"Aluminum, dissolved [as Al]",01,kg/d,12/31/2018,3,,,,01/21/2019,,,3601725081,,Q2,K,"Non-receipt Violation, Non-Monthly Average",02/28/2019,0,RE - Automated Administratively Resolved (DMR Non-Receipt Violations),02/28/2021,DD,N,DAILY MX
NM0028762,3,3600771189,3640734025,001,3600771189,Q,1,3662550671,,3682282635,3644300268,8,,,NODMR,Failure To Submit DMR,D80,"DMR, Monitor Only - Overdue",01106,"Aluminum, dissolved [as Al]",01,kg/d,12/31/2018,3,,,,01/21/2019,,,3601725081,,Q2,K,"Non-receipt Violation, Non-Monthly Average",02/28/2019,0,RE - Automated Administratively Resolved (DMR Non-Receipt Violations),02/28/2021,DD,N,DAILY MX
NM0028762,3,3600771189,3640734025,001,3600771189,Q,1,3662550671,,3682282635,3644300268,8,,,EFF,"Effluent Limit Violations,Not Otherwise Specified",D80,"DMR, Monitor Only - Overdue",01106,"Aluminum, dissolved [as Al]",01,kg/d,12/31/2018,3,,,,01/21/2019,,,3601725081,,Q2,K,"Non-receipt Violation, Non-Monthly Average",02/28/2019,0,RE - Automated Administratively Resolved (DMR Non-Receipt Violations),02/28/2021,DD,N,DAILY MX
NM0028762,3,3600771189,3640734025,001,3600771189,Q,1,3662550671,,3682282635,3644300268,8,,,NODMR,Failure To Submit DMR,D80,"DMR, Monitor Only - Overdue",01106,"Aluminum, dissolved [as Al]",01,kg/d,12/31/2018,3,,,,01/21/2019,,,3601725081,,Q2,K,"Non-receipt Violation, Non-Monthly Average",02/28/2019,0,RE - Automated Administratively Resolved (DMR Non-Receipt Violations),02/28/2021,DD,N,DAILY MX
NM0028762,1,20044410,1400197979,001,20044410,A,A,606948553,94,1000346040,1000200111,,,.019,,,E90,"DMR, Limited - Numeric Violation",50060,"Chlorine, total residual",19,mg/L,03/31/2008,1,395,=,,04/16/2008,,,600097488,.094,C3,R,"TRC Limitations Exceeded, Non-Monthly Average",07/31/2008,2,RE - Back into Compliance,03/31/2009,IA,N,INST MAX
NM0020583,1,20044319,21433393,001,20044319,A,1,58087018,625,43874573,27617403,,,.5,,,E90,"DMR, Limited - Numeric Violation",01105,"Aluminum, total [as Al]",19,mg/L,08/31/2002,1,25,,,09/17/2002,2,,20210288,.625,C2,,,,,,,3C,A,30DA AVG
NM0000116,1,20044287,200000798,001,20044287,A,1,,,,,,,15,,,D90,"DMR, Limited - Overdue",00556,Oil & Grease,19,mg/L,03/31/2006,1,,,,,,,20209086,,C3,K,"Non-receipt Violation, Non-Monthly Average",05/29/2006,0,RE - Automated Administratively Resolved (DMR Non-Receipt Violations),09/30/2011,DD,N,DAILY MX
NM0000116,3,2200037726,3600285105,004,2200037726,A,1,,,,,,,50,,,D90,"DMR, Limited - Overdue",00530,"Solids, total suspended",19,mg/L,07/31/2014,1,,,,,,,2200113552,,C3,K,"Non-receipt Violation, Non-Monthly Average",11/28/2014,B,RE - Manual by EPA/State/Tribal Action,12/31/2016,DD,N,DAILY MX
NM0028762,3,3600771189,3617539671,001,3600771189,Q,1,3662550636,,3631372707,3617634480,8,,,,,D80,"DMR, Monitor Only - Overdue",01106,"Aluminum, dissolved [as Al]",19,mg/L,12/31/2016,3,,,,12/14/2016,,,3601725081,,C2,N,Non-Receipt of DMR/Schedule Report,02/28/2017,0,RE - Automated Administratively Resolved (DMR Non-Receipt Violations),02/28/2019,MK,A,MO AVG
NM0028762,3,3600771189,3659651867,001,3600771189,Q,1,3662550705,,3736678116,3673076174,8,,,EFF,"Effluent Limit Violations,Not Otherwise Specified",D80,"DMR, Monitor Only - Overdue",01106,"Aluminum, dissolved [as Al]",19,mg/L,03/31/2021,3,,,,04/08/2021,,,3601725081,,C3,K,"Non-receipt Violation, Non-Monthly Average",05/29/2021,0,RE - Automated Administratively Resolved (DMR Non-Receipt Violations),05/29/2022,DD,N,DAILY MX
NM0028762,3,3600771189,3659651867,001,3600771189,Q,1,3662550705,,3736678116,3673076174,8,,,NODMR,Failure To Submit DMR,D80,"DMR, Monitor Only - Overdue",01106,"Aluminum, dissolved [as Al]",19,mg/L,03/31/2021,3,,,,04/08/2021,,,3601725081,,C3,K,"Non-receipt Violation, Non-Monthly Average",05/29/2021,0,RE - Automated Administratively Resolved (DMR Non-Receipt Violations),05/29/2022,DD,N,DAILY MX
NM0028762,3,3600771189,3659651867,001,3600771189,Q,1,3662550705,,3736678116,3673076174,8,,,EFF,"Effluent Limit Violations,Not Otherwise Specified",D80,"DMR, Monitor Only - Overdue",01106,"Aluminum, dissolved [as Al]",19,mg/L,03/31/2021,3,,,,04/08/2021,,,3601725081,,C3,K,"Non-receipt Violation, Non-Monthly Average",05/29/2021,0,RE - Automated Administratively Resolved (DMR Non-Receipt Violations),05/29/2022,DD,N,DAILY MX
NM0028762,3,3600771189,3659651867,001,3600771189,Q,1,3662550705,,3736678116,3673076174,8,,,NODMR,Failure To Submit DMR,D80,"DMR, Monitor Only - Overdue",01106,"Aluminum, dissolved [as Al]",19,mg/L,03/31/2021,3,,,,04/08/2021,,,3601725081,,C3,K,"Non-receipt Violation, Non-Monthly Average",05/29/2021,0,RE - Automated Administratively Resolved (DMR Non-Receipt Violations),05/29/2022,DD,N,DAILY MX
NM0028762,3,3600771189,3659651867,001,3600771189,Q,1,3662550705,,3736678116,3673076174,8,,,EFF,"Effluent Limit Violations,Not Otherwise Specified",D80,"DMR, Monitor Only - Overdue",01106,"Aluminum, dissolved [as Al]",19,mg/L,03/31/2021,3,,,,04/08/2021,,,3601725081,,C3,K,"Non-receipt Violation, Non-Monthly Average",05/29/2021,0,RE - Automated Administratively Resolved (DMR Non-Receipt Violations),05/29/2022,DD,N,DAILY MX
NM0020583,3,2200016809,3601383170,001,2200016809,A,2,2203563797,447,3607633727,3604282328,,,400,,,E90,"DMR, Limited - Numeric Violation",70295,"Solids, total dissolved",19,mg/L,04/30/2015,1,12,=,19,05/13/2015,,,2200047762,447,C2,C,Chronic Violation,04/30/2015,2,RE - Back into Compliance,09/30/2016,3C,A,30DA AVG
NM0020583,1,20044319,600697178,001,20044319,A,1,58086468,22.02,43873128,27617293,,,30,,,D90,"DMR, Limited - Overdue",00530,"Solids, total suspended",19,mg/L,12/31/1999,1,,,,06/23/2000,99,,20210287,22.02,C2,N,Non-Receipt of DMR/Schedule Report,02/14/2000,2,RE - Back into Compliance,06/23/2000,3C,A,30DA AVG
NM0000116,1,20044287,601442646,001,20044287,A,1,,,,,,,,,,D80,"DMR, Monitor Only - Overdue",50050,"Flow, in conduit or thru treatment plant",03,MGD,04/30/2006,1,,,,,,,20209092,,Q1,N,Non-Receipt of DMR/Schedule Report,08/28/2006,0,RE - Automated Administratively Resolved (DMR Non-Receipt Violations),09/30/2011,DB,A,DAILY AV
NM0000116,3,2200037726,3400491570,TX1,2200037726,Y,1,2205473170,,3607901349,3604420830,C,,,,,D80,"DMR, Monitor Only - Overdue",TQM3D,Coef Of Var Static Renewal 48Hr Acute D. pulex,23,%,11/30/2012,12,,=,,05/13/2015,865,,2200113521,,C2,,,,,,,MJ,,MO AV MN
NM0020583,3,2200016809,2600371187,001,2200016809,A,1,1807329407,76,2600435231,2600250617,,,45,EFF,"Effluent Limit Violations,Not Otherwise Specified",E90,"DMR, Limited - Numeric Violation",00530,"Solids, total suspended",19,mg/L,02/28/2011,1,69,=,19,03/14/2011,,,2200047764,76,C3,,,,,,,7A,N,7 DA AVG
NM0020583,3,2200016809,2600371187,001,2200016809,A,1,1807329407,76,2600435231,2600250617,,,45,PRMTVL,Violation Of A Permit Requirement,E90,"DMR, Limited - Numeric Violation",00530,"Solids, total suspended",19,mg/L,02/28/2011,1,69,=,19,03/14/2011,,,2200047764,76,C3,,,,,,,7A,N,7 DA AVG
NM0028762,1,20044410,1800971705,001,20044410,A,A,1000774234,,2606218240,2603372670,B,,.019,,,D90,"DMR, Limited - Overdue",50060,"Chlorine, total residual",19,mg/L,08/31/2009,1,,,,09/23/2011,695,,600097488,,C3,K,"Non-receipt Violation, Non-Monthly Average",11/28/2009,2,RE - Back into Compliance,09/23/2011,IA,N,INST MAX
NM0020583,1,20044319,600695258,001,20044319,A,1,58086859,882,43873134,27617371,,,,,,D80,"DMR, Monitor Only - Overdue",01105,"Aluminum, total [as Al]",19,mg/L,12/31/1999,1,,,,06/23/2000,99,,20210289,.882,C3,K,"Non-receipt Violation, Non-Monthly Average",02/14/2000,2,RE - Back into Compliance,06/23/2000,7A,N,7 DA AVG
NM0020583,2,20044318,200002603,TX1,20044318,Q,1,58091013,0,1000665447,1000382515,,,,,,D80,"DMR, Monitor Only - Overdue",TEM6C,LF Pass/Fail Static Renewal 48Hr Acute Pimephales promelas,9A,pass=0;fail=1,03/31/2006,3,,=,,05/16/2006,31,,20210362,0,C2,,,,,,,MJ,,MO AV MN
NM0028762,1,20044410,1000124079,001,20044410,A,A,606948552,35,1000346099,1000200142,,,.019,,,E90,"DMR, Limited - Numeric Violation",50060,"Chlorine, total residual",19,mg/L,02/29/2008,1,84,=,,04/16/2008,,,600097488,.035,C3,R,"TRC Limitations Exceeded, Non-Monthly Average",04/30/2008,2,RE - Back into Compliance,03/31/2009,IA,N,INST MAX
NM0020583,2,20044318,601590779,001,20044318,A,1,601033305,16000,602459537,601408064,,,410,,,E90,"DMR, Limited - Numeric Violation",51040,E. coli,30,MPN/100mL,07/31/2006,1,3802,=,,08/15/2006,,,20210280,16000,C3,,,,,,,DD,N,DAILY MX
NM0020583,3,2200016809,3404906790,001,2200016809,A,2,2203563764,443,3421325243,3412109832,,,400,EFF,"Effluent Limit Violations,Not Otherwise Specified",E90,"DMR, Limited - Numeric Violation",70295,"Solids, total dissolved",19,mg/L,05/31/2014,1,11,=,19,06/13/2014,,,2200047762,443,C2,C,Chronic Violation,05/31/2014,5,RE - Resolved RP by NPDES Closure of Enf. Action Final Order with Comp. Schedule,05/02/2023,3C,A,30DA AVG
NM0028762,2,1800023151,2200094431,001,1800023151,A,1,1805556009,16.3,1806928594,1803911432,,,,,,D80,"DMR, Monitor Only - Overdue",00530,"Solids, total suspended",01,kg/d,06/30/2010,1,,=,,10/25/2010,89,,1800044065,7.40019994,Q1,N,Non-Receipt of DMR/Schedule Report,08/28/2010,2,RE - Back into Compliance,10/25/2010,MK,A,MO AVG
NM0000116,1,20044287,200000775,001,20044287,A,1,,,,,,,9,,,D90,"DMR, Limited - Overdue",00400,pH,12,SU,03/31/2006,1,,,,,,,20209084,,C3,K,"Non-receipt Violation, Non-Monthly Average",05/29/2006,0,RE - Automated Administratively Resolved (DMR Non-Receipt Violations),09/30/2011,MB,N,MAXIMUM
NM0000116,1,20044287,601442848,001,20044287,A,1,,,,,,,6,,,D90,"DMR, Limited - Overdue",00400,pH,12,SU,04/30/2006,1,,,,,,,20209084,,C1,,,,,,,ME,,MINIMUM
NM0000116,1,20044287,200000793,001,20044287,A,1,,,,,,,15,,,D90,"DMR, Limited - Overdue",00556,Oil & Grease,19,mg/L,01/31/2006,1,,,,,,,20209086,,C3,K,"Non-receipt Violation, Non-Monthly Average",05/29/2006,0,RE - Automated Administratively Resolved (DMR Non-Receipt Violations),09/30/2011,DD,N,DAILY MX
NM0000116,1,20044287,200000813,001,20044287,A,1,,,,,,,,,,D80,"DMR, Monitor Only - Overdue",01042,"Copper, total [as Cu]",19,mg/L,01/31/2006,1,,,,,,,20209088,,C3,K,"Non-receipt Violation, Non-Monthly Average",05/29/2006,0,RE - Automated Administratively Resolved (DMR Non-Receipt Violations),09/30/2011,DD,N,DAILY MX
NM0028762,2,1800023151,3638729250,001,1800023151,A,1,3600454234,7.52,3629483249,3616573928,,,6.6,,,D90,"DMR, Limited - Overdue",00400,pH,12,SU,07/31/2016,1,,=,12,10/11/2018,713,,1800044066,7.52,C1,,,,,,,ME,,MINIMUM
NM0020583,1,20044319,21433459,001,20044319,A,1,58085884,47.63,43874874,27617176,,,45,,,E90,"DMR, Limited - Numeric Violation",00310,"BOD, 5-day, 20 deg. C",19,mg/L,03/31/2003,1,6,,,04/16/2003,1,,20210285,47.63,C3,,,,,,,7A,N,7 DA AVG
NM0020583,3,2200016809,3404187344,001,2200016809,A,2,2203563755,506,3417773310,3410114167,,,400,EFF,"Effluent Limit Violations,Not Otherwise Specified",E90,"DMR, Limited - Numeric Violation",70295,"Solids, total dissolved",19,mg/L,02/28/2014,1,27,=,19,03/13/2014,,,2200047762,506,C2,C,Chronic Violation,03/31/2014,5,RE - Resolved RP by NPDES Closure of Enf. Action Final Order with Comp. Schedule,05/02/2023,3C,A,30DA AVG
NM0000116,3,2200037726,3600658720,TX1,2200037726,Y,1,2205473185,,3607901455,3604420894,E,,,,,D80,"DMR, Monitor Only - Overdue",TEM3D,Low Flow Pass/Fail Static Renewal 48Hr Acute Daphnia pulex,9A,pass=0;fail=1,11/30/2014,12,,=,,05/13/2015,135,,2200113522,,C1,,,,,,,4E,,48HR MIN
NM0000116,3,2200037726,3403704704,TX1,2200037726,Y,1,2205473180,,3607901448,3604420890,C,,,,,D80,"DMR, Monitor Only - Overdue",TQM3D,Coef Of Var Static Renewal 48Hr Acute D. pulex,23,%,11/30/2013,12,,=,,05/13/2015,500,,2200113521,,C2,,,,,,,MJ,,MO AV MN
NM0000116,3,2200037726,3600658728,TX4,2200037726,Y,1,2205473228,,3607901513,3604420921,C,,,,,D80,"DMR, Monitor Only - Overdue",TOM3D,NOAEC Lethal Statis Renewal 48 Hr Acute Daphnia pulex,23,%,11/30/2014,12,,=,,05/13/2015,135,,2200113541,,C2,,,,,,,MJ,,MO AV MN
NM0000116,3,2200037726,3600658732,TX4,2200037726,Y,1,2205473226,,3607901511,3604420920,C,,,,,D80,"DMR, Monitor Only - Overdue",TEM3D,Low Flow Pass/Fail Static Renewal 48Hr Acute Daphnia pulex,9A,pass=0;fail=1,11/30/2014,12,,=,,05/13/2015,135,,2200113540,,C2,,,,,,,MJ,,MO AV MN
NM0028762,1,20044410,1800971681,001,20044410,A,1,1000774188,7.88,2606218224,2603372661,,,9,,,D90,"DMR, Limited - Overdue",00400,pH,12,SU,07/31/2009,1,,=,,09/23/2011,695,,600097477,7.88,C3,K,"Non-receipt Violation, Non-Monthly Average",11/28/2009,2,RE - Back into Compliance,09/23/2011,MB,N,MAXIMUM
NM0000116,3,2200037726,2602624915,TX1,2200037726,Y,1,2205473155,,3607901433,3604420883,C,,,,,D80,"DMR, Monitor Only - Overdue",TEM3D,Low Flow Pass/Fail Static Renewal 48Hr Acute Daphnia pulex,9A,pass=0;fail=1,11/30/2011,12,,=,,05/13/2015,1231,,2200113522,,C1,,,,,,,4E,,48HR MIN
NM0020583,4,3600830134,3635750503,001,3600830134,A,1,3664421410,162,3655419303,3631106410,,,126,NOPRMT,"Discharge, Emission Or Activity WO Required Permit",E90,"DMR, Limited - Numeric Violation",51040,E. coli,30,MPN/100mL,02/28/2018,1,99999,>,3Z,03/14/2018,,,3601680592,162,C2,,,,,,,3H,A,30DAVGEO
NM0020583,4,3600830134,3635750503,001,3600830134,A,1,3664421410,162,3655419303,3631106410,,,126,SSO,Sanitary Sewer Overflows,E90,"DMR, Limited - Numeric Violation",51040,E. coli,30,MPN/100mL,02/28/2018,1,99999,>,3Z,03/14/2018,,,3601680592,162,C2,,,,,,,3H,A,30DAVGEO
NM0020583,4,3600830134,3620405860,001,3600830134,A,1,3628321818,83,3638992823,3622088252,,,45,,,E90,"DMR, Limited - Numeric Violation",00310,"BOD, 5-day, 20 deg. C",19,mg/L,04/30/2017,1,84,=,19,05/11/2017,,,3601680586,83,C3,,,,,,,7A,N,7 DA AVG
NM0020583,2,20044318,601210681,001,20044318,A,A,58084749,.02,600759214,600432330,,,.019,,,E90,"DMR, Limited - Numeric Violation",50060,"Chlorine, total residual",19,mg/L,10/31/2006,1,5,=,,11/15/2006,,,20210279,.02,C3,,,,,,,IA,N,INST MAX
NM0020583,3,2200016809,3604565800,TX1,2200016809,Q,1,3651140139,32,3626637160,3614968192,,,,,,D80,"DMR, Monitor Only - Overdue",TOM3D,NOAEC Lethal Statis Renewal 48 Hr Acute Daphnia pulex,23,%,06/30/2016,3,,=,23,08/25/2016,41,,2200047803,32,C1,,,,,,,4E,,48HR MIN
NM0000116,3,2200037726,3600658739,TX4,2200037726,Y,1,2205473230,,3607901515,3604420922,C,,,,,D80,"DMR, Monitor Only - Overdue",TQM3D,Coef Of Var Static Renewal 48Hr Acute D. pulex,23,%,11/30/2014,12,,=,,05/13/2015,135,,2200113542,,C2,,,,,,,MJ,,MO AV MN
NM0020583,4,3600830134,3635750496,001,3600830134,A,1,3664421398,3635,3655419275,3631106401,,,757.72599363,NOPRMT,"Discharge, Emission Or Activity WO Required Permit",E90,"DMR, Limited - Numeric Violation",00310,"BOD, 5-day, 20 deg. C",01,kg/d,02/28/2018,1,118,=,26,03/14/2018,,,3601680586,1650.28998613,Q1,T,TRC Limitations Exceeded,02/28/2018,2,RE - Back into Compliance,05/31/2018,3C,A,30DA AVG
NM0020583,4,3600830134,3635750496,001,3600830134,A,1,3664421398,3635,3655419275,3631106401,,,757.72599363,SSO,Sanitary Sewer Overflows,E90,"DMR, Limited - Numeric Violation",00310,"BOD, 5-day, 20 deg. C",01,kg/d,02/28/2018,1,118,=,26,03/14/2018,,,3601680586,1650.28998613,Q1,T,TRC Limitations Exceeded,02/28/2018,2,RE - Back into Compliance,05/31/2018,3C,A,30DA AVG
NM0020583,2,20044318,601777099,001,20044318,A,1,58085533,4,603150920,601804300,,,100,,,E90,"DMR, Limited - Numeric Violation",74055,"Coliform, fecal general",30,MPN/100mL,11/30/2007,1,99999,>,,12/21/2007,6,,20210283,4,C2,,,,,,,M4,A,MOAV GEO
NM0028762,3,3600771189,3630048039,001,3600771189,Q,1,3655438954,326,3629483586,3616574227,,,,,,D80,"DMR, Monitor Only - Overdue",70295,"Solids, total dissolved",19,mg/L,09/30/2016,3,,=,19,09/28/2017,335,,3601482265,326,C3,K,"Non-receipt Violation, Non-Monthly Average",11/28/2016,2,RE - Back into Compliance,09/28/2017,DD,N,DAILY MX
NM0000116,3,2200037726,3600828627,004,2200037726,A,1,,,,,,,50,,,D90,"DMR, Limited - Overdue",00530,"Solids, total suspended",19,mg/L,12/31/2014,1,,,,,,,2200113552,,C3,K,"Non-receipt Violation, Non-Monthly Average",02/28/2015,B,RE - Manual by EPA/State/Tribal Action,12/31/2016,DD,N,DAILY MX
NM0000116,3,2200037726,3600285136,004,2200037726,A,1,,,,,,,,,,D80,"DMR, Monitor Only - Overdue",50050,"Flow, in conduit or thru treatment plant",03,MGD,07/31/2014,1,,,,,,,2200113553,,Q2,K,"Non-receipt Violation, Non-Monthly Average",11/28/2014,B,RE - Manual by EPA/State/Tribal Action,12/31/2016,DD,N,DAILY MX
NM0028762,2,1800023151,3638729252,001,1800023151,A,1,3600454247,4,3629483251,3616573929,,,20,,,D90,"DMR, Limited - Overdue",00530,"Solids, total suspended",19,mg/L,07/31/2016,1,,<=,19,10/11/2018,713,,1800044065,4,C2,N,Non-Receipt of DMR/Schedule Report,11/28/2016,2,RE - Back into Compliance,10/11/2018,MK,A,MO AVG
NM0028762,3,3600771189,3661263410,001,3600771189,Q,1,3655439106,,3743802920,3676657694,D,,,EFF,"Effluent Limit Violations,Not Otherwise Specified",D80,"DMR, Monitor Only - Overdue",70295,"Solids, total dissolved",19,mg/L,06/30/2021,3,,,,07/13/2021,,,3601482265,,C3,K,"Non-receipt Violation, Non-Monthly Average",08/28/2021,0,RE - Automated Administratively Resolved (DMR Non-Receipt Violations),08/28/2022,DD,N,DAILY MX
NM0028762,3,3600771189,3661263410,001,3600771189,Q,1,3655439106,,3743802920,3676657694,D,,,NODMR,Failure To Submit DMR,D80,"DMR, Monitor Only - Overdue",70295,"Solids, total dissolved",19,mg/L,06/30/2021,3,,,,07/13/2021,,,3601482265,,C3,K,"Non-receipt Violation, Non-Monthly Average",08/28/2021,0,RE - Automated Administratively Resolved (DMR Non-Receipt Violations),08/28/2022,DD,N,DAILY MX
NM0028762,3,3600771189,3661263410,001,3600771189,Q,1,3655439106,,3743802920,3676657694,D,,,EFF,"Effluent Limit Violations,Not Otherwise Specified",D80,"DMR, Monitor Only - Overdue",70295,"Solids, total dissolved",19,mg/L,06/30/2021,3,,,,07/13/2021,,,3601482265,,C3,K,"Non-receipt Violation, Non-Monthly Average",08/28/2021,0,RE - Automated Administratively Resolved (DMR Non-Receipt Violations),08/28/2022,DD,N,DAILY MX
NM0028762,1,20044410,1400136163,001,20044410,A,1,606948516,.55,1400070987,1400039689,,,.5,,,E90,"DMR, Limited - Numeric Violation",01105,"Aluminum, total [as Al]",19,mg/L,06/30/2008,1,10,=,,07/25/2008,,,600097487,.55,C2,V,Other Violation with TRC,06/30/2008,2,RE - Back into Compliance,10/31/2008,MK,A,MO AVG
NM0000116,3,2200037726,3602635966,001,2200037726,A,1,2205473098,75,3614630535,3608196232,,,50,,,E90,"DMR, Limited - Numeric Violation",00530,"Solids, total suspended",19,mg/L,09/30/2015,1,50,=,,10/30/2015,2,,2200113505,75,C3,R,"TRC Limitations Exceeded, Non-Monthly Average",09/30/2015,2,RE - Back into Compliance,01/31/2016,DD,N,DAILY MX
NM0028762,3,3600771189,3647274510,001,3600771189,A,1,3655093104,61,3703688403,3656008053,,,.019,EFF,"Effluent Limit Violations,Not Otherwise Specified",E90,"DMR, Limited - Numeric Violation",50060,"Chlorine, total residual",19,mg/L,11/30/2019,1,221,=,28,01/14/2020,,,3601482269,.061,C3,,,,,,,DD,N,DAILY MX
NM0028762,3,3600771189,3647274510,001,3600771189,A,1,3655093104,61,3703688403,3656008053,,,.019,EFF,"Effluent Limit Violations,Not Otherwise Specified",E90,"DMR, Limited - Numeric Violation",50060,"Chlorine, total residual",19,mg/L,11/30/2019,1,221,=,28,01/14/2020,,,3601482269,.061,C3,,,,,,,DD,N,DAILY MX
NM0028762,3,3600771189,3647274510,001,3600771189,A,1,3655093104,61,3703688403,3656008053,,,.019,NODMR,Failure To Submit DMR,E90,"DMR, Limited - Numeric Violation",50060,"Chlorine, total residual",19,mg/L,11/30/2019,1,221,=,28,01/14/2020,,,3601482269,.061,C3,,,,,,,DD,N,DAILY MX
NM0028762,3,3600771189,3647274510,001,3600771189,A,1,3655093104,61,3703688403,3656008053,,,.019,EFF,"Effluent Limit Violations,Not Otherwise Specified",E90,"DMR, Limited - Numeric Violation",50060,"Chlorine, total residual",19,mg/L,11/30/2019,1,221,=,28,01/14/2020,,,3601482269,.061,C3,,,,,,,DD,N,DAILY MX
NM0028762,3,3600771189,3647274510,001,3600771189,A,1,3655093104,61,3703688403,3656008053,,,.019,NODMR,Failure To Submit DMR,E90,"DMR, Limited - Numeric Violation",50060,"Chlorine, total residual",19,mg/L,11/30/2019,1,221,=,28,01/14/2020,,,3601482269,.061,C3,,,,,,,DD,N,DAILY MX
NM0020583,1,20044319,21433408,001,20044319,A,1,58087033,511,43874708,27617406,,,.5,,,E90,"DMR, Limited - Numeric Violation",01105,"Aluminum, total [as Al]",19,mg/L,11/30/2002,1,2,,,12/16/2002,1,,20210288,.511,C2,C,Chronic Violation,02/28/2003,5,RE - Resolved RP by NPDES Closure of Enf. Action Final Order with Comp. Schedule,05/01/2013,3C,A,30DA AVG
NM0020583,4,3600830134,3635750495,001,3600830134,A,1,3664421397,132,3655419278,3631106401,,,45,NOPRMT,"Discharge, Emission Or Activity WO Required Permit",E90,"DMR, Limited - Numeric Violation",00310,"BOD, 5-day, 20 deg. C",19,mg/L,02/28/2018,1,193,=,19,03/14/2018,,,3601680586,132,C3,,,,,,,7A,N,7 DA AVG
NM0020583,4,3600830134,3635750495,001,3600830134,A,1,3664421397,132,3655419278,3631106401,,,45,SSO,Sanitary Sewer Overflows,E90,"DMR, Limited - Numeric Violation",00310,"BOD, 5-day, 20 deg. C",19,mg/L,02/28/2018,1,193,=,19,03/14/2018,,,3601680586,132,C3,,,,,,,7A,N,7 DA AVG
NM0000116,2,20044286,2200766561,001,20044286,A,1,57974959,,2602330265,2601309537,C,,,,,D80,"DMR, Monitor Only - Overdue",01042,"Copper, total [as Cu]",19,mg/L,08/31/2010,1,,=,,05/27/2011,211,,20209076,,C3,K,"Non-receipt Violation, Non-Monthly Average",11/28/2010,2,RE - Back into Compliance,05/27/2011,DD,N,DAILY MX
NM0000116,3,2200037726,3400491557,TX1,2200037726,Y,1,2205473165,,3607901344,3604420828,C,,,,,D80,"DMR, Monitor Only - Overdue",TEM3D,Low Flow Pass/Fail Static Renewal 48Hr Acute Daphnia pulex,9A,pass=0;fail=1,11/30/2012,12,,=,,05/13/2015,865,,2200113522,,C1,,,,,,,4E,,48HR MIN
NM0020583,1,20044319,21433523,001,20044319,A,1,58087103,735,43875338,27617420,,,.5,,,E90,"DMR, Limited - Numeric Violation",01105,"Aluminum, total [as Al]",19,mg/L,01/31/2004,1,47,,,02/18/2004,3,,20210288,.735,C2,T,TRC Limitations Exceeded,02/29/2004,2,RE - Back into Compliance,07/31/2004,3C,A,30DA AVG
NM0000116,1,20044287,601443241,001,20044287,A,1,,,,,,,,,,D80,"DMR, Monitor Only - Overdue",01042,"Copper, total [as Cu]",19,mg/L,04/30/2006,1,,,,,,,20209088,,C3,K,"Non-receipt Violation, Non-Monthly Average",08/28/2006,0,RE - Automated Administratively Resolved (DMR Non-Receipt Violations),09/30/2011,DD,N,DAILY MX
NM0020583,4,3600830134,3631989142,001,3600830134,A,1,,,,,,,85,,,D90,"DMR, Limited - Overdue",81011,"Solids, suspended percent removal",23,%,09/30/2017,1,,,,,,,3602996646,,C1,,,,,,,MJ,,MO AV MN
NM0020583,3,2200016809,2600371186,001,2200016809,A,1,1807329401,44,2600435230,2600250617,,,30,EFF,"Effluent Limit Violations,Not Otherwise Specified",E90,"DMR, Limited - Numeric Violation",00530,"Solids, total suspended",19,mg/L,02/28/2011,1,47,=,19,03/14/2011,,,2200047764,44,C2,,,,,,,3C,A,30DA AVG
NM0020583,3,2200016809,2600371186,001,2200016809,A,1,1807329401,44,2600435230,2600250617,,,30,PRMTVL,Violation Of A Permit Requirement,E90,"DMR, Limited - Numeric Violation",00530,"Solids, total suspended",19,mg/L,02/28/2011,1,47,=,19,03/14/2011,,,2200047764,44,C2,,,,,,,3C,A,30DA AVG
NM0020583,4,3600830134,3633250098,001,3600830134,A,1,3664421367,41,3653483623,3630077558,,,45,NOPRMT,"Discharge, Emission Or Activity WO Required Permit",E90,"DMR, Limited - Numeric Violation",00310,"BOD, 5-day, 20 deg. C",19,mg/L,01/31/2018,1,99999,>,19,02/14/2018,,,3601680586,41,C3,,,,,,,7A,N,7 DA AVG
NM0020583,4,3600830134,3633250098,001,3600830134,A,1,3664421367,41,3653483623,3630077558,,,45,SSO,Sanitary Sewer Overflows,E90,"DMR, Limited - Numeric Violation",00310,"BOD, 5-day, 20 deg. C",19,mg/L,01/31/2018,1,99999,>,19,02/14/2018,,,3601680586,41,C3,,,,,,,7A,N,7 DA AVG
NM0028762,3,3600771189,3640733982,001,3600771189,Q,1,3662550669,,3682282637,3644300268,8,,,EFF,"Effluent Limit Violations,Not Otherwise Specified",D80,"DMR, Monitor Only - Overdue",01106,"Aluminum, dissolved [as Al]",19,mg/L,12/31/2018,3,,,,01/21/2019,,,3601725081,,C3,K,"Non-receipt Violation, Non-Monthly Average",02/28/2019,9,RE - Manual by Back into Compliance/Administratively Resolved,02/28/2019,DD,N,DAILY MX
NM0028762,3,3600771189,3640733982,001,3600771189,Q,1,3662550669,,3682282637,3644300268,8,,,EFF,"Effluent Limit Violations,Not Otherwise Specified",D80,"DMR, Monitor Only - Overdue",01106,"Aluminum, dissolved [as Al]",19,mg/L,12/31/2018,3,,,,01/21/2019,,,3601725081,,C3,K,"Non-receipt Violation, Non-Monthly Average",02/28/2019,9,RE - Manual by Back into Compliance/Administratively Resolved,02/28/2019,DD,N,DAILY MX
NM0028762,3,3600771189,3640733982,001,3600771189,Q,1,3662550669,,3682282637,3644300268,8,,,NODMR,Failure To Submit DMR,D80,"DMR, Monitor Only - Overdue",01106,"Aluminum, dissolved [as Al]",19,mg/L,12/31/2018,3,,,,01/21/2019,,,3601725081,,C3,K,"Non-receipt Violation, Non-Monthly Average",02/28/2019,9,RE - Manual by Back into Compliance/Administratively Resolved,02/28/2019,DD,N,DAILY MX
NM0000116,2,20044286,2200766485,001,20044286,A,1,57976219,,2602330269,2601309541,C,,,,,D80,"DMR, Monitor Only - Overdue",01105,"Aluminum, total [as Al]",19,mg/L,08/31/2010,1,,=,,05/27/2011,211,,20209080,,C3,K,"Non-receipt Violation, Non-Monthly Average",11/28/2010,2,RE - Back into Compliance,05/27/2011,DD,N,DAILY MX
NM0020583,1,20044319,21433444,001,20044319,A,1,58085879,50.32,43874829,27617175,,,45,,,E90,"DMR, Limited - Numeric Violation",00310,"BOD, 5-day, 20 deg. C",19,mg/L,02/28/2003,1,12,,,03/17/2003,2,,20210285,50.32,C3,,,,,,,7A,N,7 DA AVG
NM0028762,2,1800023151,1802037574,001,1800023151,A,1,1805555985,14.9,1805482616,1803108836,,,,,,D80,"DMR, Monitor Only - Overdue",00530,"Solids, total suspended",01,kg/d,01/31/2010,1,,=,,10/25/2010,180,,1800044065,6.76459994,Q2,K,"Non-receipt Violation, Non-Monthly Average",05/29/2010,2,RE - Back into Compliance,10/25/2010,DD,N,DAILY MX
NM0000116,3,2200037726,3600284987,004,2200037726,A,1,,,,,,,6,,,D90,"DMR, Limited - Overdue",00400,pH,12,SU,09/30/2014,1,,,,,,,2200113551,,C1,,,,,,,ME,,MINIMUM
NM0020583,4,3600830134,3631989122,001,3600830134,A,1,,,,,,,85,,,D90,"DMR, Limited - Overdue",81010,"BOD, 5-day, percent removal",23,%,08/31/2017,1,,,,,,,3602996645,,C1,,,,,,,MJ,,MO AV MN
NM0000116,3,2200037726,2602759663,001,2200037726,A,1,,,,,,,6,,,D90,"DMR, Limited - Overdue",00400,pH,12,SU,10/31/2011,1,,,,,,,2200113507,,C1,,,,,,,ME,,MINIMUM
NM0020583,4,3600830134,3631989127,001,3600830134,A,1,,,,,,,85,,,D90,"DMR, Limited - Overdue",81010,"BOD, 5-day, percent removal",23,%,09/30/2017,1,,,,,,,3602996645,,C1,,,,,,,MJ,,MO AV MN
NM0020583,4,3600830134,3631989126,001,3600830134,A,1,,,,,,,85,,,D90,"DMR, Limited - Overdue",81010,"BOD, 5-day, percent removal",23,%,11/30/2016,1,,,,,,,3602996645,,C1,,,,,,,MJ,,MO AV MN
NM0028762,1,20044410,1800971809,001,20044410,A,A,1000774291,,2606218249,2603372675,X,,.019,,,D90,"DMR, Limited - Overdue",50060,"Chlorine, total residual",19,mg/L,09/30/2009,1,,,,09/23/2011,695,,600097488,,C3,K,"Non-receipt Violation, Non-Monthly Average",11/28/2009,0,RE - Automated Administratively Resolved (DMR Non-Receipt Violations),11/28/2011,IA,N,INST MAX
NM0020583,3,2200016809,3402894771,001,2200016809,A,1,2203565306,500698,3412041649,3406935297,,,31900000000,EFF,"Effluent Limit Violations,Not Otherwise Specified",E90,"DMR, Limited - Numeric Violation",51040,E. coli,9Y,CFU/d,09/30/2013,1,99999,>,9Z,10/18/2013,3,,2200047763,500698000000,Q2,,,,,,,DD,N,DAILY MX
NM0028762,2,1800023151,1802037547,001,1800023151,A,1,1805555989,11.4,1805485376,1803110692,,,,,,D80,"DMR, Monitor Only - Overdue",00530,"Solids, total suspended",01,kg/d,02/28/2010,1,,=,,10/25/2010,180,,1800044065,5.17559996,Q1,N,Non-Receipt of DMR/Schedule Report,05/29/2010,2,RE - Back into Compliance,10/25/2010,MK,A,MO AVG
NM0000116,3,2200037726,3403704728,TX1,2200037726,Y,1,2205473179,,3607901447,3604420890,C,,,,,D80,"DMR, Monitor Only - Overdue",TQM3D,Coef Of Var Static Renewal 48Hr Acute D. pulex,23,%,11/30/2013,12,,=,,05/13/2015,500,,2200113521,,C1,,,,,,,4E,,48HR MIN
NM0020583,2,20044318,600078921,001,20044318,A,1,58085454,16000,600056605,600030343,,,200,,,E90,"DMR, Limited - Numeric Violation",74055,"Coliform, fecal general",30,MPN/100mL,07/31/2006,1,7900,=,,08/15/2006,,,20210283,16000,C3,,,,,,,DD,N,DAILY MX
NM0020583,2,20044318,1800826924,001,20044318,A,A,1400891228,.02,1802423888,1801362366,,,.019,EFF,"Effluent Limit Violations,Not Otherwise Specified",E90,"DMR, Limited - Numeric Violation",50060,"Chlorine, total residual",19,mg/L,09/30/2009,1,5,=,,10/16/2009,1,,20210279,.02,C3,H,"Chronic Violation, Non-Monthly Average",11/30/2009,2,RE - Back into Compliance,01/31/2010,IA,N,INST MAX
NM0020583,2,20044318,1800826924,001,20044318,A,A,1400891228,.02,1802423888,1801362366,,,.019,PRMTVL,Violation Of A Permit Requirement,E90,"DMR, Limited - Numeric Violation",50060,"Chlorine, total residual",19,mg/L,09/30/2009,1,5,=,,10/16/2009,1,,20210279,.02,C3,H,"Chronic Violation, Non-Monthly Average",11/30/2009,2,RE - Back into Compliance,01/31/2010,IA,N,INST MAX
NM0028762,0,3602944933,3674076917,001,3602944933,A,1,3920700738,12,3810178266,3712858049,,,.011,,,E90,"DMR, Limited - Numeric Violation",50060,"Chlorine, total residual",19,mg/L,12/31/2023,1,9,=,28,01/25/2024,,,3606351873,.012,C3,,,,,,,DD,N,DAILY MX
NM0020583,4,3600830134,3637128469,001,3600830134,A,1,3664421460,6.5,3666090912,3635695687,,,6.6,NOPRMT,"Discharge, Emission Or Activity WO Required Permit",E90,"DMR, Limited - Numeric Violation",00400,pH,12,SU,04/30/2018,1,,=,12,05/11/2018,,,3601680590,6.5,C1,,,,,,,ME,,MINIMUM
NM0020583,4,3600830134,3637128469,001,3600830134,A,1,3664421460,6.5,3666090912,3635695687,,,6.6,SSO,Sanitary Sewer Overflows,E90,"DMR, Limited - Numeric Violation",00400,pH,12,SU,04/30/2018,1,,=,12,05/11/2018,,,3601680590,6.5,C1,,,,,,,ME,,MINIMUM
NM0028762,2,1800023151,2602128247,001,1800023151,A,1,1805556118,50,2606773905,2603665472,,,.019,,,E90,"DMR, Limited - Numeric Violation",50060,"Chlorine, total residual",19,mg/L,07/31/2011,1,163,=,,10/24/2011,,,1800044104,.05,C3,,,,,,,DD,N,DAILY MX
NM0028762,1,20044410,1400422701,001,20044410,A,1,606948077,7.02,1403076850,1401738588,,,9,,,D90,"DMR, Limited - Overdue",00400,pH,12,SU,09/30/2008,1,,=,,04/23/2009,177,,600097477,7.02,C3,K,"Non-receipt Violation, Non-Monthly Average",11/28/2008,2,RE - Back into Compliance,04/23/2009,MB,N,MAXIMUM
NM0020583,0,3602878711,3667419806,001,3602878711,A,1,3860918074,2420,3779607517,3695907564,,,235,EFF,"Effluent Limit Violations,Not Otherwise Specified",E90,"DMR, Limited - Numeric Violation",51040,E. coli,30,MPN/100mL,10/31/2022,1,99999,>,3Z,11/14/2022,,,3606239976,2420,C3,,,,,,,DD,N,DAILY MX
NM0020583,1,20044319,21433378,001,20044319,A,1,58085828,34.83,43874378,27617165,,,30,,,E90,"DMR, Limited - Numeric Violation",00310,"BOD, 5-day, 20 deg. C",19,mg/L,04/30/2002,1,16,,,05/17/2002,2,,20210285,34.83,C2,C,Chronic Violation,04/30/2002,2,RE - Back into Compliance,07/31/2002,3C,A,30DA AVG
NM0028762,2,1800023151,3638729260,001,1800023151,A,1,3600454265,.16887,3629483255,3616573930,,,,,,D80,"DMR, Monitor Only - Overdue",50050,"Flow, in conduit or thru treatment plant",03,MGD,07/31/2016,1,,=,03,10/11/2018,713,,1800044068,.16887,Q1,N,Non-Receipt of DMR/Schedule Report,11/28/2016,2,RE - Back into Compliance,10/11/2018,MK,A,MO AVG
NM0020583,1,20044319,21433420,001,20044319,A,1,58087035,24.44,43874750,27617407,,,10.9868,,,E90,"DMR, Limited - Numeric Violation",01105,"Aluminum, total [as Al]",01,kg/d,12/31/2002,1,1,,,03/04/2003,48,,20210288,11.09576,Q1,C,Chronic Violation,02/28/2003,2,RE - Back into Compliance,07/31/2003,3C,A,30DA AVG
NM0020583,3,2200016809,3403388019,001,2200016809,A,1,2203204665,157,3414076595,3408064064,,,126,EFF,"Effluent Limit Violations,Not Otherwise Specified",E90,"DMR, Limited - Numeric Violation",51040,E. coli,30,MPN/100mL,11/30/2013,1,25,=,3Z,12/12/2013,,,2200047763,157,C3,,,,,,,DD,N,DAILY MX
NM0020583,1,20044319,21433344,001,20044319,A,A,58087759,.23,43874224,27617551,,,.099,,,E90,"DMR, Limited - Numeric Violation",50060,"Chlorine, total residual",19,mg/L,12/31/2001,1,132,,,01/24/2002,9,,20210291,.23,C3,R,"TRC Limitations Exceeded, Non-Monthly Average",05/31/2002,2,RE - Back into Compliance,06/30/2002,IA,N,INST MAX
NM0028762,1,20044410,1400421706,001,20044410,A,1,606948523,.74,1403076854,1401738590,,,.75,,,D90,"DMR, Limited - Overdue",01105,"Aluminum, total [as Al]",19,mg/L,09/30/2008,1,,=,,04/23/2009,177,,600097487,.74,C3,K,"Non-receipt Violation, Non-Monthly Average",11/28/2008,2,RE - Back into Compliance,04/23/2009,DD,N,DAILY MX
NM0000116,3,2200037726,3602765057,001,2200037726,A,1,2205474397,,3614630427,3608196168,X,,,,,D80,"DMR, Monitor Only - Overdue",00900,"Hardness, total [as CaCO3]",19,mg/L,07/31/2015,1,,,,10/30/2015,2,,2200113549,,C3,K,"Non-receipt Violation, Non-Monthly Average",11/28/2015,B,RE - Manual by EPA/State/Tribal Action,12/31/2016,DD,N,DAILY MX
NM0000116,2,20044286,2200766493,001,20044286,A,1,57976845,,2602330271,2601309543,C,,,,,D80,"DMR, Monitor Only - Overdue",50050,"Flow, in conduit or thru treatment plant",03,MGD,08/31/2010,1,,=,,05/27/2011,211,,20209082,,Q1,N,Non-Receipt of DMR/Schedule Report,11/28/2010,2,RE - Back into Compliance,05/27/2011,DB,A,DAILY AV
NM0000116,3,2200037726,3600658725,TX1,2200037726,Y,1,2205473190,,3607901460,3604420896,E,,,,,D80,"DMR, Monitor Only - Overdue",TQM3D,Coef Of Var Static Renewal 48Hr Acute D. pulex,23,%,11/30/2014,12,,=,,05/13/2015,135,,2200113521,,C2,,,,,,,MJ,,MO AV MN
NM0000116,2,20044286,2200766449,001,20044286,A,1,57973377,,2602330274,2601309545,C,,6,,,D90,"DMR, Limited - Overdue",00400,pH,12,SU,07/31/2010,1,,=,,05/27/2011,211,,20209071,,C1,,,,,,,ME,,MINIMUM
NM0020583,3,2200016809,2602445515,001,2200016809,A,2,2203563674,454,2608293385,2604492967,,,400,EFF,"Effluent Limit Violations,Not Otherwise Specified",E90,"DMR, Limited - Numeric Violation",70295,"Solids, total dissolved",19,mg/L,11/30/2011,1,14,=,19,12/15/2011,,,2200047762,454,C2,C,Chronic Violation,01/31/2012,5,RE - Resolved RP by NPDES Closure of Enf. Action Final Order with Comp. Schedule,07/17/2025,3C,A,30DA AVG
NM0020583,3,2200016809,2602445515,001,2200016809,A,2,2203563674,454,2608293385,2604492967,,,400,PRMTVL,Violation Of A Permit Requirement,E90,"DMR, Limited - Numeric Violation",70295,"Solids, total dissolved",19,mg/L,11/30/2011,1,14,=,19,12/15/2011,,,2200047762,454,C2,C,Chronic Violation,01/31/2012,5,RE - Resolved RP by NPDES Closure of Enf. Action Final Order with Comp. Schedule,07/17/2025,3C,A,30DA AVG
NM0020583,2,20044318,1400965396,001,20044318,A,A,1400891074,.02,1402596148,1401469259,,,.019,EFF,"Effluent Limit Violations,Not Otherwise Specified",E90,"DMR, Limited - Numeric Violation",50060,"Chlorine, total residual",19,mg/L,02/28/2009,1,5,=,,03/13/2009,,,20210279,.02,C3,H,"Chronic Violation, Non-Monthly Average",02/28/2009,2,RE - Back into Compliance,01/31/2010,IA,N,INST MAX
NM0020583,2,20044318,1400965396,001,20044318,A,A,1400891074,.02,1402596148,1401469259,,,.019,PRMTVL,Violation Of A Permit Requirement,E90,"DMR, Limited - Numeric Violation",50060,"Chlorine, total residual",19,mg/L,02/28/2009,1,5,=,,03/13/2009,,,20210279,.02,C3,H,"Chronic Violation, Non-Monthly Average",02/28/2009,2,RE - Back into Compliance,01/31/2010,IA,N,INST MAX
NM0020583,2,20044318,601777098,001,20044318,A,1,601033337,24196,603150911,601804293,,,410,,,E90,"DMR, Limited - Numeric Violation",51040,E. coli,30,MPN/100mL,11/30/2007,1,99999,>,,12/21/2007,6,,20210280,24196,C3,,,,,,,DD,N,DAILY MX
NM0020583,4,3600830134,3620405862,001,3600830134,A,1,3628321845,88,3638992843,3622088253,,,30,,,E90,"DMR, Limited - Numeric Violation",00530,"Solids, total suspended",19,mg/L,04/30/2017,1,193,=,19,05/11/2017,,,3601680589,88,C2,T,TRC Limitations Exceeded,04/30/2017,2,RE - Back into Compliance,07/31/2017,3C,A,30DA AVG
NM0020583,1,20044319,600695494,001,20044319,A,1,58085688,25.86,43873118,27617137,,,30,,,D90,"DMR, Limited - Overdue",00310,"BOD, 5-day, 20 deg. C",19,mg/L,12/31/1999,1,,,,06/23/2000,99,,20210285,25.86,C2,N,Non-Receipt of DMR/Schedule Report,02/14/2000,2,RE - Back into Compliance,06/23/2000,3C,A,30DA AVG
NM0000116,3,2200037726,2600058176,004,2200037726,A,1,2205474702,,2602330241,2601309521,C,,50,,,D90,"DMR, Limited - Overdue",00530,"Solids, total suspended",19,mg/L,12/31/2010,1,,=,,05/27/2011,118,,2200113552,,C3,K,"Non-receipt Violation, Non-Monthly Average",02/28/2011,2,RE - Back into Compliance,05/27/2011,DD,N,DAILY MX
NM0028762,0,3602944933,3689357597,001,3602944933,A,1,3920701052,39,3872982974,3748421103,,,30,,,E90,"DMR, Limited - Numeric Violation",00530,"Solids, total suspended",19,mg/L,05/31/2026,1,30,=,19,07/06/2026,,,3606351871,39,C3,,,,,,,DD,N,DAILY MX
NM0000116,3,2200037726,3600828652,004,2200037726,A,1,,,,,,,,,,D80,"DMR, Monitor Only - Overdue",50050,"Flow, in conduit or thru treatment plant",03,MGD,11/30/2014,1,,,,,,,2200113553,,Q1,N,Non-Receipt of DMR/Schedule Report,02/28/2015,B,RE - Manual by EPA/State/Tribal Action,12/31/2016,3C,A,30DA AVG
NM0000116,3,2200037726,2602759679,004,2200037726,A,1,,,,,,,9,,,D90,"DMR, Limited - Overdue",00400,pH,12,SU,12/31/2011,1,,,,,,,2200113551,,C3,K,"Non-receipt Violation, Non-Monthly Average",02/28/2012,0,RE - Automated Administratively Resolved (DMR Non-Receipt Violations),02/28/2014,MB,N,MAXIMUM
NM0000116,4,3600693178,3631819954,001,3600693178,A,1,3632001492,,3647763567,3626794244,E,,6,,,D90,"DMR, Limited - Overdue",00400,pH,12,SU,09/30/2017,1,,,,10/18/2017,,,3601250772,,C1,,,,,,,ME,,MINIMUM
NM0020583,4,3600830134,3632002302,001,3600830134,A,1,,,,,,,85,,,D90,"DMR, Limited - Overdue",81011,"Solids, suspended percent removal",23,%,10/31/2017,1,,,,,,,3602996646,,C1,,,,,,,MJ,,MO AV MN
NM0000116,3,2200037726,3600828663,004,2200037726,A,1,,,,,,,,,,D80,"DMR, Monitor Only - Overdue",50050,"Flow, in conduit or thru treatment plant",03,MGD,11/30/2014,1,,,,,,,2200113553,,Q2,K,"Non-receipt Violation, Non-Monthly Average",02/28/2015,B,RE - Manual by EPA/State/Tribal Action,12/31/2016,DD,N,DAILY MX
NM0028762,1,20044410,1800971667,001,20044410,A,1,1000774228,10,2606218234,2603372667,,,20,,,D90,"DMR, Limited - Overdue",00530,"Solids, total suspended",19,mg/L,08/31/2009,1,,<,,09/23/2011,695,,600097484,10,C2,N,Non-Receipt of DMR/Schedule Report,11/28/2009,2,RE - Back into Compliance,09/23/2011,MK,A,MO AVG
NM0028762,1,20044410,1000035824,001,20044410,A,A,606948550,34,1000046254,1000026292,,,.019,,,E90,"DMR, Limited - Numeric Violation",50060,"Chlorine, total residual",19,mg/L,12/31/2007,1,79,=,,01/22/2008,63,,600097488,.034,C3,R,"TRC Limitations Exceeded, Non-Monthly Average",04/30/2008,2,RE - Back into Compliance,03/31/2009,IA,N,INST MAX
NM0028762,2,1800023151,2200094439,001,1800023151,A,1,1805555999,8.3,1806927076,1803910603,,,,,,D80,"DMR, Monitor Only - Overdue",00530,"Solids, total suspended",01,kg/d,04/30/2010,1,,=,,10/25/2010,89,,1800044065,3.76819997,Q1,N,Non-Receipt of DMR/Schedule Report,08/28/2010,2,RE - Back into Compliance,10/25/2010,MK,A,MO AVG
NM0028762,3,3600771189,3626562038,001,3600771189,Q,1,3662550643,,3637218429,3621065981,8,,,EFF,"Effluent Limit Violations,Not Otherwise Specified",D80,"DMR, Monitor Only - Overdue",01106,"Aluminum, dissolved [as Al]",01,kg/d,03/31/2017,3,,,,04/12/2017,,,3601725081,,Q2,K,"Non-receipt Violation, Non-Monthly Average",05/29/2017,0,RE - Automated Administratively Resolved (DMR Non-Receipt Violations),05/29/2019,DD,N,DAILY MX
NM0028762,3,3600771189,3626562038,001,3600771189,Q,1,3662550643,,3637218429,3621065981,8,,,NODMR,Failure To Submit DMR,D80,"DMR, Monitor Only - Overdue",01106,"Aluminum, dissolved [as Al]",01,kg/d,03/31/2017,3,,,,04/12/2017,,,3601725081,,Q2,K,"Non-receipt Violation, Non-Monthly Average",05/29/2017,0,RE - Automated Administratively Resolved (DMR Non-Receipt Violations),05/29/2019,DD,N,DAILY MX
NM0020583,1,20044319,600695262,001,20044319,A,1,58086833,,43872908,27617366,E,,,,,D80,"DMR, Monitor Only - Overdue",01105,"Aluminum, total [as Al]",19,mg/L,07/31/1999,1,,,,01/31/2001,,,20210289,,C2,N,Non-Receipt of DMR/Schedule Report,09/14/1999,9,RE - Manual by Back into Compliance/Administratively Resolved,10/01/1999,3C,A,30DA AVG
NM0028762,1,20044410,1800971696,001,20044410,A,1,1000774191,.38,2606218227,2603372663,,,.5,,,D90,"DMR, Limited - Overdue",01105,"Aluminum, total [as Al]",19,mg/L,07/31/2009,1,,=,,09/23/2011,695,,600097487,.38,C2,N,Non-Receipt of DMR/Schedule Report,11/28/2009,2,RE - Back into Compliance,09/23/2011,MK,A,MO AVG
NM0000116,2,20044286,2200766579,001,20044286,A,1,57975899,,2602330283,2601309553,C,,,,,D80,"DMR, Monitor Only - Overdue",01092,"Zinc, total [as Zn]",19,mg/L,07/31/2010,1,,=,,05/27/2011,211,,20209079,,C3,K,"Non-receipt Violation, Non-Monthly Average",11/28/2010,2,RE - Back into Compliance,05/27/2011,DD,N,DAILY MX
NM0028762,1,20044410,1400420591,001,20044410,A,1,606948293,.4,2603209467,2601767275,,,,,,D80,"DMR, Monitor Only - Overdue",50050,"Flow, in conduit or thru treatment plant",03,MGD,08/31/2008,1,,=,,06/27/2011,972,,600097481,.4,Q2,K,"Non-receipt Violation, Non-Monthly Average",11/28/2008,2,RE - Back into Compliance,06/27/2011,DD,N,DAILY MX
NM0020583,0,3602878711,3680285544,001,3602878711,A,1,3920643757,41,3834617624,3726695384,,,.01467,,,E90,"DMR, Limited - Numeric Violation",00720,"Cyanide, total [as CN]",19,mg/L,12/31/2024,1,179,=,28,01/15/2025,,,3606350737,.041,C2,T,TRC Limitations Exceeded,01/31/2025,6,RE - Manual Resolution by Enforcement Action,01/31/2025,3C,A,30DA AVG
NM0020583,2,20044318,1801080323,001,20044318,A,A,1400891250,.09,1802815476,1801574494,,,.019,EFF,"Effluent Limit Violations,Not Otherwise Specified",E90,"DMR, Limited - Numeric Violation",50060,"Chlorine, total residual",19,mg/L,10/31/2009,1,374,=,,11/16/2009,1,,20210279,.09,C3,R,"TRC Limitations Exceeded, Non-Monthly Average",10/31/2009,2,RE - Back into Compliance,01/31/2010,IA,N,INST MAX
NM0020583,2,20044318,1801080323,001,20044318,A,A,1400891250,.09,1802815476,1801574494,,,.019,PRMTVL,Violation Of A Permit Requirement,E90,"DMR, Limited - Numeric Violation",50060,"Chlorine, total residual",19,mg/L,10/31/2009,1,374,=,,11/16/2009,1,,20210279,.09,C3,R,"TRC Limitations Exceeded, Non-Monthly Average",10/31/2009,2,RE - Back into Compliance,01/31/2010,IA,N,INST MAX
NM0020583,0,3602878711,3685685678,001,3602878711,Q,1,3920643908,,3860463823,3741058070,P,,,,,D80,"DMR, Monitor Only - Overdue",39032,Pentachlorophenol,19,mg/L,11/30/2025,3,,,,12/15/2025,,,3606350740,,C3,K,"Non-receipt Violation, Non-Monthly Average",01/15/2026,3,RP - Due to Formal Enforcement Action Final Order with Compliance Schedule,04/16/2026,7A,N,7 DA AVG
NM0020583,4,3600830134,3635750502,001,3600830134,A,1,3734714615,75,3655419291,3631106406,,,85,NOPRMT,"Discharge, Emission Or Activity WO Required Permit",E90,"DMR, Limited - Numeric Violation",81011,"Solids, suspended percent removal",23,%,02/28/2018,1,67,=,23,03/14/2018,,,3602996646,75,C1,,,,,,,MJ,,MO AV MN
NM0020583,4,3600830134,3635750502,001,3600830134,A,1,3734714615,75,3655419291,3631106406,,,85,SSO,Sanitary Sewer Overflows,E90,"DMR, Limited - Numeric Violation",81011,"Solids, suspended percent removal",23,%,02/28/2018,1,67,=,23,03/14/2018,,,3602996646,75,C1,,,,,,,MJ,,MO AV MN
NM0020583,4,3600830134,3632503395,001,3600830134,A,1,3628324090,46,3651735994,3629043556,,,45,NOPRMT,"Discharge, Emission Or Activity WO Required Permit",E90,"DMR, Limited - Numeric Violation",00310,"BOD, 5-day, 20 deg. C",19,mg/L,12/31/2017,1,2,=,19,01/12/2018,,,3601680586,46,C3,,,,,,,7A,N,7 DA AVG
NM0020583,4,3600830134,3632503395,001,3600830134,A,1,3628324090,46,3651735994,3629043556,,,45,SSO,Sanitary Sewer Overflows,E90,"DMR, Limited - Numeric Violation",00310,"BOD, 5-day, 20 deg. C",19,mg/L,12/31/2017,1,2,=,19,01/12/2018,,,3601680586,46,C3,,,,,,,7A,N,7 DA AVG
NM0020583,2,20044318,200002608,TX1,20044318,Q,1,58091172,31.2,1000665450,1000382517,,,,,,D80,"DMR, Monitor Only - Overdue",TOM6C,NOAEC Lethal Static Renewal 48Hr acute Pimephales promelas,23,%,03/31/2006,3,,=,,05/16/2006,31,,20210364,31.2,C1,,,,,,,4E,,48HR MIN
NM0020583,0,3602878711,3689070790,TX1,3602878711,Q,1,3920662116,31,3867141974,3744889860,,,,,,D80,"DMR, Monitor Only - Overdue",TOM6C,NOAEC Lethal Static Renewal 48Hr acute Pimephales promelas,23,%,02/28/2026,3,,=,23,06/15/2026,92,,3606351404,31,C3,K,"Non-receipt Violation, Non-Monthly Average",04/15/2026,2,RE - Back into Compliance,06/15/2026,VA,N,VALUE
NM0020583,1,20044319,21433308,001,20044319,A,1,58086533,35.92,43873713,27617306,,,30,,,E90,"DMR, Limited - Numeric Violation",00530,"Solids, total suspended",19,mg/L,01/31/2001,1,20,,,02/20/2001,5,,20210287,35.92,C2,C,Chronic Violation,03/31/2001,2,RE - Back into Compliance,06/30/2001,3C,A,30DA AVG
NM0000116,3,2200037726,3602635967,001,2200037726,A,1,2205473106,1,3614630539,3608196236,,,.00075,,,E90,"DMR, Limited - Numeric Violation",01105,"Aluminum, total [as Al]",19,mg/L,09/30/2015,1,33,=,,10/30/2015,2,,2200113509,.001,C3,,,,,,,DD,N,DAILY MX
NM0028762,3,3600771189,3630256344,001,3600771189,A,1,3600454418,11,3629483582,3616574226,,,.019,,,D90,"DMR, Limited - Overdue",50060,"Chlorine, total residual",19,mg/L,09/30/2016,1,,=,28,10/17/2017,354,,3601482269,.011,C3,K,"Non-receipt Violation, Non-Monthly Average",11/28/2016,2,RE - Back into Compliance,10/17/2017,DD,N,DAILY MX
NM0020583,2,20044318,1800826926,001,20044318,A,1,1400891233,470,1802423893,1801362369,,,200,EFF,"Effluent Limit Violations,Not Otherwise Specified",E90,"DMR, Limited - Numeric Violation",74055,"Coliform, fecal general",30,MPN/100mL,09/30/2009,1,135,=,,10/16/2009,1,,20210283,470,C3,,,,,,,DD,N,DAILY MX
NM0020583,2,20044318,1800826926,001,20044318,A,1,1400891233,470,1802423893,1801362369,,,200,PRMTVL,Violation Of A Permit Requirement,E90,"DMR, Limited - Numeric Violation",74055,"Coliform, fecal general",30,MPN/100mL,09/30/2009,1,135,=,,10/16/2009,1,,20210283,470,C3,,,,,,,DD,N,DAILY MX
NM0020583,3,2200016809,3405785899,001,2200016809,A,2,2203563776,412,3425378518,3414343263,,,400,,,E90,"DMR, Limited - Numeric Violation",70295,"Solids, total dissolved",19,mg/L,09/30/2014,1,3,=,19,10/09/2014,,,2200047762,412,C2,C,Chronic Violation,09/30/2014,2,RE - Back into Compliance,09/30/2016,3C,A,30DA AVG
NM0000116,2,20044286,2200766597,001,20044286,A,1,57976534,,2602330270,2601309542,C,,,,,D80,"DMR, Monitor Only - Overdue",01147,"Selenium, total [as Se]",19,mg/L,08/31/2010,1,,=,,05/27/2011,211,,20209081,,C3,K,"Non-receipt Violation, Non-Monthly Average",11/28/2010,2,RE - Back into Compliance,05/27/2011,DD,N,DAILY MX
NM0028762,3,3600771189,3629239952,001,3600771189,Q,1,3662550645,,3644593998,3625022882,8,,,EFF,"Effluent Limit Violations,Not Otherwise Specified",D80,"DMR, Monitor Only - Overdue",01106,"Aluminum, dissolved [as Al]",19,mg/L,06/30/2017,3,,,,08/07/2017,10,,3601725081,,C3,K,"Non-receipt Violation, Non-Monthly Average",08/28/2017,0,RE - Automated Administratively Resolved (DMR Non-Receipt Violations),08/28/2019,DD,N,DAILY MX
NM0028762,3,3600771189,3629239952,001,3600771189,Q,1,3662550645,,3644593998,3625022882,8,,,EFF,"Effluent Limit Violations,Not Otherwise Specified",D80,"DMR, Monitor Only - Overdue",01106,"Aluminum, dissolved [as Al]",19,mg/L,06/30/2017,3,,,,08/07/2017,10,,3601725081,,C3,K,"Non-receipt Violation, Non-Monthly Average",08/28/2017,0,RE - Automated Administratively Resolved (DMR Non-Receipt Violations),08/28/2019,DD,N,DAILY MX
NM0028762,3,3600771189,3629239952,001,3600771189,Q,1,3662550645,,3644593998,3625022882,8,,,NODMR,Failure To Submit DMR,D80,"DMR, Monitor Only - Overdue",01106,"Aluminum, dissolved [as Al]",19,mg/L,06/30/2017,3,,,,08/07/2017,10,,3601725081,,C3,K,"Non-receipt Violation, Non-Monthly Average",08/28/2017,0,RE - Automated Administratively Resolved (DMR Non-Receipt Violations),08/28/2019,DD,N,DAILY MX
NM0028762,1,20044410,1400423743,001,20044410,A,1,606948072,7.01,1403076418,1401738336,,,6.6,,,D90,"DMR, Limited - Overdue",00400,pH,12,SU,07/31/2008,1,,=,,04/23/2009,177,,600097477,7.01,C1,,,,,,,ME,,MINIMUM
NM0028762,3,3600771189,3641783633,001,3600771189,Q,1,3662550674,,3688124718,3647589504,8,,,EFF,"Effluent Limit Violations,Not Otherwise Specified",D80,"DMR, Monitor Only - Overdue",01106,"Aluminum, dissolved [as Al]",01,kg/d,03/31/2019,3,,,,04/18/2019,,,3601725081,,Q1,N,Non-Receipt of DMR/Schedule Report,05/29/2019,0,RE - Automated Administratively Resolved (DMR Non-Receipt Violations),05/29/2021,MK,A,MO AVG
NM0028762,3,3600771189,3641783633,001,3600771189,Q,1,3662550674,,3688124718,3647589504,8,,,EFF,"Effluent Limit Violations,Not Otherwise Specified",D80,"DMR, Monitor Only - Overdue",01106,"Aluminum, dissolved [as Al]",01,kg/d,03/31/2019,3,,,,04/18/2019,,,3601725081,,Q1,N,Non-Receipt of DMR/Schedule Report,05/29/2019,0,RE - Automated Administratively Resolved (DMR Non-Receipt Violations),05/29/2021,MK,A,MO AVG
NM0028762,3,3600771189,3641783633,001,3600771189,Q,1,3662550674,,3688124718,3647589504,8,,,NODMR,Failure To Submit DMR,D80,"DMR, Monitor Only - Overdue",01106,"Aluminum, dissolved [as Al]",01,kg/d,03/31/2019,3,,,,04/18/2019,,,3601725081,,Q1,N,Non-Receipt of DMR/Schedule Report,05/29/2019,0,RE - Automated Administratively Resolved (DMR Non-Receipt Violations),05/29/2021,MK,A,MO AVG
NM0028762,3,3600771189,3641783633,001,3600771189,Q,1,3662550674,,3688124718,3647589504,8,,,EFF,"Effluent Limit Violations,Not Otherwise Specified",D80,"DMR, Monitor Only - Overdue",01106,"Aluminum, dissolved [as Al]",01,kg/d,03/31/2019,3,,,,04/18/2019,,,3601725081,,Q1,N,Non-Receipt of DMR/Schedule Report,05/29/2019,0,RE - Automated Administratively Resolved (DMR Non-Receipt Violations),05/29/2021,MK,A,MO AVG
NM0028762,3,3600771189,3641783633,001,3600771189,Q,1,3662550674,,3688124718,3647589504,8,,,NODMR,Failure To Submit DMR,D80,"DMR, Monitor Only - Overdue",01106,"Aluminum, dissolved [as Al]",01,kg/d,03/31/2019,3,,,,04/18/2019,,,3601725081,,Q1,N,Non-Receipt of DMR/Schedule Report,05/29/2019,0,RE - Automated Administratively Resolved (DMR Non-Receipt Violations),05/29/2021,MK,A,MO AVG
NM0000116,2,20044286,2200766414,001,20044286,A,1,57973379,,2602330275,2601309545,C,,9,,,D90,"DMR, Limited - Overdue",00400,pH,12,SU,07/31/2010,1,,=,,05/27/2011,211,,20209071,,C3,K,"Non-receipt Violation, Non-Monthly Average",11/28/2010,2,RE - Back into Compliance,05/27/2011,MB,N,MAXIMUM
NM0020583,4,3600830134,3633250094,001,3600830134,A,1,3664421372,46,3653483604,3630077552,,,30,NOPRMT,"Discharge, Emission Or Activity WO Required Permit",E90,"DMR, Limited - Numeric Violation",00530,"Solids, total suspended",19,mg/L,01/31/2018,1,53,=,19,02/14/2018,,,3601680589,46,C2,T,TRC Limitations Exceeded,02/28/2018,2,RE - Back into Compliance,05/31/2018,3C,A,30DA AVG
NM0020583,4,3600830134,3633250094,001,3600830134,A,1,3664421372,46,3653483604,3630077552,,,30,SSO,Sanitary Sewer Overflows,E90,"DMR, Limited - Numeric Violation",00530,"Solids, total suspended",19,mg/L,01/31/2018,1,53,=,19,02/14/2018,,,3601680589,46,C2,T,TRC Limitations Exceeded,02/28/2018,2,RE - Back into Compliance,05/31/2018,3C,A,30DA AVG
NM0000116,3,2200037726,3403704709,TX4,2200037726,Y,1,2205473216,,3607901501,3604420915,C,,,,,D80,"DMR, Monitor Only - Overdue",TEM3D,Low Flow Pass/Fail Static Renewal 48Hr Acute Daphnia pulex,9A,pass=0;fail=1,11/30/2013,12,,=,,05/13/2015,500,,2200113540,,C2,,,,,,,MJ,,MO AV MN
NM0028762,1,20044410,1400734909,001,20044410,A,A,606948562,47,1401772323,1401006618,,,.019,,,E90,"DMR, Limited - Numeric Violation",50060,"Chlorine, total residual",19,mg/L,12/31/2008,1,147,=,,01/22/2009,,,600097488,.047,C3,R,"TRC Limitations Exceeded, Non-Monthly Average",12/31/2008,2,RE - Back into Compliance,03/31/2009,IA,N,INST MAX
NM0020583,1,20044319,21433293,001,20044319,A,1,58085748,34.53,43873658,27617149,,,30,,,E90,"DMR, Limited - Numeric Violation",00310,"BOD, 5-day, 20 deg. C",19,mg/L,12/31/2000,1,15,,,01/18/2001,3,,20210285,34.53,C2,C,Chronic Violation,03/31/2001,2,RE - Back into Compliance,06/30/2001,3C,A,30DA AVG
NM0028762,3,3600771189,3661263425,001,3600771189,Q,1,3655439105,,3743802919,3676657694,D,,,EFF,"Effluent Limit Violations,Not Otherwise Specified",D80,"DMR, Monitor Only - Overdue",70295,"Solids, total dissolved",19,mg/L,06/30/2021,3,,,,07/13/2021,,,3601482265,,C2,N,Non-Receipt of DMR/Schedule Report,08/28/2021,0,RE - Automated Administratively Resolved (DMR Non-Receipt Violations),08/28/2022,MK,A,MO AVG
NM0028762,3,3600771189,3661263425,001,3600771189,Q,1,3655439105,,3743802919,3676657694,D,,,NODMR,Failure To Submit DMR,D80,"DMR, Monitor Only - Overdue",70295,"Solids, total dissolved",19,mg/L,06/30/2021,3,,,,07/13/2021,,,3601482265,,C2,N,Non-Receipt of DMR/Schedule Report,08/28/2021,0,RE - Automated Administratively Resolved (DMR Non-Receipt Violations),08/28/2022,MK,A,MO AVG
NM0028762,3,3600771189,3661263425,001,3600771189,Q,1,3655439105,,3743802919,3676657694,D,,,EFF,"Effluent Limit Violations,Not Otherwise Specified",D80,"DMR, Monitor Only - Overdue",70295,"Solids, total dissolved",19,mg/L,06/30/2021,3,,,,07/13/2021,,,3601482265,,C2,N,Non-Receipt of DMR/Schedule Report,08/28/2021,0,RE - Automated Administratively Resolved (DMR Non-Receipt Violations),08/28/2022,MK,A,MO AVG
NM0028762,2,1800023151,3638729254,001,1800023151,A,1,3600454254,2.95,3629483253,3616573929,,,,,,D80,"DMR, Monitor Only - Overdue",00530,"Solids, total suspended",01,kg/d,07/31/2016,1,,=,26,10/11/2018,713,,1800044065,1.33929999,Q1,N,Non-Receipt of DMR/Schedule Report,11/28/2016,2,RE - Back into Compliance,10/11/2018,MK,A,MO AVG
NM0028762,3,3600771189,3639473448,001,3600771189,Q,1,3662550665,,3676107681,3640927931,8,,,EFF,"Effluent Limit Violations,Not Otherwise Specified",D80,"DMR, Monitor Only - Overdue",01106,"Aluminum, dissolved [as Al]",19,mg/L,09/30/2018,3,,,,10/11/2018,,,3601725081,,C3,K,"Non-receipt Violation, Non-Monthly Average",11/28/2018,9,RE - Manual by Back into Compliance/Administratively Resolved,11/28/2018,DD,N,DAILY MX
NM0028762,3,3600771189,3639473448,001,3600771189,Q,1,3662550665,,3676107681,3640927931,8,,,EFF,"Effluent Limit Violations,Not Otherwise Specified",D80,"DMR, Monitor Only - Overdue",01106,"Aluminum, dissolved [as Al]",19,mg/L,09/30/2018,3,,,,10/11/2018,,,3601725081,,C3,K,"Non-receipt Violation, Non-Monthly Average",11/28/2018,9,RE - Manual by Back into Compliance/Administratively Resolved,11/28/2018,DD,N,DAILY MX
NM0028762,3,3600771189,3639473448,001,3600771189,Q,1,3662550665,,3676107681,3640927931,8,,,NODMR,Failure To Submit DMR,D80,"DMR, Monitor Only - Overdue",01106,"Aluminum, dissolved [as Al]",19,mg/L,09/30/2018,3,,,,10/11/2018,,,3601725081,,C3,K,"Non-receipt Violation, Non-Monthly Average",11/28/2018,9,RE - Manual by Back into Compliance/Administratively Resolved,11/28/2018,DD,N,DAILY MX
NM0028762,3,3600771189,3639473448,001,3600771189,Q,1,3662550665,,3676107681,3640927931,8,,,EFF,"Effluent Limit Violations,Not Otherwise Specified",D80,"DMR, Monitor Only - Overdue",01106,"Aluminum, dissolved [as Al]",19,mg/L,09/30/2018,3,,,,10/11/2018,,,3601725081,,C3,K,"Non-receipt Violation, Non-Monthly Average",11/28/2018,9,RE - Manual by Back into Compliance/Administratively Resolved,11/28/2018,DD,N,DAILY MX
NM0028762,3,3600771189,3639473448,001,3600771189,Q,1,3662550665,,3676107681,3640927931,8,,,NODMR,Failure To Submit DMR,D80,"DMR, Monitor Only - Overdue",01106,"Aluminum, dissolved [as Al]",19,mg/L,09/30/2018,3,,,,10/11/2018,,,3601725081,,C3,K,"Non-receipt Violation, Non-Monthly Average",11/28/2018,9,RE - Manual by Back into Compliance/Administratively Resolved,11/28/2018,DD,N,DAILY MX
NM0000116,1,20044287,601442301,001,20044287,A,1,,,,,,,50,,,D90,"DMR, Limited - Overdue",00530,"Solids, total suspended",19,mg/L,04/30/2006,1,,,,,,,20209085,,C3,K,"Non-receipt Violation, Non-Monthly Average",08/28/2006,0,RE - Automated Administratively Resolved (DMR Non-Receipt Violations),09/30/2011,DD,N,DAILY MX
NM0000116,1,20044287,200000845,001,20044287,A,1,,,,,,,,,,D80,"DMR, Monitor Only - Overdue",01105,"Aluminum, total [as Al]",19,mg/L,02/28/2006,1,,,,,,,20209091,,C3,K,"Non-receipt Violation, Non-Monthly Average",05/29/2006,0,RE - Automated Administratively Resolved (DMR Non-Receipt Violations),09/30/2011,DD,N,DAILY MX
NM0000116,3,2200037726,3600828593,004,2200037726,A,1,,,,,,,9,,,D90,"DMR, Limited - Overdue",00400,pH,12,SU,12/31/2014,1,,,,,,,2200113551,,C3,K,"Non-receipt Violation, Non-Monthly Average",02/28/2015,B,RE - Manual by EPA/State/Tribal Action,12/31/2016,MB,N,MAXIMUM
NM0000116,3,2200037726,2602759705,001,2200037726,A,1,,,,,,,9,,,D90,"DMR, Limited - Overdue",00400,pH,12,SU,12/31/2011,1,,,,,,,2200113507,,C3,K,"Non-receipt Violation, Non-Monthly Average",02/28/2012,0,RE - Automated Administratively Resolved (DMR Non-Receipt Violations),02/28/2014,MB,N,MAXIMUM
NM0020583,4,3600830134,3631989132,001,3600830134,A,1,,,,,,,85,,,D90,"DMR, Limited - Overdue",81011,"Solids, suspended percent removal",23,%,02/28/2017,1,,,,,,,3602996646,,C1,,,,,,,MJ,,MO AV MN
NM0028762,3,3600771189,3638338047,001,3600771189,Q,1,3662550662,,3670924844,3638125078,8,,,EFF,"Effluent Limit Violations,Not Otherwise Specified",D80,"DMR, Monitor Only - Overdue",01106,"Aluminum, dissolved [as Al]",01,kg/d,06/30/2018,3,,,,07/16/2018,,,3601725081,,Q1,N,Non-Receipt of DMR/Schedule Report,08/28/2018,0,RE - Automated Administratively Resolved (DMR Non-Receipt Violations),08/28/2020,MK,A,MO AVG
NM0028762,3,3600771189,3638338047,001,3600771189,Q,1,3662550662,,3670924844,3638125078,8,,,EFF,"Effluent Limit Violations,Not Otherwise Specified",D80,"DMR, Monitor Only - Overdue",01106,"Aluminum, dissolved [as Al]",01,kg/d,06/30/2018,3,,,,07/16/2018,,,3601725081,,Q1,N,Non-Receipt of DMR/Schedule Report,08/28/2018,0,RE - Automated Administratively Resolved (DMR Non-Receipt Violations),08/28/2020,MK,A,MO AVG
NM0028762,3,3600771189,3638338047,001,3600771189,Q,1,3662550662,,3670924844,3638125078,8,,,NODMR,Failure To Submit DMR,D80,"DMR, Monitor Only - Overdue",01106,"Aluminum, dissolved [as Al]",01,kg/d,06/30/2018,3,,,,07/16/2018,,,3601725081,,Q1,N,Non-Receipt of DMR/Schedule Report,08/28/2018,0,RE - Automated Administratively Resolved (DMR Non-Receipt Violations),08/28/2020,MK,A,MO AVG
NM0028762,3,3600771189,3638338047,001,3600771189,Q,1,3662550662,,3670924844,3638125078,8,,,EFF,"Effluent Limit Violations,Not Otherwise Specified",D80,"DMR, Monitor Only - Overdue",01106,"Aluminum, dissolved [as Al]",01,kg/d,06/30/2018,3,,,,07/16/2018,,,3601725081,,Q1,N,Non-Receipt of DMR/Schedule Report,08/28/2018,0,RE - Automated Administratively Resolved (DMR Non-Receipt Violations),08/28/2020,MK,A,MO AVG
NM0028762,3,3600771189,3638338047,001,3600771189,Q,1,3662550662,,3670924844,3638125078,8,,,NODMR,Failure To Submit DMR,D80,"DMR, Monitor Only - Overdue",01106,"Aluminum, dissolved [as Al]",01,kg/d,06/30/2018,3,,,,07/16/2018,,,3601725081,,Q1,N,Non-Receipt of DMR/Schedule Report,08/28/2018,0,RE - Automated Administratively Resolved (DMR Non-Receipt Violations),08/28/2020,MK,A,MO AVG
NM0028762,2,1800023151,2601686030,001,1800023151,Q,1,1805556576,,2604219649,2602303629,X,,,,,D80,"DMR, Monitor Only - Overdue",70295,"Solids, total dissolved",19,mg/L,06/30/2011,3,,,,07/25/2011,,,1800044064,,C2,N,Non-Receipt of DMR/Schedule Report,08/28/2011,0,RE - Automated Administratively Resolved (DMR Non-Receipt Violations),08/28/2013,MK,A,MO AVG
NM0020583,0,3602878711,3683686792,001,3602878711,A,1,3920642920,9,3851430870,3736161216,,,45,,,E90,"DMR, Limited - Numeric Violation",00310,"BOD, 5-day, 20 deg. C",19,mg/L,07/31/2025,1,99999,>,19,08/18/2025,3,,3606239979,9,C3,,,,,,,7A,N,7 DA AVG
NM0020583,3,2200016809,3600726705,001,2200016809,A,2,2203563788,455,3604480275,3602523555,,,400,,,E90,"DMR, Limited - Numeric Violation",70295,"Solids, total dissolved",19,mg/L,01/31/2015,1,14,=,19,02/13/2015,,,2200047762,455,C2,C,Chronic Violation,01/31/2015,2,RE - Back into Compliance,09/30/2016,3C,A,30DA AVG
NM0020583,1,20044319,600702167,001,20044319,A,A,58087819,.04,43874764,27617563,,,.099,,,D90,"DMR, Limited - Overdue",50060,"Chlorine, total residual",19,mg/L,12/31/2002,1,,,,03/04/2003,48,,20210291,.04,C3,K,"Non-receipt Violation, Non-Monthly Average",02/14/2003,2,RE - Back into Compliance,03/04/2003,IA,N,INST MAX
NM0000116,3,2200037726,2602759682,004,2200037726,A,1,,,,,,,50,,,D90,"DMR, Limited - Overdue",00530,"Solids, total suspended",19,mg/L,12/31/2011,1,,,,,,,2200113552,,C3,K,"Non-receipt Violation, Non-Monthly Average",02/28/2012,0,RE - Automated Administratively Resolved (DMR Non-Receipt Violations),02/28/2014,DD,N,DAILY MX
NM0028762,1,20044410,1800971825,001,20044410,A,1,1000774287,.54,2606218245,2603372673,,,.5,,,D90,"DMR, Limited - Overdue",01105,"Aluminum, total [as Al]",19,mg/L,09/30/2009,1,8,=,,09/23/2011,695,,600097487,.54,C2,N,Non-Receipt of DMR/Schedule Report,11/28/2009,2,RE - Back into Compliance,09/23/2011,MK,A,MO AVG
NM0028762,1,20044410,2602047980,001,20044410,A,1,1000774287,.54,2606218245,2603372673,,,.5,,,E90,"DMR, Limited - Numeric Violation",01105,"Aluminum, total [as Al]",19,mg/L,09/30/2009,1,8,=,,09/23/2011,695,,600097487,.54,C2,,,,,,,MK,A,MO AVG
NM0020583,4,3600830134,3640412990,001,3600830134,A,1,3664421728,315,3684298100,3645549193,,,757.72599363,NOPRMT,"Discharge, Emission Or Activity WO Required Permit",E90,"DMR, Limited - Numeric Violation",00310,"BOD, 5-day, 20 deg. C",01,kg/d,01/31/2019,1,99999,>,26,02/14/2019,,,3601680586,143.0099988,Q1,,,,,,,3C,A,30DA AVG
NM0020583,4,3600830134,3640412990,001,3600830134,A,1,3664421728,315,3684298100,3645549193,,,757.72599363,SSO,Sanitary Sewer Overflows,E90,"DMR, Limited - Numeric Violation",00310,"BOD, 5-day, 20 deg. C",01,kg/d,01/31/2019,1,99999,>,26,02/14/2019,,,3601680586,143.0099988,Q1,,,,,,,3C,A,30DA AVG
NM0020583,4,3600830134,3617817916,001,3600830134,A,1,3628321348,44,3635860281,3620220548,,,30,,,E90,"DMR, Limited - Numeric Violation",00310,"BOD, 5-day, 20 deg. C",19,mg/L,02/28/2017,1,99999,>,19,03/14/2017,,,3601680586,44,C2,T,TRC Limitations Exceeded,04/30/2017,2,RE - Back into Compliance,07/31/2017,3C,A,30DA AVG
NM0020583,4,3600830134,3636641192,001,3600830134,A,1,3664421430,6.5,3662154577,3633856186,,,6.6,NOPRMT,"Discharge, Emission Or Activity WO Required Permit",E90,"DMR, Limited - Numeric Violation",00400,pH,12,SU,03/31/2018,1,,=,12,04/13/2018,,,3601680590,6.5,C1,,,,,,,ME,,MINIMUM
NM0020583,4,3600830134,3636641192,001,3600830134,A,1,3664421430,6.5,3662154577,3633856186,,,6.6,SSO,Sanitary Sewer Overflows,E90,"DMR, Limited - Numeric Violation",00400,pH,12,SU,03/31/2018,1,,=,12,04/13/2018,,,3601680590,6.5,C1,,,,,,,ME,,MINIMUM
NM0028762,1,20044410,1400136161,001,20044410,A,1,606948515,1.33,1400070979,1400039684,,,.75,,,E90,"DMR, Limited - Numeric Violation",01105,"Aluminum, total [as Al]",19,mg/L,05/31/2008,1,77,=,,07/25/2008,,,600097487,1.33,C3,,,,,,,DD,N,DAILY MX
NM0020583,2,20044318,200002610,TX1,20044318,Q,1,58091173,31.2,1000665451,1000382517,,,,,,D80,"DMR, Monitor Only - Overdue",TOM6C,NOAEC Lethal Static Renewal 48Hr acute Pimephales promelas,23,%,03/31/2006,3,,=,,05/16/2006,31,,20210364,31.2,C2,,,,,,,MJ,,MO AV MN
NM0028762,1,20044410,1800971710,001,20044410,A,1,1000774193,.25,2606218229,2603372664,,,,,,D80,"DMR, Monitor Only - Overdue",50050,"Flow, in conduit or thru treatment plant",03,MGD,07/31/2009,1,,=,,09/23/2011,695,,600097481,.25,Q1,N,Non-Receipt of DMR/Schedule Report,11/28/2009,2,RE - Back into Compliance,09/23/2011,MK,A,MO AVG
NM0028762,1,20044410,1400734912,001,20044410,A,1,606948524,.82,1401772782,1401006940,,,.5,,,E90,"DMR, Limited - Numeric Violation",01105,"Aluminum, total [as Al]",19,mg/L,10/31/2008,1,64,=,,01/22/2009,,,600097487,.82,C2,T,TRC Limitations Exceeded,12/31/2008,2,RE - Back into Compliance,05/31/2009,MK,A,MO AVG
NM0020583,4,3600830134,3620405864,001,3600830134,A,1,3628321865,3274,3638992824,3622088253,,,757.72599363,,,E90,"DMR, Limited - Numeric Violation",00530,"Solids, total suspended",01,kg/d,04/30/2017,1,96,=,26,05/11/2017,,,3601680589,1486.39598751,Q1,T,TRC Limitations Exceeded,04/30/2017,2,RE - Back into Compliance,07/31/2017,3C,A,30DA AVG
NM0028762,1,20044410,1800971714,001,20044410,A,1,1000774229,10,2606218235,2603372667,,,30,,,D90,"DMR, Limited - Overdue",00530,"Solids, total suspended",19,mg/L,08/31/2009,1,,<,,09/23/2011,695,,600097484,10,C3,K,"Non-receipt Violation, Non-Monthly Average",11/28/2009,2,RE - Back into Compliance,09/23/2011,DD,N,DAILY MX
NM0020583,4,3600830134,3635750500,001,3600830134,A,1,3664421404,6301,3655419287,3631106405,,,757.72599363,NOPRMT,"Discharge, Emission Or Activity WO Required Permit",E90,"DMR, Limited - Numeric Violation",00530,"Solids, total suspended",01,kg/d,02/28/2018,1,278,=,26,03/14/2018,,,3601680589,2860.65397596,Q1,T,TRC Limitations Exceeded,02/28/2018,2,RE - Back into Compliance,05/31/2018,3C,A,30DA AVG
NM0020583,4,3600830134,3635750500,001,3600830134,A,1,3664421404,6301,3655419287,3631106405,,,757.72599363,SSO,Sanitary Sewer Overflows,E90,"DMR, Limited - Numeric Violation",00530,"Solids, total suspended",01,kg/d,02/28/2018,1,278,=,26,03/14/2018,,,3601680589,2860.65397596,Q1,T,TRC Limitations Exceeded,02/28/2018,2,RE - Back into Compliance,05/31/2018,3C,A,30DA AVG
NM0020583,1,20044319,600702098,001,20044319,A,0,58088174,472,43874454,27617634,,,,,,D80,"DMR, Monitor Only - Overdue",70295,"Solids, total dissolved",19,mg/L,05/31/2002,1,,,,07/18/2002,33,,20210292,472,C3,K,"Non-receipt Violation, Non-Monthly Average",07/15/2002,2,RE - Back into Compliance,07/18/2002,7A,N,7 DA AVG
NM0020583,1,20044319,21433385,001,20044319,A,1,58087010,24.86,43874525,27617402,,,10.9868,,,E90,"DMR, Limited - Numeric Violation",01105,"Aluminum, total [as Al]",01,kg/d,07/31/2002,1,3,,,08/20/2002,5,,20210288,11.28644,Q1,,,,,,,3C,A,30DA AVG
NM0020583,1,20044319,21433535,001,20044319,A,1,58087105,30.9,43875380,27617421,,,10.9868,,,E90,"DMR, Limited - Numeric Violation",01105,"Aluminum, total [as Al]",01,kg/d,02/29/2004,1,28,,,03/18/2004,3,,20210288,14.0286,Q1,,,,,,,3C,A,30DA AVG
NM0000116,3,2200037726,3400491503,TX4,2200037726,Y,1,2205473206,,3607901371,3604420844,C,,,,,D80,"DMR, Monitor Only - Overdue",TEM3D,Low Flow Pass/Fail Static Renewal 48Hr Acute Daphnia pulex,9A,pass=0;fail=1,11/30/2012,12,,=,,05/13/2015,865,,2200113540,,C2,,,,,,,MJ,,MO AV MN
NM0028762,1,20044410,1000035823,001,20044410,A,1,606948504,1.17,1000046250,1000026290,,,.5,,,E90,"DMR, Limited - Numeric Violation",01105,"Aluminum, total [as Al]",19,mg/L,12/31/2007,1,134,=,,01/22/2008,63,,600097487,1.17,C2,T,TRC Limitations Exceeded,04/30/2008,2,RE - Back into Compliance,06/30/2008,MK,A,MO AVG
NM0028762,1,20044410,1800971546,001,20044410,A,1,1000774192,.38,2606218228,2603372663,,,.75,,,D90,"DMR, Limited - Overdue",01105,"Aluminum, total [as Al]",19,mg/L,07/31/2009,1,,=,,09/23/2011,695,,600097487,.38,C3,K,"Non-receipt Violation, Non-Monthly Average",11/28/2009,2,RE - Back into Compliance,09/23/2011,DD,N,DAILY MX
NM0028762,1,20044410,1800971653,001,20044410,A,1,1000774285,10,2606218243,2603372672,,,20,,,D90,"DMR, Limited - Overdue",00530,"Solids, total suspended",19,mg/L,09/30/2009,1,,<,,09/23/2011,695,,600097484,10,C2,N,Non-Receipt of DMR/Schedule Report,11/28/2009,2,RE - Back into Compliance,09/23/2011,MK,A,MO AVG
NM0020583,3,2200016809,2600371188,001,2200016809,A,1,1807329412,1718,2600435228,2600250617,,,757.72599363,EFF,"Effluent Limit Violations,Not Otherwise Specified",E90,"DMR, Limited - Numeric Violation",00530,"Solids, total suspended",01,kg/d,02/28/2011,1,3,=,26,03/14/2011,,,2200047764,779.97199345,Q1,,,,,,,3C,A,30DA AVG
NM0020583,3,2200016809,2600371188,001,2200016809,A,1,1807329412,1718,2600435228,2600250617,,,757.72599363,PRMTVL,Violation Of A Permit Requirement,E90,"DMR, Limited - Numeric Violation",00530,"Solids, total suspended",01,kg/d,02/28/2011,1,3,=,26,03/14/2011,,,2200047764,779.97199345,Q1,,,,,,,3C,A,30DA AVG
NM0000116,2,20044286,2200766453,001,20044286,A,1,57976214,,2602330284,2601309554,C,,,,,D80,"DMR, Monitor Only - Overdue",01105,"Aluminum, total [as Al]",19,mg/L,07/31/2010,1,,=,,05/27/2011,211,,20209080,,C3,K,"Non-receipt Violation, Non-Monthly Average",11/28/2010,2,RE - Back into Compliance,05/27/2011,DD,N,DAILY MX
NM0000116,1,20044287,200000868,001,20044287,A,1,,,,,,,,,,D80,"DMR, Monitor Only - Overdue",50050,"Flow, in conduit or thru treatment plant",03,MGD,03/31/2006,1,,,,,,,20209092,,Q1,N,Non-Receipt of DMR/Schedule Report,05/29/2006,0,RE - Automated Administratively Resolved (DMR Non-Receipt Violations),09/30/2011,DB,A,DAILY AV
NM0020583,4,3600830134,3631989138,001,3600830134,A,1,,,,,,,85,,,D90,"DMR, Limited - Overdue",81011,"Solids, suspended percent removal",23,%,06/30/2017,1,,,,,,,3602996646,,C1,,,,,,,MJ,,MO AV MN
NM0020583,1,20044319,21433458,001,20044319,A,1,58085883,43.21,43874873,27617176,,,30,,,E90,"DMR, Limited - Numeric Violation",00310,"BOD, 5-day, 20 deg. C",19,mg/L,03/31/2003,1,44,,,04/16/2003,1,,20210285,43.21,C2,T,TRC Limitations Exceeded,03/31/2003,2,RE - Back into Compliance,08/31/2003,3C,A,30DA AVG
NM0020583,1,20044319,21433438,001,20044319,A,1,58087043,671.2,43874798,27617408,,,.5,,,E90,"DMR, Limited - Numeric Violation",01105,"Aluminum, total [as Al]",19,mg/L,01/31/2003,1,34,,,02/19/2003,4,,20210288,.6712,C2,C,Chronic Violation,02/28/2003,2,RE - Back into Compliance,07/31/2003,3C,A,30DA AVG
NM0000116,4,3600693178,3631819991,001,3600693178,A,1,3632001526,,3647763572,3626794247,E,,50,,,D90,"DMR, Limited - Overdue",00530,"Solids, total suspended",19,mg/L,09/30/2017,1,,,,10/18/2017,,,3601250771,,C3,K,"Non-receipt Violation, Non-Monthly Average",11/28/2017,0,RE - Automated Administratively Resolved (DMR Non-Receipt Violations),11/28/2019,DD,N,DAILY MX
NM0020583,2,20044318,2200354745,001,20044318,A,1,1800507913,613.5,2200601471,2200336992,,,410,EFF,"Effluent Limit Violations,Not Otherwise Specified",E90,"DMR, Limited - Numeric Violation",51040,E. coli,30,MPN/100mL,08/31/2010,1,50,=,3Z,09/15/2010,,,20210280,613.5,C3,,,,,,,DD,N,DAILY MX
NM0020583,2,20044318,2200354745,001,20044318,A,1,1800507913,613.5,2200601471,2200336992,,,410,PRMTVL,Violation Of A Permit Requirement,E90,"DMR, Limited - Numeric Violation",51040,E. coli,30,MPN/100mL,08/31/2010,1,50,=,3Z,09/15/2010,,,20210280,613.5,C3,,,,,,,DD,N,DAILY MX
NM0028762,1,20044410,1800971818,001,20044410,A,1,1000774187,7.77,2606218223,2603372661,,,6.6,,,D90,"DMR, Limited - Overdue",00400,pH,12,SU,07/31/2009,1,,=,,09/23/2011,695,,600097477,7.77,C1,,,,,,,ME,,MINIMUM
NM0020583,4,3600830134,3618421625,001,3600830134,A,1,3628321616,4009,3637349601,3621138734,,,1136.81599045,,,E90,"DMR, Limited - Numeric Violation",00530,"Solids, total suspended",01,kg/d,03/31/2017,1,60,=,26,04/13/2017,,,3601680589,1820.08598471,Q2,,,,,,,7A,N,7 DA AVG
NM0020583,3,2200016809,3402082609,001,2200016809,A,2,2203563731,420,3408873091,3405167577,,,400,EFF,"Effluent Limit Violations,Not Otherwise Specified",E90,"DMR, Limited - Numeric Violation",70295,"Solids, total dissolved",19,mg/L,06/30/2013,1,5,=,19,07/08/2013,,,2200047762,420,C2,C,Chronic Violation,06/30/2013,5,RE - Resolved RP by NPDES Closure of Enf. Action Final Order with Comp. Schedule,05/02/2023,3C,A,30DA AVG
NM0028762,1,20044410,1000124081,001,20044410,A,A,606948551,54,1000346152,1000200169,,,.019,,,E90,"DMR, Limited - Numeric Violation",50060,"Chlorine, total residual",19,mg/L,01/31/2008,1,184,=,,05/12/2008,14,,600097488,.054,C3,R,"TRC Limitations Exceeded, Non-Monthly Average",04/30/2008,2,RE - Back into Compliance,03/31/2009,IA,N,INST MAX
NM0020583,3,2200016809,3403075769,001,2200016809,A,1,2203565308,98652,3413179936,3407553308,,,31900000000,EFF,"Effluent Limit Violations,Not Otherwise Specified",E90,"DMR, Limited - Numeric Violation",51040,E. coli,9Y,CFU/d,10/31/2013,1,209,=,9Z,11/14/2013,,,2200047763,98652000000,Q2,,,,,,,DD,N,DAILY MX
NM0020583,3,2200016809,3403388018,001,2200016809,A,2,2203563746,481,3414076571,3408064057,,,400,EFF,"Effluent Limit Violations,Not Otherwise Specified",E90,"DMR, Limited - Numeric Violation",70295,"Solids, total dissolved",19,mg/L,11/30/2013,1,20,=,19,12/12/2013,,,2200047762,481,C2,C,Chronic Violation,11/30/2013,5,RE - Resolved RP by NPDES Closure of Enf. Action Final Order with Comp. Schedule,05/02/2023,3C,A,30DA AVG
NM0020583,1,20044319,21433298,001,20044319,A,1,58086528,30.33,43873668,27617305,,,30,,,E90,"DMR, Limited - Numeric Violation",00530,"Solids, total suspended",19,mg/L,12/31/2000,1,1,,,01/18/2001,3,,20210287,30.33,C2,C,Chronic Violation,03/31/2001,2,RE - Back into Compliance,06/30/2001,3C,A,30DA AVG
NM0020583,1,20044319,600701873,001,20044319,A,1,58087246,4.63,43873136,27617449,,,,,,D80,"DMR, Monitor Only - Overdue",50050,"Flow, in conduit or thru treatment plant",03,MGD,12/31/1999,1,,,,06/23/2000,99,,20210290,4.63,Q2,K,"Non-receipt Violation, Non-Monthly Average",02/14/2000,2,RE - Back into Compliance,06/23/2000,DD,N,DAILY MX
NM0020583,0,3602878711,3683686788,001,3602878711,A,1,3920643786,59,3851430863,3736161213,,,.022,,,E90,"DMR, Limited - Numeric Violation",00720,"Cyanide, total [as CN]",19,mg/L,07/31/2025,1,168,=,28,08/18/2025,3,,3606350737,.059,C3,,,,,,,DD,N,DAILY MX
NM0028762,1,20044410,1000124080,001,20044410,A,1,606948506,.67,1000346148,1000200167,,,.5,,,E90,"DMR, Limited - Numeric Violation",01105,"Aluminum, total [as Al]",19,mg/L,01/31/2008,1,34,=,,09/08/2008,133,,600097487,.67,C2,V,Other Violation with TRC,04/30/2008,2,RE - Back into Compliance,10/31/2008,MK,A,MO AVG
NM0028762,2,1800023151,1801441491,001,1800023151,A,1,1805555970,10.6,2201419819,1802070421,,,,,,D80,"DMR, Monitor Only - Overdue",00530,"Solids, total suspended",01,kg/d,10/31/2009,1,,=,,10/25/2010,269,,1800044065,4.81239996,Q2,K,"Non-receipt Violation, Non-Monthly Average",02/28/2010,2,RE - Back into Compliance,10/25/2010,DD,N,DAILY MX
NM0028762,3,3600771189,3631821131,001,3600771189,Q,1,3662550648,,3649266814,3627655951,8,,,EFF,"Effluent Limit Violations,Not Otherwise Specified",D80,"DMR, Monitor Only - Overdue",01106,"Aluminum, dissolved [as Al]",19,mg/L,09/30/2017,3,,,,11/13/2017,16,,3601725081,,C2,N,Non-Receipt of DMR/Schedule Report,11/28/2017,0,RE - Automated Administratively Resolved (DMR Non-Receipt Violations),11/28/2019,MK,A,MO AVG
NM0028762,3,3600771189,3631821131,001,3600771189,Q,1,3662550648,,3649266814,3627655951,8,,,EFF,"Effluent Limit Violations,Not Otherwise Specified",D80,"DMR, Monitor Only - Overdue",01106,"Aluminum, dissolved [as Al]",19,mg/L,09/30/2017,3,,,,11/13/2017,16,,3601725081,,C2,N,Non-Receipt of DMR/Schedule Report,11/28/2017,0,RE - Automated Administratively Resolved (DMR Non-Receipt Violations),11/28/2019,MK,A,MO AVG
NM0028762,3,3600771189,3631821131,001,3600771189,Q,1,3662550648,,3649266814,3627655951,8,,,NODMR,Failure To Submit DMR,D80,"DMR, Monitor Only - Overdue",01106,"Aluminum, dissolved [as Al]",19,mg/L,09/30/2017,3,,,,11/13/2017,16,,3601725081,,C2,N,Non-Receipt of DMR/Schedule Report,11/28/2017,0,RE - Automated Administratively Resolved (DMR Non-Receipt Violations),11/28/2019,MK,A,MO AVG
NM0020583,3,2200016809,3404617508,001,2200016809,A,1,2203565320,33050,3420433430,3411630157,,,31900000000,EFF,"Effluent Limit Violations,Not Otherwise Specified",E90,"DMR, Limited - Numeric Violation",51040,E. coli,9Y,CFU/d,04/30/2014,1,4,=,9Z,05/13/2014,,,2200047763,33050000000,Q2,,,,,,,DD,N,DAILY MX
NM0028762,2,1800023151,3402287636,001,1800023151,A,1,1805556354,38,3409824000,3405705322,,,20,,,E90,"DMR, Limited - Numeric Violation",00530,"Solids, total suspended",19,mg/L,05/31/2013,1,90,=,,07/29/2013,1,,1800044065,38,C2,,,,,,,MK,A,MO AVG
NM0028762,3,3600771189,3630048037,001,3600771189,Q,1,3662550635,,3629536004,3616604518,8,,,,,D80,"DMR, Monitor Only - Overdue",01106,"Aluminum, dissolved [as Al]",01,kg/d,09/30/2016,3,,,,09/28/2017,335,,3601725081,,Q2,K,"Non-receipt Violation, Non-Monthly Average",11/28/2016,0,RE - Automated Administratively Resolved (DMR Non-Receipt Violations),11/28/2018,DD,N,DAILY MX
NM0028762,2,1800023151,1802037562,001,1800023151,Q,1,1800514010,,1805485437,1803110716,E,,,,,D80,"DMR, Monitor Only - Overdue",70295,"Solids, total dissolved",01,kg/d,03/31/2010,3,,,,10/25/2010,180,,1800044064,,Q1,N,Non-Receipt of DMR/Schedule Report,05/29/2010,0,RE - Automated Administratively Resolved (DMR Non-Receipt Violations),05/29/2012,MK,A,MO AVG
NM0020583,4,3600830134,3637463461,001,3600830134,A,1,3664421490,6.5,3669478496,3637329668,,,6.6,NOPRMT,"Discharge, Emission Or Activity WO Required Permit",E90,"DMR, Limited - Numeric Violation",00400,pH,12,SU,05/31/2018,1,,=,12,06/14/2018,,,3601680590,6.5,C1,,,,,,,ME,,MINIMUM
NM0020583,4,3600830134,3637463461,001,3600830134,A,1,3664421490,6.5,3669478496,3637329668,,,6.6,SSO,Sanitary Sewer Overflows,E90,"DMR, Limited - Numeric Violation",00400,pH,12,SU,05/31/2018,1,,=,12,06/14/2018,,,3601680590,6.5,C1,,,,,,,ME,,MINIMUM
NM0020583,3,2200016809,3601841323,001,2200016809,A,1,2203565348,311965,3609472213,3605273949,,,31900000000,,,E90,"DMR, Limited - Numeric Violation",51040,E. coli,9Y,CFU/d,06/30/2015,1,878,=,9Z,07/14/2015,,,2200047763,311965000000,Q2,,,,,,,DD,N,DAILY MX
NM0020583,1,20044319,600702366,TX1,20044319,S,1,58091472,2.7,43877522,27618294,,,2,,,D90,"DMR, Limited - Overdue",22414,Whole effluent toxicity,23,%,12/31/2005,6,,,,03/01/2006,45,,20210367,2.7,C1,,,,,,,4E,,48HR MIN
NM0020583,3,2200016809,3604565794,TX1,2200016809,Q,1,3651140136,0,3626637157,3614968190,,,,,,D80,"DMR, Monitor Only - Overdue",TEM3D,Low Flow Pass/Fail Static Renewal 48Hr Acute Daphnia pulex,9A,pass=0;fail=1,06/30/2016,3,,=,9A,08/25/2016,41,,2200047808,0,C2,,,,,,,MJ,,MO AV MN
NM0028762,3,3600771189,3641783647,001,3600771189,Q,1,3662550672,,3688124720,3647589504,8,,,EFF,"Effluent Limit Violations,Not Otherwise Specified",D80,"DMR, Monitor Only - Overdue",01106,"Aluminum, dissolved [as Al]",19,mg/L,03/31/2019,3,,,,04/18/2019,,,3601725081,,C2,N,Non-Receipt of DMR/Schedule Report,05/29/2019,0,RE - Automated Administratively Resolved (DMR Non-Receipt Violations),05/29/2021,MK,A,MO AVG
NM0028762,3,3600771189,3641783647,001,3600771189,Q,1,3662550672,,3688124720,3647589504,8,,,EFF,"Effluent Limit Violations,Not Otherwise Specified",D80,"DMR, Monitor Only - Overdue",01106,"Aluminum, dissolved [as Al]",19,mg/L,03/31/2019,3,,,,04/18/2019,,,3601725081,,C2,N,Non-Receipt of DMR/Schedule Report,05/29/2019,0,RE - Automated Administratively Resolved (DMR Non-Receipt Violations),05/29/2021,MK,A,MO AVG
NM0028762,3,3600771189,3641783647,001,3600771189,Q,1,3662550672,,3688124720,3647589504,8,,,NODMR,Failure To Submit DMR,D80,"DMR, Monitor Only - Overdue",01106,"Aluminum, dissolved [as Al]",19,mg/L,03/31/2019,3,,,,04/18/2019,,,3601725081,,C2,N,Non-Receipt of DMR/Schedule Report,05/29/2019,0,RE - Automated Administratively Resolved (DMR Non-Receipt Violations),05/29/2021,MK,A,MO AVG
NM0028762,3,3600771189,3641783647,001,3600771189,Q,1,3662550672,,3688124720,3647589504,8,,,EFF,"Effluent Limit Violations,Not Otherwise Specified",D80,"DMR, Monitor Only - Overdue",01106,"Aluminum, dissolved [as Al]",19,mg/L,03/31/2019,3,,,,04/18/2019,,,3601725081,,C2,N,Non-Receipt of DMR/Schedule Report,05/29/2019,0,RE - Automated Administratively Resolved (DMR Non-Receipt Violations),05/29/2021,MK,A,MO AVG
NM0028762,3,3600771189,3641783647,001,3600771189,Q,1,3662550672,,3688124720,3647589504,8,,,NODMR,Failure To Submit DMR,D80,"DMR, Monitor Only - Overdue",01106,"Aluminum, dissolved [as Al]",19,mg/L,03/31/2019,3,,,,04/18/2019,,,3601725081,,C2,N,Non-Receipt of DMR/Schedule Report,05/29/2019,0,RE - Automated Administratively Resolved (DMR Non-Receipt Violations),05/29/2021,MK,A,MO AVG
NM0020583,1,20044319,21433468,001,20044319,A,1,58087053,632,43874888,27617410,,,.5,,,E90,"DMR, Limited - Numeric Violation",01105,"Aluminum, total [as Al]",19,mg/L,03/31/2003,1,26,,,04/16/2003,1,,20210288,.632,C2,C,Chronic Violation,03/31/2003,2,RE - Back into Compliance,07/31/2003,3C,A,30DA AVG
NM0020583,1,20044319,21433533,001,20044319,A,1,58086718,35,43875378,27617343,,,30,,,E90,"DMR, Limited - Numeric Violation",00530,"Solids, total suspended",19,mg/L,02/29/2004,1,17,,,03/18/2004,3,,20210287,35,C2,,,,,,,3C,A,30DA AVG
NM0020583,4,3600830134,3637463462,001,3600830134,A,1,3664421500,9,3669478501,3637329670,,,126,NOPRMT,"Discharge, Emission Or Activity WO Required Permit",E90,"DMR, Limited - Numeric Violation",51040,E. coli,30,MPN/100mL,05/31/2018,1,99999,>,3Z,06/14/2018,,,3601680592,9,C2,,,,,,,3H,A,30DAVGEO
NM0020583,4,3600830134,3637463462,001,3600830134,A,1,3664421500,9,3669478501,3637329670,,,126,SSO,Sanitary Sewer Overflows,E90,"DMR, Limited - Numeric Violation",51040,E. coli,30,MPN/100mL,05/31/2018,1,99999,>,3Z,06/14/2018,,,3601680592,9,C2,,,,,,,3H,A,30DAVGEO
NM0028762,2,1800023151,1802037505,001,1800023151,A,1,1805555984,11.8,1805482615,1803108836,,,,,,D80,"DMR, Monitor Only - Overdue",00530,"Solids, total suspended",01,kg/d,01/31/2010,1,,=,,10/25/2010,180,,1800044065,5.35719995,Q1,N,Non-Receipt of DMR/Schedule Report,05/29/2010,2,RE - Back into Compliance,10/25/2010,MK,A,MO AVG
NM0028762,1,20044410,2601150414,001,20044410,A,1,606948484,2.77,2602597578,2601443049,,,.5,,,E90,"DMR, Limited - Numeric Violation",01105,"Aluminum, total [as Al]",19,mg/L,02/28/2007,1,454,=,,04/20/2007,499,,600097487,2.77,C2,,,,,,,MK,A,MO AVG
NM0028762,2,1800023151,1801441423,001,1800023151,A,1,1805555975,18.7,2201419860,1802070459,,,,,,D80,"DMR, Monitor Only - Overdue",00530,"Solids, total suspended",01,kg/d,11/30/2009,1,,=,,10/25/2010,269,,1800044065,8.48979993,Q2,K,"Non-receipt Violation, Non-Monthly Average",02/28/2010,2,RE - Back into Compliance,10/25/2010,DD,N,DAILY MX
NM0020583,1,20044319,21433349,001,20044319,A,1,58085814,47.52,43874244,27617162,,,45,,,E90,"DMR, Limited - Numeric Violation",00310,"BOD, 5-day, 20 deg. C",19,mg/L,01/31/2002,1,6,,,02/14/2002,,,20210285,47.52,C3,,,,,,,7A,N,7 DA AVG
NM0020583,0,3602878711,3682115476,001,3602878711,A,1,3920643765,46,3839823728,3729620621,,,.01467,,,E90,"DMR, Limited - Numeric Violation",00720,"Cyanide, total [as CN]",19,mg/L,02/28/2025,1,214,=,28,03/14/2025,,,3606350737,.046,C2,T,TRC Limitations Exceeded,02/28/2025,6,RE - Manual Resolution by Enforcement Action,02/28/2025,3C,A,30DA AVG
NM0020583,2,20044318,1801080322,001,20044318,A,1,1400891241,49,1802815412,1801574462,,,45,EFF,"Effluent Limit Violations,Not Otherwise Specified",E90,"DMR, Limited - Numeric Violation",00530,"Solids, total suspended",19,mg/L,10/31/2009,1,9,=,,11/16/2009,1,,20210276,49,C3,,,,,,,7A,N,7 DA AVG
NM0020583,2,20044318,1801080322,001,20044318,A,1,1400891241,49,1802815412,1801574462,,,45,PRMTVL,Violation Of A Permit Requirement,E90,"DMR, Limited - Numeric Violation",00530,"Solids, total suspended",19,mg/L,10/31/2009,1,9,=,,11/16/2009,1,,20210276,49,C3,,,,,,,7A,N,7 DA AVG
NM0000116,2,20044286,2200766371,001,20044286,A,1,57974954,,2602330280,2601309550,C,,,,,D80,"DMR, Monitor Only - Overdue",01042,"Copper, total [as Cu]",19,mg/L,07/31/2010,1,,=,,05/27/2011,211,,20209076,,C3,K,"Non-receipt Violation, Non-Monthly Average",11/28/2010,2,RE - Back into Compliance,05/27/2011,DD,N,DAILY MX
NM0028762,1,20044410,1800971739,001,20044410,A,1,1000774283,7.85,2606218241,2603372671,,,6.6,,,D90,"DMR, Limited - Overdue",00400,pH,12,SU,09/30/2009,1,,=,,09/23/2011,695,,600097477,7.85,C1,,,,,,,ME,,MINIMUM
NM0020583,3,2200016809,3601222765,001,2200016809,A,1,2203565341,376,3606326790,3603545986,,,31900000000,,,E90,"DMR, Limited - Numeric Violation",51040,E. coli,9Y,CFU/d,03/31/2015,1,99999,>,9Z,04/13/2015,,,2200047763,376000000,Q1,,,,,,,3H,A,30DAVGEO
NM0020583,3,2200016809,3604856932,001,2200016809,A,2,3600452304,402,3627227089,3615295946,,,400,,,E90,"DMR, Limited - Numeric Violation",70295,"Solids, total dissolved",19,mg/L,08/31/2016,1,1,=,19,09/13/2016,,,2200047762,402,C2,C,Chronic Violation,08/31/2016,2,RE - Back into Compliance,09/30/2016,3C,A,30DA AVG
NM0020583,4,3600830134,3637463464,001,3600830134,A,1,3664421502,1541,3669478499,3637329670,,,31900000000,NOPRMT,"Discharge, Emission Or Activity WO Required Permit",E90,"DMR, Limited - Numeric Violation",51040,E. coli,9Y,CFU/d,05/31/2018,1,99999,>,9Z,06/14/2018,,,3601680592,1541000000,Q1,,,,,,,3H,A,30DAVGEO
NM0020583,4,3600830134,3637463464,001,3600830134,A,1,3664421502,1541,3669478499,3637329670,,,31900000000,SSO,Sanitary Sewer Overflows,E90,"DMR, Limited - Numeric Violation",51040,E. coli,9Y,CFU/d,05/31/2018,1,99999,>,9Z,06/14/2018,,,3601680592,1541000000,Q1,,,,,,,3H,A,30DAVGEO
NM0020583,3,2200016809,2602696680,001,2200016809,A,2,2203563680,423,2610190221,2605530871,,,400,EFF,"Effluent Limit Violations,Not Otherwise Specified",E90,"DMR, Limited - Numeric Violation",70295,"Solids, total dissolved",19,mg/L,01/31/2012,1,6,=,19,02/15/2012,,,2200047762,423,C2,C,Chronic Violation,01/31/2012,5,RE - Resolved RP by NPDES Closure of Enf. Action Final Order with Comp. Schedule,07/17/2025,3C,A,30DA AVG
NM0020583,3,2200016809,2602696680,001,2200016809,A,2,2203563680,423,2610190221,2605530871,,,400,PRMTVL,Violation Of A Permit Requirement,E90,"DMR, Limited - Numeric Violation",70295,"Solids, total dissolved",19,mg/L,01/31/2012,1,6,=,19,02/15/2012,,,2200047762,423,C2,C,Chronic Violation,01/31/2012,5,RE - Resolved RP by NPDES Closure of Enf. Action Final Order with Comp. Schedule,07/17/2025,3C,A,30DA AVG
NM0000116,3,2200037726,3400491529,TX4,2200037726,Y,1,2205473205,,3607901370,3604420844,C,,,,,D80,"DMR, Monitor Only - Overdue",TEM3D,Low Flow Pass/Fail Static Renewal 48Hr Acute Daphnia pulex,9A,pass=0;fail=1,11/30/2012,12,,=,,05/13/2015,865,,2200113540,,C1,,,,,,,4E,,48HR MIN
NM0028762,2,1800023151,3638729251,001,1800023151,A,1,3600454240,7.96,3629483250,3616573928,,,9,,,D90,"DMR, Limited - Overdue",00400,pH,12,SU,07/31/2016,1,,=,12,10/11/2018,713,,1800044066,7.96,C3,K,"Non-receipt Violation, Non-Monthly Average",11/28/2016,2,RE - Back into Compliance,10/11/2018,MB,N,MAXIMUM
NM0020583,1,20044319,21433504,001,20044319,A,1,58086674,51.57,43874974,27617334,,,45,,,E90,"DMR, Limited - Numeric Violation",00530,"Solids, total suspended",19,mg/L,05/31/2003,1,15,,,06/17/2003,2,,20210287,51.57,C3,,,,,,,7A,N,7 DA AVG
NM0020583,2,20044318,601777097,001,20044318,A,1,601033336,20,603150910,601804293,,,126,,,E90,"DMR, Limited - Numeric Violation",51040,E. coli,30,MPN/100mL,11/30/2007,1,99999,>,,12/21/2007,6,,20210280,20,C2,,,,,,,3H,A,30DAVGEO
NM0028762,1,20044410,1400734908,001,20044410,A,1,606948529,.9,1401772320,1401006616,,,.75,,,E90,"DMR, Limited - Numeric Violation",01105,"Aluminum, total [as Al]",19,mg/L,12/31/2008,1,20,=,,01/22/2009,,,600097487,.9,C3,,,,,,,DD,N,DAILY MX
NM0028762,0,3602944933,3678630703,001,3602944933,A,1,3920700815,13,3826639818,3722295148,,,.011,,,E90,"DMR, Limited - Numeric Violation",50060,"Chlorine, total residual",19,mg/L,07/31/2024,1,18,=,28,09/26/2024,,,3606351873,.013,C3,,,,,,,DD,N,DAILY MX
NM0020583,1,20044319,21433410,001,20044319,A,1,58085865,2044.83,43874735,27617173,,,658.754,,,E90,"DMR, Limited - Numeric Violation",00310,"BOD, 5-day, 20 deg. C",01,kg/d,12/31/2002,1,41,,,03/04/2003,48,,20210285,928.35282,Q1,T,TRC Limitations Exceeded,02/28/2003,2,RE - Back into Compliance,08/31/2003,3C,A,30DA AVG
NM0000116,3,2200037726,2602759678,004,2200037726,A,1,,,,,,,6,,,D90,"DMR, Limited - Overdue",00400,pH,12,SU,10/31/2011,1,,,,,,,2200113551,,C1,,,,,,,ME,,MINIMUM
NM0000116,3,2200037726,2602759659,004,2200037726,A,1,,,,,,,6,,,D90,"DMR, Limited - Overdue",00400,pH,12,SU,12/31/2011,1,,,,,,,2200113551,,C1,,,,,,,ME,,MINIMUM
NM0000116,3,2200037726,2602759673,001,2200037726,A,1,,,,,,,,,,D80,"DMR, Monitor Only - Overdue",00900,"Hardness, total [as CaCO3]",19,mg/L,10/31/2011,1,,,,,,,2200113549,,C3,K,"Non-receipt Violation, Non-Monthly Average",02/28/2012,0,RE - Automated Administratively Resolved (DMR Non-Receipt Violations),02/28/2014,DD,N,DAILY MX
NM0028762,2,1800023151,2600771148,001,1800023151,A,1,1805556052,95,2601455844,2600839512,,,.019,EFF,"Effluent Limit Violations,Not Otherwise Specified",E90,"DMR, Limited - Numeric Violation",50060,"Chlorine, total residual",19,mg/L,01/31/2011,1,400,=,,04/27/2011,,,1800044104,.095,C3,,,,,,,DD,N,DAILY MX
NM0028762,2,1800023151,2600771148,001,1800023151,A,1,1805556052,95,2601455844,2600839512,,,.019,NODMR,Failure To Submit DMR,E90,"DMR, Limited - Numeric Violation",50060,"Chlorine, total residual",19,mg/L,01/31/2011,1,400,=,,04/27/2011,,,1800044104,.095,C3,,,,,,,DD,N,DAILY MX
NM0020583,1,20044319,21433463,001,20044319,A,1,58086663,49.08,43874883,27617332,,,30,,,E90,"DMR, Limited - Numeric Violation",00530,"Solids, total suspended",19,mg/L,03/31/2003,1,64,,,04/16/2003,1,,20210287,49.08,C2,T,TRC Limitations Exceeded,03/31/2003,2,RE - Back into Compliance,08/31/2003,3C,A,30DA AVG
NM0020583,0,3602878711,3680285545,001,3602878711,A,1,3920643758,48,3834617625,3726695384,,,.022,,,E90,"DMR, Limited - Numeric Violation",00720,"Cyanide, total [as CN]",19,mg/L,12/31/2024,1,118,=,28,01/15/2025,,,3606350737,.048,C3,,,,,,,DD,N,DAILY MX
NM0020583,1,20044319,21433403,001,20044319,A,1,58086643,35.59,43874703,27617328,,,30,,,E90,"DMR, Limited - Numeric Violation",00530,"Solids, total suspended",19,mg/L,11/30/2002,1,19,,,12/16/2002,1,,20210287,35.59,C2,V,Other Violation with TRC,02/28/2003,5,RE - Resolved RP by NPDES Closure of Enf. Action Final Order with Comp. Schedule,05/01/2013,3C,A,30DA AVG
NM0028762,2,1800023151,2200094467,001,1800023151,A,1,1805556005,21.5,1806928806,1803911542,,,,,,D80,"DMR, Monitor Only - Overdue",00530,"Solids, total suspended",01,kg/d,05/31/2010,1,,=,,10/25/2010,89,,1800044065,9.76099992,Q2,K,"Non-receipt Violation, Non-Monthly Average",08/28/2010,2,RE - Back into Compliance,10/25/2010,DD,N,DAILY MX
NM0028762,1,20044410,1800971774,001,20044410,Q,1,1000774545,360,2606218220,2603372660,,,,,,D80,"DMR, Monitor Only - Overdue",70295,"Solids, total dissolved",19,mg/L,09/30/2009,3,,=,,09/23/2011,695,,600097489,360,C2,N,Non-Receipt of DMR/Schedule Report,11/28/2009,2,RE - Back into Compliance,09/23/2011,MK,A,MO AVG
NM0028762,3,3600771189,3630256340,001,3600771189,A,1,3600454390,4,3629483576,3616574224,,,20,,,D90,"DMR, Limited - Overdue",00530,"Solids, total suspended",19,mg/L,09/30/2016,1,,<,19,10/17/2017,354,,3601482267,4,C2,N,Non-Receipt of DMR/Schedule Report,11/28/2016,2,RE - Back into Compliance,10/17/2017,MK,A,MO AVG
NM0020583,4,3600830134,3647582121,001,3600830134,A,1,3664422071,345,3703911653,3656114806,,,235,,,E90,"DMR, Limited - Numeric Violation",51040,E. coli,30,MPN/100mL,12/31/2019,1,47,=,3Z,01/15/2020,,,3601680592,345,C3,,,,,,,DD,N,DAILY MX
NM0028762,1,20044410,1401067216,001,20044410,A,1,1000774001,1.6,1403077692,1401739107,,,.75,,,E90,"DMR, Limited - Numeric Violation",01105,"Aluminum, total [as Al]",19,mg/L,01/31/2009,1,113,=,,04/21/2009,,,600097487,1.6,C3,,,,,,,DD,N,DAILY MX
NM0028762,1,20044410,2601150429,001,20044410,A,1,606948492,.8,2602598738,2601443715,,,.5,,,E90,"DMR, Limited - Numeric Violation",01105,"Aluminum, total [as Al]",19,mg/L,06/30/2007,1,60,=,,07/23/2007,408,,600097487,.8,C2,,,,,,,MK,A,MO AVG
NM0020583,0,3602878711,3683354973,001,3602878711,A,1,3920642888,8,3848301382,3734262687,,,45,,,E90,"DMR, Limited - Numeric Violation",00310,"BOD, 5-day, 20 deg. C",19,mg/L,06/30/2025,1,99999,>,19,07/08/2025,,,3606239979,8,C3,,,,,,,7A,N,7 DA AVG
NM0000116,4,3600693178,3631819935,001,3600693178,A,1,3632001556,,3647763571,3626794246,E,,.000011,,,D90,"DMR, Limited - Overdue",01042,"Copper, total [as Cu]",19,mg/L,09/30/2017,1,,,,10/18/2017,,,3601250773,,C3,K,"Non-receipt Violation, Non-Monthly Average",11/28/2017,0,RE - Automated Administratively Resolved (DMR Non-Receipt Violations),11/28/2019,DD,N,DAILY MX
NM0000116,1,20044287,200000804,001,20044287,A,1,,,,,,,,,,D80,"DMR, Monitor Only - Overdue",01022,"Boron, total [as B]",19,mg/L,01/31/2006,1,,,,,,,20209087,,C3,K,"Non-receipt Violation, Non-Monthly Average",05/29/2006,0,RE - Automated Administratively Resolved (DMR Non-Receipt Violations),09/30/2011,DD,N,DAILY MX
NM0020583,1,20044319,21433423,001,20044319,A,1,58087038,600,43874753,27617407,,,.5,,,E90,"DMR, Limited - Numeric Violation",01105,"Aluminum, total [as Al]",19,mg/L,12/31/2002,1,20,,,03/04/2003,48,,20210288,.6,C2,C,Chronic Violation,02/28/2003,2,RE - Back into Compliance,07/31/2003,3C,A,30DA AVG
NM0000116,3,2200037726,3403704657,TX1,2200037726,Y,1,2205473178,,3607901446,3604420889,C,,,,,D80,"DMR, Monitor Only - Overdue",TOM3D,NOAEC Lethal Statis Renewal 48 Hr Acute Daphnia pulex,23,%,11/30/2013,12,,=,,05/13/2015,500,,2200113518,,C2,,,,,,,MJ,,MO AV MN
NM0020583,1,20044319,21433503,001,20044319,A,1,58086673,33.99,43874973,27617334,,,30,,,E90,"DMR, Limited - Numeric Violation",00530,"Solids, total suspended",19,mg/L,05/31/2003,1,13,,,06/17/2003,2,,20210287,33.99,C2,V,Other Violation with TRC,05/31/2003,2,RE - Back into Compliance,08/31/2003,3C,A,30DA AVG
NM0020583,0,3602878711,3680285546,001,3602878711,A,1,3920643759,1.358,3834617622,3726695384,,,.370918,,,E90,"DMR, Limited - Numeric Violation",00720,"Cyanide, total [as CN]",01,kg/d,12/31/2024,1,66,=,26,01/15/2025,,,3606350737,.61653199,Q1,T,TRC Limitations Exceeded,01/31/2025,6,RE - Manual Resolution by Enforcement Action,01/31/2025,3C,A,30DA AVG
NM0028762,3,3600771189,3639473484,001,3600771189,Q,1,3662550666,,3676107678,3640927931,8,,,EFF,"Effluent Limit Violations,Not Otherwise Specified",D80,"DMR, Monitor Only - Overdue",01106,"Aluminum, dissolved [as Al]",01,kg/d,09/30/2018,3,,,,10/11/2018,,,3601725081,,Q1,N,Non-Receipt of DMR/Schedule Report,11/28/2018,0,RE - Automated Administratively Resolved (DMR Non-Receipt Violations),11/28/2020,MK,A,MO AVG
NM0028762,3,3600771189,3639473484,001,3600771189,Q,1,3662550666,,3676107678,3640927931,8,,,EFF,"Effluent Limit Violations,Not Otherwise Specified",D80,"DMR, Monitor Only - Overdue",01106,"Aluminum, dissolved [as Al]",01,kg/d,09/30/2018,3,,,,10/11/2018,,,3601725081,,Q1,N,Non-Receipt of DMR/Schedule Report,11/28/2018,0,RE - Automated Administratively Resolved (DMR Non-Receipt Violations),11/28/2020,MK,A,MO AVG
NM0028762,3,3600771189,3639473484,001,3600771189,Q,1,3662550666,,3676107678,3640927931,8,,,NODMR,Failure To Submit DMR,D80,"DMR, Monitor Only - Overdue",01106,"Aluminum, dissolved [as Al]",01,kg/d,09/30/2018,3,,,,10/11/2018,,,3601725081,,Q1,N,Non-Receipt of DMR/Schedule Report,11/28/2018,0,RE - Automated Administratively Resolved (DMR Non-Receipt Violations),11/28/2020,MK,A,MO AVG
NM0028762,3,3600771189,3639473484,001,3600771189,Q,1,3662550666,,3676107678,3640927931,8,,,EFF,"Effluent Limit Violations,Not Otherwise Specified",D80,"DMR, Monitor Only - Overdue",01106,"Aluminum, dissolved [as Al]",01,kg/d,09/30/2018,3,,,,10/11/2018,,,3601725081,,Q1,N,Non-Receipt of DMR/Schedule Report,11/28/2018,0,RE - Automated Administratively Resolved (DMR Non-Receipt Violations),11/28/2020,MK,A,MO AVG
NM0028762,3,3600771189,3639473484,001,3600771189,Q,1,3662550666,,3676107678,3640927931,8,,,NODMR,Failure To Submit DMR,D80,"DMR, Monitor Only - Overdue",01106,"Aluminum, dissolved [as Al]",01,kg/d,09/30/2018,3,,,,10/11/2018,,,3601725081,,Q1,N,Non-Receipt of DMR/Schedule Report,11/28/2018,0,RE - Automated Administratively Resolved (DMR Non-Receipt Violations),11/28/2020,MK,A,MO AVG
NM0000116,3,2200037726,2602759675,001,2200037726,A,1,,,,,,,,,,D80,"DMR, Monitor Only - Overdue",50050,"Flow, in conduit or thru treatment plant",03,MGD,12/31/2011,1,,,,,,,2200113516,,Q2,K,"Non-receipt Violation, Non-Monthly Average",02/28/2012,0,RE - Automated Administratively Resolved (DMR Non-Receipt Violations),02/28/2014,DD,N,DAILY MX
NM0020583,0,3602878711,3683354971,001,3602878711,A,1,3920642904,270020,3848301366,3734262682,,,31900000000,,,E90,"DMR, Limited - Numeric Violation",51040,E. coli,9Y,CFU/d,06/30/2025,1,746,=,9Z,07/08/2025,,,3606239976,270020000000,Q2,,,,,,,DD,N,DAILY MX
NM0020583,3,2200016809,3604206727,001,2200016809,A,2,3600451858,408,3623286998,3613069434,,,400,,,E90,"DMR, Limited - Numeric Violation",70295,"Solids, total dissolved",19,mg/L,05/31/2016,1,2,=,19,06/15/2016,,,2200047762,408,C2,C,Chronic Violation,05/31/2016,2,RE - Back into Compliance,09/30/2016,3C,A,30DA AVG
NM0000116,2,20044286,2200766435,001,20044286,A,1,57975269,,2602330281,2601309551,C,,,,,D80,"DMR, Monitor Only - Overdue",01051,"Lead, total [as Pb]",19,mg/L,07/31/2010,1,,=,,05/27/2011,211,,20209077,,C3,K,"Non-receipt Violation, Non-Monthly Average",11/28/2010,2,RE - Back into Compliance,05/27/2011,DD,N,DAILY MX
NM0020583,0,3602878711,3685992836,001,3602878711,A,1,3920643113,192,3864008115,3743227956,,,757.72599363,,,E90,"DMR, Limited - Numeric Violation",00310,"BOD, 5-day, 20 deg. C",01,kg/d,01/31/2026,1,99999,>,26,02/13/2026,,,3606239979,87.16799927,Q1,,,,,,,3C,A,30DA AVG
NM0000116,3,2200037726,2602625035,TX1,2200037726,Y,1,2205473157,,3607901435,3604420884,C,,,,,D80,"DMR, Monitor Only - Overdue",TOM3D,NOAEC Lethal Statis Renewal 48 Hr Acute Daphnia pulex,23,%,11/30/2011,12,,=,,05/13/2015,1231,,2200113518,,C1,,,,,,,4E,,48HR MIN
NM0000116,3,2200037726,3600658722,TX1,2200037726,Y,1,2205473186,,3607901456,3604420894,E,,,,,D80,"DMR, Monitor Only - Overdue",TEM3D,Low Flow Pass/Fail Static Renewal 48Hr Acute Daphnia pulex,9A,pass=0;fail=1,11/30/2014,12,,=,,05/13/2015,135,,2200113522,,C2,,,,,,,MJ,,MO AV MN
NM0020583,4,3600830134,3618421621,001,3600830134,A,1,3628321514,46,3637349596,3621138732,,,45,,,E90,"DMR, Limited - Numeric Violation",00310,"BOD, 5-day, 20 deg. C",19,mg/L,03/31/2017,1,2,=,19,04/13/2017,,,3601680586,46,C3,,,,,,,7A,N,7 DA AVG
NM0020583,3,2200016809,3000041914,001,2200016809,A,2,2203563683,439,3000288727,3000158901,,,400,PRMTVL,Violation Of A Permit Requirement,E90,"DMR, Limited - Numeric Violation",70295,"Solids, total dissolved",19,mg/L,02/29/2012,1,10,=,19,03/13/2012,,,2200047762,439,C2,C,Chronic Violation,02/29/2012,2,RE - Back into Compliance,08/31/2012,3C,A,30DA AVG
NM0028762,2,1800023151,1802037479,001,1800023151,Q,1,1805556548,,1805485438,1803110716,E,,,,,D80,"DMR, Monitor Only - Overdue",70295,"Solids, total dissolved",01,kg/d,03/31/2010,3,,,,10/25/2010,180,,1800044064,,Q2,K,"Non-receipt Violation, Non-Monthly Average",05/29/2010,0,RE - Automated Administratively Resolved (DMR Non-Receipt Violations),05/29/2012,DD,N,DAILY MX
NM0020583,2,20044318,601702451,001,20044318,A,1,601033335,8000,602962506,601695514,,,410,,,E90,"DMR, Limited - Numeric Violation",51040,E. coli,30,MPN/100mL,10/31/2007,1,99999,>,,11/15/2007,,,20210280,8000,C3,,,,,,,DD,N,DAILY MX
NM0020583,4,3600830134,3631989134,001,3600830134,A,1,,,,,,,85,,,D90,"DMR, Limited - Overdue",81011,"Solids, suspended percent removal",23,%,07/31/2017,1,,,,,,,3602996646,,C1,,,,,,,MJ,,MO AV MN
NM0020583,1,20044319,21433433,001,20044319,A,1,58086653,41.45,43874793,27617330,,,30,,,E90,"DMR, Limited - Numeric Violation",00530,"Solids, total suspended",19,mg/L,01/31/2003,1,38,,,02/19/2003,4,,20210287,41.45,C2,V,Other Violation with TRC,02/28/2003,2,RE - Back into Compliance,08/31/2003,3C,A,30DA AVG
NM0020583,2,20044318,601777100,001,20044318,A,1,58085534,6000,603150921,601804300,,,200,,,E90,"DMR, Limited - Numeric Violation",74055,"Coliform, fecal general",30,MPN/100mL,11/30/2007,1,99999,>,,12/21/2007,6,,20210283,6000,C3,,,,,,,DD,N,DAILY MX
NM0000116,3,2200037726,2602624975,TX1,2200037726,Y,1,2205473159,,3607901437,3604420885,C,,,,,D80,"DMR, Monitor Only - Overdue",TQM3D,Coef Of Var Static Renewal 48Hr Acute D. pulex,23,%,11/30/2011,12,,=,,05/13/2015,1231,,2200113521,,C1,,,,,,,4E,,48HR MIN
NM0028762,2,1800023151,3638729253,001,1800023151,A,1,3600454250,4,3629483252,3616573929,,,30,,,D90,"DMR, Limited - Overdue",00530,"Solids, total suspended",19,mg/L,07/31/2016,1,,<=,19,10/11/2018,713,,1800044065,4,C3,K,"Non-receipt Violation, Non-Monthly Average",11/28/2016,2,RE - Back into Compliance,10/11/2018,DD,N,DAILY MX
NM0020583,0,3602878711,3667419808,001,3602878711,A,1,3860918080,386069,3779607515,3695907564,,,31900000000,EFF,"Effluent Limit Violations,Not Otherwise Specified",E90,"DMR, Limited - Numeric Violation",51040,E. coli,9Y,CFU/d,10/31/2022,1,99999,>,9Z,11/14/2022,,,3606239976,386069000000,Q2,,,,,,,DD,N,DAILY MX
NM0020583,1,20044319,21433400,001,20044319,A,1,58086640,1459.14,43874700,27617328,,,658.754,,,E90,"DMR, Limited - Numeric Violation",00530,"Solids, total suspended",01,kg/d,11/30/2002,1,1,,,12/16/2002,1,,20210287,662.44956,Q1,V,Other Violation with TRC,02/28/2003,5,RE - Resolved RP by NPDES Closure of Enf. Action Final Order with Comp. Schedule,05/01/2013,3C,A,30DA AVG
NM0028762,1,20044410,1400734913,001,20044410,A,1,606948525,.82,1401772783,1401006940,,,.75,,,E90,"DMR, Limited - Numeric Violation",01105,"Aluminum, total [as Al]",19,mg/L,10/31/2008,1,9,=,,01/22/2009,,,600097487,.82,C3,,,,,,,DD,N,DAILY MX
NM0000116,3,2200037726,2602759644,001,2200037726,A,1,,,,,,,,,,D80,"DMR, Monitor Only - Overdue",01106,"Aluminum, dissolved [as Al]",19,mg/L,10/31/2011,1,,,,,,,2200113546,,C3,K,"Non-receipt Violation, Non-Monthly Average",02/28/2012,0,RE - Automated Administratively Resolved (DMR Non-Receipt Violations),02/28/2014,DD,N,DAILY MX
NM0000116,3,2200037726,2602759696,004,2200037726,A,1,,,,,,,50,,,D90,"DMR, Limited - Overdue",00530,"Solids, total suspended",19,mg/L,10/31/2011,1,,,,,,,2200113552,,C3,K,"Non-receipt Violation, Non-Monthly Average",02/28/2012,0,RE - Automated Administratively Resolved (DMR Non-Receipt Violations),02/28/2014,DD,N,DAILY MX
NM0028762,1,20044410,1800971647,001,20044410,A,1,1000774233,.38,2606218239,2603372669,,,,,,D80,"DMR, Monitor Only - Overdue",50050,"Flow, in conduit or thru treatment plant",03,MGD,08/31/2009,1,,=,,09/23/2011,695,,600097481,.38,Q2,K,"Non-receipt Violation, Non-Monthly Average",11/28/2009,2,RE - Back into Compliance,09/23/2011,DD,N,DAILY MX
NM0000116,3,2200037726,3403704733,TX1,2200037726,Y,1,2205473176,,3607901444,3604420888,C,,,,,D80,"DMR, Monitor Only - Overdue",TEM3D,Low Flow Pass/Fail Static Renewal 48Hr Acute Daphnia pulex,9A,pass=0;fail=1,11/30/2013,12,,=,,05/13/2015,500,,2200113522,,C2,,,,,,,MJ,,MO AV MN
NM0028762,2,1800023151,3402287641,001,1800023151,A,1,1805556371,38,3409824071,3405705360,,,.019,,,E90,"DMR, Limited - Numeric Violation",50060,"Chlorine, total residual",19,mg/L,06/30/2013,1,100,=,,07/29/2013,1,,1800044104,.038,C3,,,,,,,DD,N,DAILY MX
NM0000116,1,20044287,200000781,001,20044287,A,1,,,,,,,50,,,D90,"DMR, Limited - Overdue",00530,"Solids, total suspended",19,mg/L,01/31/2006,1,,,,,,,20209085,,C3,K,"Non-receipt Violation, Non-Monthly Average",05/29/2006,0,RE - Automated Administratively Resolved (DMR Non-Receipt Violations),09/30/2011,DD,N,DAILY MX
NM0000116,3,2200037726,3600285064,004,2200037726,A,1,,,,,,,6,,,D90,"DMR, Limited - Overdue",00400,pH,12,SU,07/31/2014,1,,,,,,,2200113551,,C1,,,,,,,ME,,MINIMUM
NM0000116,1,20044287,200000886,001,20044287,A,1,,,,,,,.000012,,,D90,"DMR, Limited - Overdue",71900,"Mercury, total [as Hg]",19,mg/L,03/31/2006,1,,,,,,,20209093,,C3,K,"Non-receipt Violation, Non-Monthly Average",05/29/2006,0,RE - Automated Administratively Resolved (DMR Non-Receipt Violations),09/30/2011,DD,N,DAILY MX
NM0000116,3,2200037726,3600828616,004,2200037726,A,1,,,,,,,6,,,D90,"DMR, Limited - Overdue",00400,pH,12,SU,12/31/2014,1,,,,,,,2200113551,,C1,,,,,,,ME,,MINIMUM
NM0000116,3,2200037726,3400491561,TX1,2200037726,Y,1,2205473167,,3607901346,3604420829,C,,,,,D80,"DMR, Monitor Only - Overdue",TOM3D,NOAEC Lethal Statis Renewal 48 Hr Acute Daphnia pulex,23,%,11/30/2012,12,,=,,05/13/2015,865,,2200113518,,C1,,,,,,,4E,,48HR MIN
NM0020583,3,2200016809,3400346241,001,2200016809,A,2,2203563713,440,3401494134,3400875693,,,400,PRMTVL,Violation Of A Permit Requirement,E90,"DMR, Limited - Numeric Violation",70295,"Solids, total dissolved",19,mg/L,12/31/2012,1,10,=,19,01/10/2013,,,2200047762,440,C2,C,Chronic Violation,01/31/2013,5,RE - Resolved RP by NPDES Closure of Enf. Action Final Order with Comp. Schedule,08/08/2018,3C,A,30DA AVG
NM0020583,3,2200016809,3601383168,001,2200016809,A,1,2203205039,238,3607633719,3604282325,,,126,,,E90,"DMR, Limited - Numeric Violation",51040,E. coli,30,MPN/100mL,04/30/2015,1,89,=,3Z,05/13/2015,,,2200047763,238,C3,,,,,,,DD,N,DAILY MX
NM0028762,3,3600771189,3661263391,001,3600771189,Q,1,3655439108,,3743802918,3676657694,D,,,EFF,"Effluent Limit Violations,Not Otherwise Specified",D80,"DMR, Monitor Only - Overdue",70295,"Solids, total dissolved",01,kg/d,06/30/2021,3,,,,07/13/2021,,,3601482265,,Q2,K,"Non-receipt Violation, Non-Monthly Average",08/28/2021,0,RE - Automated Administratively Resolved (DMR Non-Receipt Violations),08/28/2022,DD,N,DAILY MX
NM0028762,3,3600771189,3661263391,001,3600771189,Q,1,3655439108,,3743802918,3676657694,D,,,NODMR,Failure To Submit DMR,D80,"DMR, Monitor Only - Overdue",70295,"Solids, total dissolved",01,kg/d,06/30/2021,3,,,,07/13/2021,,,3601482265,,Q2,K,"Non-receipt Violation, Non-Monthly Average",08/28/2021,0,RE - Automated Administratively Resolved (DMR Non-Receipt Violations),08/28/2022,DD,N,DAILY MX
NM0028762,3,3600771189,3661263391,001,3600771189,Q,1,3655439108,,3743802918,3676657694,D,,,EFF,"Effluent Limit Violations,Not Otherwise Specified",D80,"DMR, Monitor Only - Overdue",70295,"Solids, total dissolved",01,kg/d,06/30/2021,3,,,,07/13/2021,,,3601482265,,Q2,K,"Non-receipt Violation, Non-Monthly Average",08/28/2021,0,RE - Automated Administratively Resolved (DMR Non-Receipt Violations),08/28/2022,DD,N,DAILY MX
NM0000116,3,2200037726,3600658715,TX4,2200037726,Y,1,2205473229,,3607901514,3604420922,C,,,,,D80,"DMR, Monitor Only - Overdue",TQM3D,Coef Of Var Static Renewal 48Hr Acute D. pulex,23,%,11/30/2014,12,,=,,05/13/2015,135,,2200113542,,C1,,,,,,,4E,,48HR MIN
NM0028762,3,3600771189,3660134587,001,3600771189,A,1,3655093327,27,3743822806,3676669124,,,20,EFF,"Effluent Limit Violations,Not Otherwise Specified",E90,"DMR, Limited - Numeric Violation",00530,"Solids, total suspended",19,mg/L,06/30/2021,1,35,=,19,07/13/2021,,,3601482267,27,C2,,,,,,,MK,A,MO AVG
NM0028762,3,3600771189,3660134587,001,3600771189,A,1,3655093327,27,3743822806,3676669124,,,20,NODMR,Failure To Submit DMR,E90,"DMR, Limited - Numeric Violation",00530,"Solids, total suspended",19,mg/L,06/30/2021,1,35,=,19,07/13/2021,,,3601482267,27,C2,,,,,,,MK,A,MO AVG
NM0028762,3,3600771189,3660134587,001,3600771189,A,1,3655093327,27,3743822806,3676669124,,,20,EFF,"Effluent Limit Violations,Not Otherwise Specified",E90,"DMR, Limited - Numeric Violation",00530,"Solids, total suspended",19,mg/L,06/30/2021,1,35,=,19,07/13/2021,,,3601482267,27,C2,,,,,,,MK,A,MO AVG
NM0028762,0,3602944933,3670838298,001,3602944933,A,1,3910548397,39,3796757093,3705438055,,,30,,,E90,"DMR, Limited - Numeric Violation",00530,"Solids, total suspended",19,mg/L,05/31/2023,1,30,=,19,07/17/2023,,,3606351871,39,C3,,,,,,,DD,N,DAILY MX
NM0028762,2,1800023151,3600112826,001,1800023151,A,1,1805556509,46,3600790320,3600452529,,,30,,,E90,"DMR, Limited - Numeric Violation",00530,"Solids, total suspended",19,mg/L,07/31/2014,1,53,=,,10/20/2014,,,1800044065,46,C3,,,,,,,DD,N,DAILY MX
NM0028762,3,3600771189,3630256342,001,3600771189,A,1,3600454398,.212,3629483578,3616574224,,,,,,D80,"DMR, Monitor Only - Overdue",00530,"Solids, total suspended",01,kg/d,09/30/2016,1,,=,26,10/17/2017,354,,3601482267,.096248,Q1,N,Non-Receipt of DMR/Schedule Report,11/28/2016,2,RE - Back into Compliance,10/17/2017,MK,A,MO AVG
NM0000116,2,20044286,2200766344,001,20044286,A,1,57973694,,2602330276,2601309546,C,,50,,,D90,"DMR, Limited - Overdue",00530,"Solids, total suspended",19,mg/L,07/31/2010,1,,=,,05/27/2011,211,,20209072,,C3,K,"Non-receipt Violation, Non-Monthly Average",11/28/2010,2,RE - Back into Compliance,05/27/2011,DD,N,DAILY MX
NM0020583,3,2200016809,3604565755,TX1,2200016809,Q,1,3651140145,0,3626637154,3614968189,,,,,,D80,"DMR, Monitor Only - Overdue",TQM6C,Coef Of Var Static Renewal 48Hr Acute Pimephales promelas,23,%,06/30/2016,3,,=,23,08/25/2016,41,,2200047804,0,C1,,,,,,,4E,,48HR MIN
NM0028762,1,20044410,1400136159,001,20044410,A,A,606948554,75,1400070973,1400039681,,,.019,,,E90,"DMR, Limited - Numeric Violation",50060,"Chlorine, total residual",19,mg/L,04/30/2008,1,295,=,,07/25/2008,,,600097488,.075,C3,R,"TRC Limitations Exceeded, Non-Monthly Average",06/30/2008,2,RE - Back into Compliance,03/31/2009,IA,N,INST MAX
NM0000116,2,20044286,2200766393,001,20044286,A,1,57976840,,2602330286,2601309556,C,,,,,D80,"DMR, Monitor Only - Overdue",50050,"Flow, in conduit or thru treatment plant",03,MGD,07/31/2010,1,,=,,05/27/2011,211,,20209082,,Q1,N,Non-Receipt of DMR/Schedule Report,11/28/2010,2,RE - Back into Compliance,05/27/2011,DB,A,DAILY AV
NM0020583,1,20044319,21433363,001,20044319,A,1,58086598,31.01,43874298,27617319,,,30,,,E90,"DMR, Limited - Numeric Violation",00530,"Solids, total suspended",19,mg/L,02/28/2002,1,3,,,03/18/2002,3,,20210287,31.01,C2,C,Chronic Violation,03/31/2002,2,RE - Back into Compliance,06/30/2002,3C,A,30DA AVG
NM0020583,0,3602878711,3683686789,001,3602878711,A,1,3920643787,1.546,3851430860,3736161213,,,.370918,,,E90,"DMR, Limited - Numeric Violation",00720,"Cyanide, total [as CN]",01,kg/d,07/31/2025,1,89,=,26,08/18/2025,3,,3606350737,.70188399,Q1,T,TRC Limitations Exceeded,07/31/2025,2,RE - Back into Compliance,09/30/2025,3C,A,30DA AVG
NM0000116,3,2200037726,3400491553,TX1,2200037726,Y,1,2205473169,,3607901348,3604420830,C,,,,,D80,"DMR, Monitor Only - Overdue",TQM3D,Coef Of Var Static Renewal 48Hr Acute D. pulex,23,%,11/30/2012,12,,=,,05/13/2015,865,,2200113521,,C1,,,,,,,4E,,48HR MIN
NM0020583,3,2200016809,3401333146,001,2200016809,A,A,2203204487,21,3406223782,3403752518,,,.019,EFF,"Effluent Limit Violations,Not Otherwise Specified",E90,"DMR, Limited - Numeric Violation",50060,"Chlorine, total residual",19,mg/L,03/31/2013,1,11,=,28,04/10/2013,,,2200047770,.021,C3,,,,,,,IA,N,INST MAX
NM0000116,2,20044286,2200766386,001,20044286,A,1,57976529,,2602330285,2601309555,C,,,,,D80,"DMR, Monitor Only - Overdue",01147,"Selenium, total [as Se]",19,mg/L,07/31/2010,1,,=,,05/27/2011,211,,20209081,,C3,K,"Non-receipt Violation, Non-Monthly Average",11/28/2010,2,RE - Back into Compliance,05/27/2011,DD,N,DAILY MX
NM0020583,3,2200016809,3603574509,001,2200016809,A,2,3600451155,463,3619512903,3610949906,,,400,,,E90,"DMR, Limited - Numeric Violation",70295,"Solids, total dissolved",19,mg/L,02/29/2016,1,16,=,19,03/11/2016,,,2200047762,463,C2,C,Chronic Violation,02/29/2016,2,RE - Back into Compliance,09/30/2016,3C,A,30DA AVG
NM0020583,3,2200016809,2602575812,001,2200016809,A,2,2203563677,452,2609026209,2604882525,,,400,EFF,"Effluent Limit Violations,Not Otherwise Specified",E90,"DMR, Limited - Numeric Violation",70295,"Solids, total dissolved",19,mg/L,12/31/2011,1,13,=,19,01/12/2012,,,2200047762,452,C2,C,Chronic Violation,01/31/2012,5,RE - Resolved RP by NPDES Closure of Enf. Action Final Order with Comp. Schedule,07/17/2025,3C,A,30DA AVG
NM0020583,3,2200016809,2602575812,001,2200016809,A,2,2203563677,452,2609026209,2604882525,,,400,PRMTVL,Violation Of A Permit Requirement,E90,"DMR, Limited - Numeric Violation",70295,"Solids, total dissolved",19,mg/L,12/31/2011,1,13,=,19,01/12/2012,,,2200047762,452,C2,C,Chronic Violation,01/31/2012,5,RE - Resolved RP by NPDES Closure of Enf. Action Final Order with Comp. Schedule,07/17/2025,3C,A,30DA AVG
NM0000116,3,2200037726,2602759710,001,2200037726,A,1,,,,,,,,,,D80,"DMR, Monitor Only - Overdue",00900,"Hardness, total [as CaCO3]",19,mg/L,12/31/2011,1,,,,,,,2200113549,,C3,K,"Non-receipt Violation, Non-Monthly Average",02/28/2012,0,RE - Automated Administratively Resolved (DMR Non-Receipt Violations),02/28/2014,DD,N,DAILY MX
NM0028762,1,20044410,1800971781,001,20044410,Q,1,1000774548,690,2606218222,2603372660,,,,,,D80,"DMR, Monitor Only - Overdue",70295,"Solids, total dissolved",01,kg/d,09/30/2009,3,,=,,09/23/2011,695,,600097489,313.25999737,Q1,N,Non-Receipt of DMR/Schedule Report,11/28/2009,2,RE - Back into Compliance,09/23/2011,MK,A,MO AVG
NM0020583,2,20044318,200002613,TX1,20044318,Q,1,58091253,12.09,1000665453,1000382518,,,,,,D80,"DMR, Monitor Only - Overdue",TQM3D,Coef Of Var Static Renewal 48Hr Acute D. pulex,23,%,03/31/2006,3,,=,,05/16/2006,31,,20210365,12.09,C2,,,,,,,MJ,,MO AV MN
NM0020583,1,20044319,21433480,001,20044319,A,1,58086665,1658.19,43874925,27617333,,,658.754,,,E90,"DMR, Limited - Numeric Violation",00530,"Solids, total suspended",01,kg/d,04/30/2003,1,14,,,05/19/2003,4,,20210287,752.81826,Q1,,,,,,,3C,A,30DA AVG
NM0000116,2,20044286,600357226,001,20044286,A,1,57973469,84,600921769,600525229,,,50,,,E90,"DMR, Limited - Numeric Violation",00530,"Solids, total suspended",19,mg/L,10/31/2006,1,68,=,,01/08/2007,,,20209072,84,C3,R,"TRC Limitations Exceeded, Non-Monthly Average",11/30/2006,2,RE - Back into Compliance,03/31/2007,DD,N,DAILY MX
NM0020583,4,3600830134,3644246091,001,3600830134,A,1,3664422027,16,3702082537,3655166910,,,45,,,E90,"DMR, Limited - Numeric Violation",00310,"BOD, 5-day, 20 deg. C",19,mg/L,11/30/2019,1,99999,>,19,12/12/2019,,,3601680586,16,C3,,,,,,,7A,N,7 DA AVG
NM0020583,4,3600830134,3644246090,001,3600830134,A,1,3664422026,14,3702082536,3655166910,,,30,,,E90,"DMR, Limited - Numeric Violation",00310,"BOD, 5-day, 20 deg. C",19,mg/L,11/30/2019,1,99999,>,19,12/12/2019,,,3601680586,14,C2,,,,,,,3C,A,30DA AVG
NM0028762,3,3600771189,3655981816,001,3600771189,A,1,3655093255,21,3731772621,3670441634,,,.019,EFF,"Effluent Limit Violations,Not Otherwise Specified",E90,"DMR, Limited - Numeric Violation",50060,"Chlorine, total residual",19,mg/L,12/31/2020,1,11,=,28,01/25/2021,,,3601482269,.021,C3,,,,,,,DD,N,DAILY MX
NM0028762,3,3600771189,3655981816,001,3600771189,A,1,3655093255,21,3731772621,3670441634,,,.019,NODMR,Failure To Submit DMR,E90,"DMR, Limited - Numeric Violation",50060,"Chlorine, total residual",19,mg/L,12/31/2020,1,11,=,28,01/25/2021,,,3601482269,.021,C3,,,,,,,DD,N,DAILY MX
NM0028762,3,3600771189,3655981816,001,3600771189,A,1,3655093255,21,3731772621,3670441634,,,.019,EFF,"Effluent Limit Violations,Not Otherwise Specified",E90,"DMR, Limited - Numeric Violation",50060,"Chlorine, total residual",19,mg/L,12/31/2020,1,11,=,28,01/25/2021,,,3601482269,.021,C3,,,,,,,DD,N,DAILY MX
NM0028762,3,3600771189,3655981816,001,3600771189,A,1,3655093255,21,3731772621,3670441634,,,.019,NODMR,Failure To Submit DMR,E90,"DMR, Limited - Numeric Violation",50060,"Chlorine, total residual",19,mg/L,12/31/2020,1,11,=,28,01/25/2021,,,3601482269,.021,C3,,,,,,,DD,N,DAILY MX
NM0028762,3,3600771189,3655981816,001,3600771189,A,1,3655093255,21,3731772621,3670441634,,,.019,EFF,"Effluent Limit Violations,Not Otherwise Specified",E90,"DMR, Limited - Numeric Violation",50060,"Chlorine, total residual",19,mg/L,12/31/2020,1,11,=,28,01/25/2021,,,3601482269,.021,C3,,,,,,,DD,N,DAILY MX
NM0020583,3,2200016809,3405602943,001,2200016809,A,1,2203565328,477772,3424503731,3413873873,,,31900000000,,,E90,"DMR, Limited - Numeric Violation",51040,E. coli,9Y,CFU/d,08/31/2014,1,1398,=,9Z,09/12/2014,,,2200047763,477772000000,Q2,,,,,,,DD,N,DAILY MX
NM0028762,3,3600771189,3638338037,001,3600771189,Q,1,3662550660,,3670924846,3638125078,8,,,EFF,"Effluent Limit Violations,Not Otherwise Specified",D80,"DMR, Monitor Only - Overdue",01106,"Aluminum, dissolved [as Al]",19,mg/L,06/30/2018,3,,,,07/16/2018,,,3601725081,,C2,N,Non-Receipt of DMR/Schedule Report,08/28/2018,0,RE - Automated Administratively Resolved (DMR Non-Receipt Violations),08/28/2020,MK,A,MO AVG
NM0028762,3,3600771189,3638338037,001,3600771189,Q,1,3662550660,,3670924846,3638125078,8,,,EFF,"Effluent Limit Violations,Not Otherwise Specified",D80,"DMR, Monitor Only - Overdue",01106,"Aluminum, dissolved [as Al]",19,mg/L,06/30/2018,3,,,,07/16/2018,,,3601725081,,C2,N,Non-Receipt of DMR/Schedule Report,08/28/2018,0,RE - Automated Administratively Resolved (DMR Non-Receipt Violations),08/28/2020,MK,A,MO AVG
NM0028762,3,3600771189,3638338037,001,3600771189,Q,1,3662550660,,3670924846,3638125078,8,,,NODMR,Failure To Submit DMR,D80,"DMR, Monitor Only - Overdue",01106,"Aluminum, dissolved [as Al]",19,mg/L,06/30/2018,3,,,,07/16/2018,,,3601725081,,C2,N,Non-Receipt of DMR/Schedule Report,08/28/2018,0,RE - Automated Administratively Resolved (DMR Non-Receipt Violations),08/28/2020,MK,A,MO AVG
NM0028762,3,3600771189,3638338037,001,3600771189,Q,1,3662550660,,3670924846,3638125078,8,,,EFF,"Effluent Limit Violations,Not Otherwise Specified",D80,"DMR, Monitor Only - Overdue",01106,"Aluminum, dissolved [as Al]",19,mg/L,06/30/2018,3,,,,07/16/2018,,,3601725081,,C2,N,Non-Receipt of DMR/Schedule Report,08/28/2018,0,RE - Automated Administratively Resolved (DMR Non-Receipt Violations),08/28/2020,MK,A,MO AVG
NM0028762,3,3600771189,3638338037,001,3600771189,Q,1,3662550660,,3670924846,3638125078,8,,,NODMR,Failure To Submit DMR,D80,"DMR, Monitor Only - Overdue",01106,"Aluminum, dissolved [as Al]",19,mg/L,06/30/2018,3,,,,07/16/2018,,,3601725081,,C2,N,Non-Receipt of DMR/Schedule Report,08/28/2018,0,RE - Automated Administratively Resolved (DMR Non-Receipt Violations),08/28/2020,MK,A,MO AVG
NM0028762,2,1800023151,3638729257,001,1800023151,A,1,3600454278,15,3629483257,3616573931,,,.019,,,D90,"DMR, Limited - Overdue",50060,"Chlorine, total residual",19,mg/L,07/31/2016,1,,=,28,10/11/2018,713,,1800044104,.015,C3,K,"Non-receipt Violation, Non-Monthly Average",11/28/2016,2,RE - Back into Compliance,10/11/2018,DD,N,DAILY MX
NM0000116,2,20044286,2200766590,001,20044286,A,1,57975904,,2602330268,2601309540,C,,,,,D80,"DMR, Monitor Only - Overdue",01092,"Zinc, total [as Zn]",19,mg/L,08/31/2010,1,,=,,05/27/2011,211,,20209079,,C3,K,"Non-receipt Violation, Non-Monthly Average",11/28/2010,2,RE - Back into Compliance,05/27/2011,DD,N,DAILY MX
NM0028762,3,3600771189,3630256341,001,3600771189,A,1,3600454395,4,3629483577,3616574224,,,30,,,D90,"DMR, Limited - Overdue",00530,"Solids, total suspended",19,mg/L,09/30/2016,1,,<,19,10/17/2017,354,,3601482267,4,C3,K,"Non-receipt Violation, Non-Monthly Average",11/28/2016,2,RE - Back into Compliance,10/17/2017,DD,N,DAILY MX
NM0020583,0,3602878711,3683354974,001,3602878711,A,1,3920642889,307,3848301379,3734262687,,,757.72599363,,,E90,"DMR, Limited - Numeric Violation",00310,"BOD, 5-day, 20 deg. C",01,kg/d,06/30/2025,1,99999,>,26,07/08/2025,,,3606239979,139.37799883,Q1,T,TRC Limitations Exceeded,07/31/2025,2,RE - Back into Compliance,10/31/2025,3C,A,30DA AVG
NM0028762,1,20044410,1800971670,001,20044410,A,1,1000774289,.2,2606218247,2603372674,,,,,,D80,"DMR, Monitor Only - Overdue",50050,"Flow, in conduit or thru treatment plant",03,MGD,09/30/2009,1,,=,,09/23/2011,695,,600097481,.2,Q1,N,Non-Receipt of DMR/Schedule Report,11/28/2009,2,RE - Back into Compliance,09/23/2011,MK,A,MO AVG
NM0028762,3,3600771189,3655981430,001,3600771189,A,1,3655093229,21,3731717362,3670405783,,,.019,EFF,"Effluent Limit Violations,Not Otherwise Specified",E90,"DMR, Limited - Numeric Violation",50060,"Chlorine, total residual",19,mg/L,10/31/2020,1,11,=,28,01/25/2021,,,3601482269,.021,C3,,,,,,,DD,N,DAILY MX
NM0028762,3,3600771189,3655981430,001,3600771189,A,1,3655093229,21,3731717362,3670405783,,,.019,NODMR,Failure To Submit DMR,E90,"DMR, Limited - Numeric Violation",50060,"Chlorine, total residual",19,mg/L,10/31/2020,1,11,=,28,01/25/2021,,,3601482269,.021,C3,,,,,,,DD,N,DAILY MX
NM0028762,3,3600771189,3655981430,001,3600771189,A,1,3655093229,21,3731717362,3670405783,,,.019,EFF,"Effluent Limit Violations,Not Otherwise Specified",E90,"DMR, Limited - Numeric Violation",50060,"Chlorine, total residual",19,mg/L,10/31/2020,1,11,=,28,01/25/2021,,,3601482269,.021,C3,,,,,,,DD,N,DAILY MX
NM0028762,3,3600771189,3655981430,001,3600771189,A,1,3655093229,21,3731717362,3670405783,,,.019,NODMR,Failure To Submit DMR,E90,"DMR, Limited - Numeric Violation",50060,"Chlorine, total residual",19,mg/L,10/31/2020,1,11,=,28,01/25/2021,,,3601482269,.021,C3,,,,,,,DD,N,DAILY MX
NM0028762,3,3600771189,3655981430,001,3600771189,A,1,3655093229,21,3731717362,3670405783,,,.019,EFF,"Effluent Limit Violations,Not Otherwise Specified",E90,"DMR, Limited - Numeric Violation",50060,"Chlorine, total residual",19,mg/L,10/31/2020,1,11,=,28,01/25/2021,,,3601482269,.021,C3,,,,,,,DD,N,DAILY MX
NM0000116,3,2200037726,2602759641,004,2200037726,A,1,,,,,,,,,,D80,"DMR, Monitor Only - Overdue",50050,"Flow, in conduit or thru treatment plant",03,MGD,12/31/2011,1,,,,,,,2200113553,,Q2,K,"Non-receipt Violation, Non-Monthly Average",02/28/2012,0,RE - Automated Administratively Resolved (DMR Non-Receipt Violations),02/28/2014,DD,N,DAILY MX
NM0028762,2,1800023151,3601493515,001,1800023151,A,1,3429298959,4,3607366834,3604136175,,,,,,D80,"DMR, Monitor Only - Overdue",00530,"Solids, total suspended",01,kg/d,03/31/2015,1,,=,,08/22/2016,482,,1800044065,1.81599998,Q2,K,"Non-receipt Violation, Non-Monthly Average",05/29/2015,2,RE - Back into Compliance,08/22/2016,DD,N,DAILY MX
NM0020583,3,2200016809,3604565828,TX1,2200016809,Q,1,3651140144,0,3626637159,3614968191,,,,,,D80,"DMR, Monitor Only - Overdue",TQM3D,Coef Of Var Static Renewal 48Hr Acute D. pulex,23,%,06/30/2016,3,,=,23,08/25/2016,41,,2200047810,0,C2,,,,,,,MJ,,MO AV MN
NM0020583,4,3600830134,3640412989,001,3600830134,A,1,3664421727,10,3684298103,3645549193,,,45,NOPRMT,"Discharge, Emission Or Activity WO Required Permit",E90,"DMR, Limited - Numeric Violation",00310,"BOD, 5-day, 20 deg. C",19,mg/L,01/31/2019,1,99999,>,19,02/14/2019,,,3601680586,10,C3,,,,,,,7A,N,7 DA AVG
NM0020583,4,3600830134,3640412989,001,3600830134,A,1,3664421727,10,3684298103,3645549193,,,45,SSO,Sanitary Sewer Overflows,E90,"DMR, Limited - Numeric Violation",00310,"BOD, 5-day, 20 deg. C",19,mg/L,01/31/2019,1,99999,>,19,02/14/2019,,,3601680586,10,C3,,,,,,,7A,N,7 DA AVG
NM0020583,0,3602878711,3683686794,001,3602878711,A,1,3920642922,470,3851430868,3736161216,,,1136.81599045,,,E90,"DMR, Limited - Numeric Violation",00310,"BOD, 5-day, 20 deg. C",01,kg/d,07/31/2025,1,99999,>,26,08/18/2025,3,,3606239979,213.37999821,Q2,,,,,,,7A,N,7 DA AVG
NM0028762,3,3600771189,3626562023,001,3600771189,Q,1,3662550642,,3637218428,3621065981,8,,,EFF,"Effluent Limit Violations,Not Otherwise Specified",D80,"DMR, Monitor Only - Overdue",01106,"Aluminum, dissolved [as Al]",01,kg/d,03/31/2017,3,,,,04/12/2017,,,3601725081,,Q1,N,Non-Receipt of DMR/Schedule Report,05/29/2017,0,RE - Automated Administratively Resolved (DMR Non-Receipt Violations),05/29/2019,MK,A,MO AVG
NM0028762,3,3600771189,3626562023,001,3600771189,Q,1,3662550642,,3637218428,3621065981,8,,,NODMR,Failure To Submit DMR,D80,"DMR, Monitor Only - Overdue",01106,"Aluminum, dissolved [as Al]",01,kg/d,03/31/2017,3,,,,04/12/2017,,,3601725081,,Q1,N,Non-Receipt of DMR/Schedule Report,05/29/2017,0,RE - Automated Administratively Resolved (DMR Non-Receipt Violations),05/29/2019,MK,A,MO AVG
NM0020583,3,2200016809,3402659108,001,2200016809,A,A,2203204597,26,3411308322,3406547456,,,.019,EFF,"Effluent Limit Violations,Not Otherwise Specified",E90,"DMR, Limited - Numeric Violation",50060,"Chlorine, total residual",19,mg/L,08/31/2013,1,37,=,28,09/12/2013,,,2200047770,.026,C3,,,,,,,IA,N,INST MAX
NM0028762,2,1800023151,1802037553,001,1800023151,A,1,1805555995,7.9,1805485414,1803110707,,,,,,D80,"DMR, Monitor Only - Overdue",00530,"Solids, total suspended",01,kg/d,03/31/2010,1,,=,,10/25/2010,180,,1800044065,3.58659997,Q2,K,"Non-receipt Violation, Non-Monthly Average",05/29/2010,2,RE - Back into Compliance,10/25/2010,DD,N,DAILY MX
NM0020583,1,20044319,21433303,001,20044319,A,1,58085753,34.94,43873703,27617150,,,30,,,E90,"DMR, Limited - Numeric Violation",00310,"BOD, 5-day, 20 deg. C",19,mg/L,01/31/2001,1,16,,,02/20/2001,5,,20210285,34.94,C2,C,Chronic Violation,03/31/2001,2,RE - Back into Compliance,06/30/2001,3C,A,30DA AVG
NM0020583,1,20044319,21433524,001,20044319,A,1,58087104,880,43875339,27617420,,,.75,,,E90,"DMR, Limited - Numeric Violation",01105,"Aluminum, total [as Al]",19,mg/L,01/31/2004,1,17,,,02/18/2004,3,,20210288,.88,C3,,,,,,,7A,N,7 DA AVG
NM0020583,3,2200016809,3603064899,001,2200016809,A,2,3600450690,457,3616753427,3609380424,,,400,,,E90,"DMR, Limited - Numeric Violation",70295,"Solids, total dissolved",19,mg/L,12/31/2015,1,14,=,19,01/15/2016,,,2200047762,457,C2,C,Chronic Violation,12/31/2015,2,RE - Back into Compliance,09/30/2016,3C,A,30DA AVG
NM0000116,1,20044287,601443627,001,20044287,A,1,,,,,,,,,,D80,"DMR, Monitor Only - Overdue",01092,"Zinc, total [as Zn]",19,mg/L,04/30/2006,1,,,,,,,20209090,,C3,K,"Non-receipt Violation, Non-Monthly Average",08/28/2006,0,RE - Automated Administratively Resolved (DMR Non-Receipt Violations),09/30/2011,DD,N,DAILY MX
NM0028762,2,1800023151,3401710743,001,1800023151,Q,1,,,,,,,,,,D80,"DMR, Monitor Only - Overdue",70295,"Solids, total dissolved",01,kg/d,03/31/2013,3,,,,,,,1800044064,,Q2,K,"Non-receipt Violation, Non-Monthly Average",05/29/2013,0,RE - Automated Administratively Resolved (DMR Non-Receipt Violations),05/29/2015,DD,N,DAILY MX
NM0020583,0,3602878711,3683686787,001,3602878711,A,1,3920643785,31.7,3851430862,3736161213,,,.01467,,,E90,"DMR, Limited - Numeric Violation",00720,"Cyanide, total [as CN]",19,mg/L,07/31/2025,1,116,=,28,08/18/2025,3,,3606350737,.0317,C2,T,TRC Limitations Exceeded,07/31/2025,2,RE - Back into Compliance,09/30/2025,3C,A,30DA AVG
NM0020583,1,20044319,600695259,001,20044319,A,1,58086834,,43872909,27617366,E,,,,,D80,"DMR, Monitor Only - Overdue",01105,"Aluminum, total [as Al]",19,mg/L,07/31/1999,1,,,,01/31/2001,,,20210289,,C3,K,"Non-receipt Violation, Non-Monthly Average",09/14/1999,9,RE - Manual by Back into Compliance/Administratively Resolved,10/01/1999,7A,N,7 DA AVG
NM0020583,2,20044318,601282804,001,20044318,A,1,58085499,900,601778003,601017659,,,200,,,E90,"DMR, Limited - Numeric Violation",74055,"Coliform, fecal general",30,MPN/100mL,04/30/2007,1,350,=,,05/16/2007,1,,20210283,900,C3,,,,,,,DD,N,DAILY MX
NM0020583,2,20044318,1401147106,001,20044318,A,1,1400891120,460,1403571939,1402018036,,,410,EFF,"Effluent Limit Violations,Not Otherwise Specified",E90,"DMR, Limited - Numeric Violation",51040,E. coli,30,MPN/100mL,04/30/2009,1,12,=,,05/15/2009,,,20210280,460,C3,,,,,,,DD,N,DAILY MX
NM0020583,2,20044318,1401147106,001,20044318,A,1,1400891120,460,1403571939,1402018036,,,410,PRMTVL,Violation Of A Permit Requirement,E90,"DMR, Limited - Numeric Violation",51040,E. coli,30,MPN/100mL,04/30/2009,1,12,=,,05/15/2009,,,20210280,460,C3,,,,,,,DD,N,DAILY MX
NM0000116,3,2200037726,3403704723,TX1,2200037726,Y,1,2205473177,,3607901445,3604420889,C,,,,,D80,"DMR, Monitor Only - Overdue",TOM3D,NOAEC Lethal Statis Renewal 48 Hr Acute Daphnia pulex,23,%,11/30/2013,12,,=,,05/13/2015,500,,2200113518,,C1,,,,,,,4E,,48HR MIN
NM0020583,1,20044319,21433425,001,20044319,A,1,58085870,1750.11,43874780,27617174,,,658.754,,,E90,"DMR, Limited - Numeric Violation",00310,"BOD, 5-day, 20 deg. C",01,kg/d,01/31/2003,1,21,,,02/19/2003,4,,20210285,794.54994,Q1,,,,,,,3C,A,30DA AVG
NM0028762,3,3600771189,3634099545,001,3600771189,Q,1,3662550653,,3652212930,3629316703,8,,,EFF,"Effluent Limit Violations,Not Otherwise Specified",D80,"DMR, Monitor Only - Overdue",01106,"Aluminum, dissolved [as Al]",19,mg/L,12/31/2017,3,,,,01/22/2018,,,3601725081,,C3,K,"Non-receipt Violation, Non-Monthly Average",02/28/2018,9,RE - Manual by Back into Compliance/Administratively Resolved,02/28/2018,DD,N,DAILY MX
NM0028762,3,3600771189,3634099545,001,3600771189,Q,1,3662550653,,3652212930,3629316703,8,,,EFF,"Effluent Limit Violations,Not Otherwise Specified",D80,"DMR, Monitor Only - Overdue",01106,"Aluminum, dissolved [as Al]",19,mg/L,12/31/2017,3,,,,01/22/2018,,,3601725081,,C3,K,"Non-receipt Violation, Non-Monthly Average",02/28/2018,9,RE - Manual by Back into Compliance/Administratively Resolved,02/28/2018,DD,N,DAILY MX
NM0028762,3,3600771189,3634099545,001,3600771189,Q,1,3662550653,,3652212930,3629316703,8,,,NODMR,Failure To Submit DMR,D80,"DMR, Monitor Only - Overdue",01106,"Aluminum, dissolved [as Al]",19,mg/L,12/31/2017,3,,,,01/22/2018,,,3601725081,,C3,K,"Non-receipt Violation, Non-Monthly Average",02/28/2018,9,RE - Manual by Back into Compliance/Administratively Resolved,02/28/2018,DD,N,DAILY MX
NM0020583,3,2200016809,3601222763,001,2200016809,A,1,2203205016,2,3606326792,3603545986,,,126,,,E90,"DMR, Limited - Numeric Violation",51040,E. coli,30,MPN/100mL,03/31/2015,1,99999,>,3Z,04/13/2015,,,2200047763,2,C2,,,,,,,3H,A,30DAVGEO
NM0020583,0,3602878711,3682115478,001,3602878711,A,1,3920643767,1.577,3839823726,3729620621,,,.370918,,,E90,"DMR, Limited - Numeric Violation",00720,"Cyanide, total [as CN]",01,kg/d,02/28/2025,1,93,=,26,03/14/2025,,,3606350737,.71595799,Q1,T,TRC Limitations Exceeded,02/28/2025,6,RE - Manual Resolution by Enforcement Action,02/28/2025,3C,A,30DA AVG
NM0020583,0,3602878711,3682115477,001,3602878711,A,1,3920643766,51,3839823729,3729620621,,,.022,,,E90,"DMR, Limited - Numeric Violation",00720,"Cyanide, total [as CN]",19,mg/L,02/28/2025,1,132,=,28,03/14/2025,,,3606350737,.051,C3,,,,,,,DD,N,DAILY MX
NM0020583,1,20044319,600709496,001,20044319,A,1,58088809,2.3,43873159,27617761,,,400,,,D90,"DMR, Limited - Overdue",74055,"Coliform, fecal general",30,MPN/100mL,12/31/1999,1,,,,06/23/2000,99,,20210294,2.3,C3,,,,,,,7I,N,7DAV GEO
NM0000116,2,20044286,600333324,001,20044286,A,1,57973774,148,600842282,600480338,,,15,,,E90,"DMR, Limited - Numeric Violation",00556,Oil & Grease,19,mg/L,08/31/2006,1,887,=,,10/31/2006,3,,20209073,148,C3,,,,,,,DD,N,DAILY MX
NM0000116,3,2200037726,3600285035,004,2200037726,A,1,,,,,,,,,,D80,"DMR, Monitor Only - Overdue",50050,"Flow, in conduit or thru treatment plant",03,MGD,08/31/2014,1,,,,,,,2200113553,,Q1,N,Non-Receipt of DMR/Schedule Report,11/28/2014,B,RE - Manual by EPA/State/Tribal Action,12/31/2016,3C,A,30DA AVG
NM0028762,2,1800023151,3401710756,001,1800023151,Q,1,,,,,,,,,,D80,"DMR, Monitor Only - Overdue",01106,"Aluminum, dissolved [as Al]",01,kg/d,03/31/2013,3,,,,,,,1800044101,,Q1,N,Non-Receipt of DMR/Schedule Report,05/29/2013,0,RE - Automated Administratively Resolved (DMR Non-Receipt Violations),05/29/2015,MK,A,MO AVG
NM0020583,4,3600830134,3631989121,001,3600830134,A,1,,,,,,,85,,,D90,"DMR, Limited - Overdue",81010,"BOD, 5-day, percent removal",23,%,01/31/2017,1,,,,,,,3602996645,,C1,,,,,,,MJ,,MO AV MN
NM0028762,2,1800023151,3401710737,001,1800023151,Q,1,,,,,,,,,,D80,"DMR, Monitor Only - Overdue",01106,"Aluminum, dissolved [as Al]",01,kg/d,03/31/2013,3,,,,,,,1800044101,,Q2,K,"Non-receipt Violation, Non-Monthly Average",05/29/2013,0,RE - Automated Administratively Resolved (DMR Non-Receipt Violations),05/29/2015,DD,N,DAILY MX
NM0020583,1,20044319,600697277,001,20044319,A,1,58086259,7.53,43874744,27617251,,,9,,,D90,"DMR, Limited - Overdue",00400,pH,12,SU,12/31/2002,1,,,,03/04/2003,48,,20210286,7.53,C3,K,"Non-receipt Violation, Non-Monthly Average",02/14/2003,2,RE - Back into Compliance,03/04/2003,MB,N,MAXIMUM
NM0000116,2,20044286,2200766603,001,20044286,A,1,57975274,,2602330266,2601309538,C,,,,,D80,"DMR, Monitor Only - Overdue",01051,"Lead, total [as Pb]",19,mg/L,08/31/2010,1,,=,,05/27/2011,211,,20209077,,C3,K,"Non-receipt Violation, Non-Monthly Average",11/28/2010,2,RE - Back into Compliance,05/27/2011,DD,N,DAILY MX
NM0028762,2,1800023151,2200094453,001,1800023151,Q,1,1805556551,.2,1806928359,1803911312,,,,,,D80,"DMR, Monitor Only - Overdue",01106,"Aluminum, dissolved [as Al]",01,kg/d,06/30/2010,3,,=,,10/25/2010,89,,1800044101,.0908,Q1,N,Non-Receipt of DMR/Schedule Report,08/28/2010,2,RE - Back into Compliance,10/25/2010,MK,A,MO AVG
NM0020583,1,20044319,600704158,TX1,20044319,S,1,58091578,2.7,43877433,27618315,,,,,,D80,"DMR, Monitor Only - Overdue",TOP3B,NOEC Lethal Static Renewal 7 Day Chronic Ceriodaphnia dubia,23,%,06/30/2003,6,,,,09/12/2003,59,,20210370,2.7,C2,,,,,,,MJ,,MO AV MN
NM0000116,3,2200037726,3602765029,001,2200037726,A,1,2205473078,,3614630432,3608196173,L,,,,,D80,"DMR, Monitor Only - Overdue",50050,"Flow, in conduit or thru treatment plant",03,MGD,07/31/2015,1,,,,10/30/2015,2,,2200113516,,Q1,N,Non-Receipt of DMR/Schedule Report,11/28/2015,B,RE - Manual by EPA/State/Tribal Action,12/31/2016,3C,A,30DA AVG
NM0028762,1,20044410,2601150448,001,20044410,A,1,606948499,.91,2602599351,2601444050,,,.75,,,E90,"DMR, Limited - Numeric Violation",01105,"Aluminum, total [as Al]",19,mg/L,09/30/2007,1,21,=,,09/08/2008,316,,600097487,.91,C3,,,,,,,DD,N,DAILY MX
NM0020583,4,3600830134,3618421622,001,3600830134,A,1,3628321599,59,3637349602,3621138734,,,30,,,E90,"DMR, Limited - Numeric Violation",00530,"Solids, total suspended",19,mg/L,03/31/2017,1,97,=,19,04/13/2017,,,3601680589,59,C2,T,TRC Limitations Exceeded,03/31/2017,2,RE - Back into Compliance,07/31/2017,3C,A,30DA AVG
NM0000116,3,2200037726,3400491565,TX4,2200037726,Y,1,2205473207,,3607901372,3604420845,C,,,,,D80,"DMR, Monitor Only - Overdue",TOM3D,NOAEC Lethal Statis Renewal 48 Hr Acute Daphnia pulex,23,%,11/30/2012,12,,=,,05/13/2015,865,,2200113541,,C1,,,,,,,4E,,48HR MIN
NM0028762,3,3600771189,3634099556,001,3600771189,Q,1,3662550652,,3652212925,3629316703,8,,,EFF,"Effluent Limit Violations,Not Otherwise Specified",D80,"DMR, Monitor Only - Overdue",01106,"Aluminum, dissolved [as Al]",19,mg/L,12/31/2017,3,,,,01/22/2018,,,3601725081,,C2,N,Non-Receipt of DMR/Schedule Report,02/28/2018,0,RE - Automated Administratively Resolved (DMR Non-Receipt Violations),02/29/2020,MK,A,MO AVG
NM0028762,3,3600771189,3634099556,001,3600771189,Q,1,3662550652,,3652212925,3629316703,8,,,EFF,"Effluent Limit Violations,Not Otherwise Specified",D80,"DMR, Monitor Only - Overdue",01106,"Aluminum, dissolved [as Al]",19,mg/L,12/31/2017,3,,,,01/22/2018,,,3601725081,,C2,N,Non-Receipt of DMR/Schedule Report,02/28/2018,0,RE - Automated Administratively Resolved (DMR Non-Receipt Violations),02/29/2020,MK,A,MO AVG
NM0028762,3,3600771189,3634099556,001,3600771189,Q,1,3662550652,,3652212925,3629316703,8,,,NODMR,Failure To Submit DMR,D80,"DMR, Monitor Only - Overdue",01106,"Aluminum, dissolved [as Al]",19,mg/L,12/31/2017,3,,,,01/22/2018,,,3601725081,,C2,N,Non-Receipt of DMR/Schedule Report,02/28/2018,0,RE - Automated Administratively Resolved (DMR Non-Receipt Violations),02/29/2020,MK,A,MO AVG
NM0000116,3,2200037726,3602765087,001,2200037726,A,1,2205473079,,3614630433,3608196173,L,,,,,D80,"DMR, Monitor Only - Overdue",50050,"Flow, in conduit or thru treatment plant",03,MGD,07/31/2015,1,,,,10/30/2015,2,,2200113516,,Q2,K,"Non-receipt Violation, Non-Monthly Average",11/28/2015,B,RE - Manual by EPA/State/Tribal Action,12/31/2016,DD,N,DAILY MX
NM0000116,2,20044286,2200766468,001,20044286,A,1,57977159,,2602330288,2601309557,C,,,,,D80,"DMR, Monitor Only - Overdue",71900,"Mercury, total [as Hg]",19,mg/L,07/31/2010,1,,=,,05/27/2011,211,,20209083,,C3,K,"Non-receipt Violation, Non-Monthly Average",11/28/2010,2,RE - Back into Compliance,05/27/2011,DD,N,DAILY MX
NM0028762,2,1800023151,2601554075,001,1800023151,A,1,1805556107,34,2604219559,2602303594,,,.019,,,E90,"DMR, Limited - Numeric Violation",50060,"Chlorine, total residual",19,mg/L,06/30/2011,1,79,=,,07/25/2011,,,1800044104,.034,C3,,,,,,,DD,N,DAILY MX
NM0000116,1,20044287,601445311,001,20044287,A,1,,,,,,,,,,D80,"DMR, Monitor Only - Overdue",01022,"Boron, total [as B]",19,mg/L,04/30/2006,1,,,,,,,20209087,,C3,K,"Non-receipt Violation, Non-Monthly Average",08/28/2006,0,RE - Automated Administratively Resolved (DMR Non-Receipt Violations),09/30/2011,DD,N,DAILY MX
NM0020583,3,2200016809,3604379904,001,2200016809,A,1,3600451890,18,3624207525,3613583981,,,45,,,E90,"DMR, Limited - Numeric Violation",00310,"BOD, 5-day, 20 deg. C",19,mg/L,06/30/2016,1,99999,>,19,07/12/2016,,,2200047765,18,C3,,,,,,,7A,N,7 DA AVG
NM0028762,1,20044410,1400418673,001,20044410,A,1,606948295,.54,1403076856,1401738591,,,,,,D80,"DMR, Monitor Only - Overdue",50050,"Flow, in conduit or thru treatment plant",03,MGD,09/30/2008,1,,=,,04/23/2009,177,,600097481,.54,Q2,K,"Non-receipt Violation, Non-Monthly Average",11/28/2008,2,RE - Back into Compliance,04/23/2009,DD,N,DAILY MX
NM0020583,2,20044318,601970590,001,20044318,A,A,58084824,.76,603735629,602142394,,,.019,,,E90,"DMR, Limited - Numeric Violation",50060,"Chlorine, total residual",19,mg/L,01/31/2008,1,3900,=,,02/15/2008,,,20210279,.76,C3,R,"TRC Limitations Exceeded, Non-Monthly Average",01/31/2008,2,RE - Back into Compliance,06/30/2008,IA,N,INST MAX
NM0000116,0,3602720951,3684345446,001,3602720951,A,1,3896611189,9.9,3856101767,3738602788,,,.00075,,,E90,"DMR, Limited - Numeric Violation",01105,"Aluminum, total [as Al]",19,mg/L,09/30/2025,1,1220,=,28,10/17/2025,,,3605908063,.0099,C3,,,,,,,DD,N,DAILY MX
NM0020583,1,20044319,21433368,001,20044319,A,1,58085823,37.81,43874333,27617164,,,30,,,E90,"DMR, Limited - Numeric Violation",00310,"BOD, 5-day, 20 deg. C",19,mg/L,03/31/2002,1,26,,,04/15/2002,,,20210285,37.81,C2,C,Chronic Violation,03/31/2002,2,RE - Back into Compliance,07/31/2002,3C,A,30DA AVG
NM0000116,1,20044287,200000796,001,20044287,A,1,,,,,,,15,,,D90,"DMR, Limited - Overdue",00556,Oil & Grease,19,mg/L,02/28/2006,1,,,,,,,20209086,,C3,K,"Non-receipt Violation, Non-Monthly Average",05/29/2006,0,RE - Automated Administratively Resolved (DMR Non-Receipt Violations),09/30/2011,DD,N,DAILY MX
NM0020583,2,20044318,600141046,001,20044318,A,1,58085459,900,600313900,600178636,,,200,,,E90,"DMR, Limited - Numeric Violation",74055,"Coliform, fecal general",30,MPN/100mL,08/31/2006,1,350,=,,09/15/2006,,,20210283,900,C3,,,,,,,DD,N,DAILY MX
NM0020583,4,3600830134,3632503394,001,3600830134,A,1,3628324165,64,3651735973,3629043546,,,45,NOPRMT,"Discharge, Emission Or Activity WO Required Permit",E90,"DMR, Limited - Numeric Violation",00530,"Solids, total suspended",19,mg/L,12/31/2017,1,42,=,19,01/12/2018,,,3601680589,64,C3,,,,,,,7A,N,7 DA AVG
NM0020583,4,3600830134,3632503394,001,3600830134,A,1,3628324165,64,3651735973,3629043546,,,45,SSO,Sanitary Sewer Overflows,E90,"DMR, Limited - Numeric Violation",00530,"Solids, total suspended",19,mg/L,12/31/2017,1,42,=,19,01/12/2018,,,3601680589,64,C3,,,,,,,7A,N,7 DA AVG
NM0020583,3,2200016809,3604565772,TX1,2200016809,Q,1,3651140137,0,3626637152,3614968188,,,,,,D80,"DMR, Monitor Only - Overdue",TEM6C,LF Pass/Fail Static Renewal 48Hr Acute Pimephales promelas,9A,pass=0;fail=1,06/30/2016,3,,=,9A,08/25/2016,41,,2200047806,0,C1,,,,,,,4E,,48HR MIN
NM0028762,3,3600771189,3630256343,001,3600771189,A,1,3600454402,.397858,3629483579,3616574224,,,,,,D80,"DMR, Monitor Only - Overdue",00530,"Solids, total suspended",01,kg/d,09/30/2016,1,,=,26,10/17/2017,354,,3601482267,.18062753,Q2,K,"Non-receipt Violation, Non-Monthly Average",11/28/2016,2,RE - Back into Compliance,10/17/2017,DD,N,DAILY MX
NM0028762,1,20044410,1400423745,001,20044410,A,1,606948292,.29,2603209466,2601767275,,,,,,D80,"DMR, Monitor Only - Overdue",50050,"Flow, in conduit or thru treatment plant",03,MGD,08/31/2008,1,,=,,06/27/2011,972,,600097481,.29,Q1,N,Non-Receipt of DMR/Schedule Report,11/28/2008,2,RE - Back into Compliance,06/27/2011,MK,A,MO AVG
NM0020583,1,20044319,21433498,001,20044319,A,1,58085893,33.39,43874963,27617178,,,30,,,E90,"DMR, Limited - Numeric Violation",00310,"BOD, 5-day, 20 deg. C",19,mg/L,05/31/2003,1,11,,,06/17/2003,2,,20210285,33.39,C2,V,Other Violation with TRC,05/31/2003,2,RE - Back into Compliance,08/31/2003,3C,A,30DA AVG
NM0020583,1,20044319,21433419,001,20044319,A,1,58086649,63.25,43874749,27617329,,,45,,,E90,"DMR, Limited - Numeric Violation",00530,"Solids, total suspended",19,mg/L,12/31/2002,1,41,,,03/04/2003,48,,20210287,63.25,C3,,,,,,,7A,N,7 DA AVG
NM0028762,2,1800023151,3401710741,001,1800023151,Q,1,,,,,,,,,,D80,"DMR, Monitor Only - Overdue",70295,"Solids, total dissolved",19,mg/L,03/31/2013,3,,,,,,,1800044064,,C3,K,"Non-receipt Violation, Non-Monthly Average",05/29/2013,0,RE - Automated Administratively Resolved (DMR Non-Receipt Violations),05/29/2015,DD,N,DAILY MX
NM0020583,3,2200016809,2600371185,001,2200016809,A,2,2203563647,420,2600435226,2600250616,,,400,EFF,"Effluent Limit Violations,Not Otherwise Specified",E90,"DMR, Limited - Numeric Violation",70295,"Solids, total dissolved",19,mg/L,02/28/2011,1,5,=,19,03/14/2011,,,2200047762,420,C2,C,Chronic Violation,02/28/2011,2,RE - Back into Compliance,08/31/2011,3C,A,30DA AVG
NM0020583,3,2200016809,2600371185,001,2200016809,A,2,2203563647,420,2600435226,2600250616,,,400,PRMTVL,Violation Of A Permit Requirement,E90,"DMR, Limited - Numeric Violation",70295,"Solids, total dissolved",19,mg/L,02/28/2011,1,5,=,19,03/14/2011,,,2200047762,420,C2,C,Chronic Violation,02/28/2011,2,RE - Back into Compliance,08/31/2011,3C,A,30DA AVG
NM0020583,4,3600830134,3632503400,001,3600830134,A,1,3628324117,6.5,3651736018,3629043565,,,6.6,NOPRMT,"Discharge, Emission Or Activity WO Required Permit",E90,"DMR, Limited - Numeric Violation",00400,pH,12,SU,12/31/2017,1,,=,12,01/12/2018,,,3601680590,6.5,C1,,,,,,,ME,,MINIMUM
NM0020583,4,3600830134,3632503400,001,3600830134,A,1,3628324117,6.5,3651736018,3629043565,,,6.6,SSO,Sanitary Sewer Overflows,E90,"DMR, Limited - Numeric Violation",00400,pH,12,SU,12/31/2017,1,,=,12,01/12/2018,,,3601680590,6.5,C1,,,,,,,ME,,MINIMUM
NM0020583,2,20044318,200002617,TX1,20044318,Q,1,58091333,5.73,1000665456,1000382520,,,,,,D80,"DMR, Monitor Only - Overdue",TQM6C,Coef Of Var Static Renewal 48Hr Acute Pimephales promelas,23,%,03/31/2006,3,,=,,05/16/2006,31,,20210366,5.73,C2,,,,,,,MJ,,MO AV MN
NM0020583,3,2200016809,2201044963,001,2200016809,A,2,2203563641,443,2202648564,2201488029,,,400,EFF,"Effluent Limit Violations,Not Otherwise Specified",E90,"DMR, Limited - Numeric Violation",70295,"Solids, total dissolved",19,mg/L,12/31/2010,1,11,=,19,01/12/2011,,,2200047762,443,C2,C,Chronic Violation,02/28/2011,2,RE - Back into Compliance,08/31/2011,3C,A,30DA AVG
NM0020583,3,2200016809,2201044963,001,2200016809,A,2,2203563641,443,2202648564,2201488029,,,400,PRMTVL,Violation Of A Permit Requirement,E90,"DMR, Limited - Numeric Violation",70295,"Solids, total dissolved",19,mg/L,12/31/2010,1,11,=,19,01/12/2011,,,2200047762,443,C2,C,Chronic Violation,02/28/2011,2,RE - Back into Compliance,08/31/2011,3C,A,30DA AVG
NM0000116,2,20044286,2200766536,001,20044286,A,1,57974009,,2602330277,2601309547,C,,15,,,D90,"DMR, Limited - Overdue",00556,Oil & Grease,19,mg/L,07/31/2010,1,,=,,05/27/2011,211,,20209073,,C3,K,"Non-receipt Violation, Non-Monthly Average",11/28/2010,2,RE - Back into Compliance,05/27/2011,DD,N,DAILY MX
NM0020583,1,20044319,21433528,001,20044319,A,1,58085938,33,43875368,27617187,,,30,,,E90,"DMR, Limited - Numeric Violation",00310,"BOD, 5-day, 20 deg. C",19,mg/L,02/29/2004,1,10,,,03/18/2004,3,,20210285,33,C2,,,,,,,3C,A,30DA AVG
NM0020583,0,3602878711,3675582500,001,3602878711,A,1,3920643722,26,3815262003,3715892299,,,.022,,,E90,"DMR, Limited - Numeric Violation",00720,"Cyanide, total [as CN]",19,mg/L,03/31/2024,1,18,=,28,04/15/2024,,,3606350737,.026,C3,,,,,,,DD,N,DAILY MX
NM0020583,2,20044318,200002600,TX1,20044318,Q,1,58091012,0,1000665446,1000382515,,,,,,D80,"DMR, Monitor Only - Overdue",TEM6C,LF Pass/Fail Static Renewal 48Hr Acute Pimephales promelas,9A,pass=0;fail=1,03/31/2006,3,,=,,05/16/2006,31,,20210362,0,C1,,,,,,,4E,,48HR MIN
NM0028762,3,3600771189,3626562050,001,3600771189,Q,1,3662550641,,3637218431,3621065981,8,,,EFF,"Effluent Limit Violations,Not Otherwise Specified",D80,"DMR, Monitor Only - Overdue",01106,"Aluminum, dissolved [as Al]",19,mg/L,03/31/2017,3,,,,04/12/2017,,,3601725081,,C3,K,"Non-receipt Violation, Non-Monthly Average",05/29/2017,0,RE - Automated Administratively Resolved (DMR Non-Receipt Violations),05/29/2019,DD,N,DAILY MX
NM0028762,3,3600771189,3626562050,001,3600771189,Q,1,3662550641,,3637218431,3621065981,8,,,NODMR,Failure To Submit DMR,D80,"DMR, Monitor Only - Overdue",01106,"Aluminum, dissolved [as Al]",19,mg/L,03/31/2017,3,,,,04/12/2017,,,3601725081,,C3,K,"Non-receipt Violation, Non-Monthly Average",05/29/2017,0,RE - Automated Administratively Resolved (DMR Non-Receipt Violations),05/29/2019,DD,N,DAILY MX
NM0028762,1,20044410,1800971754,001,20044410,A,1,1000774286,10,2606218244,2603372672,,,30,,,D90,"DMR, Limited - Overdue",00530,"Solids, total suspended",19,mg/L,09/30/2009,1,,<,,09/23/2011,695,,600097484,10,C3,K,"Non-receipt Violation, Non-Monthly Average",11/28/2009,2,RE - Back into Compliance,09/23/2011,DD,N,DAILY MX
NM0028762,3,3600771189,3629239961,001,3600771189,Q,1,3662550644,,3644593997,3625022882,8,,,EFF,"Effluent Limit Violations,Not Otherwise Specified",D80,"DMR, Monitor Only - Overdue",01106,"Aluminum, dissolved [as Al]",19,mg/L,06/30/2017,3,,,,08/07/2017,10,,3601725081,,C2,N,Non-Receipt of DMR/Schedule Report,08/28/2017,0,RE - Automated Administratively Resolved (DMR Non-Receipt Violations),08/28/2019,MK,A,MO AVG
NM0028762,3,3600771189,3629239961,001,3600771189,Q,1,3662550644,,3644593997,3625022882,8,,,EFF,"Effluent Limit Violations,Not Otherwise Specified",D80,"DMR, Monitor Only - Overdue",01106,"Aluminum, dissolved [as Al]",19,mg/L,06/30/2017,3,,,,08/07/2017,10,,3601725081,,C2,N,Non-Receipt of DMR/Schedule Report,08/28/2017,0,RE - Automated Administratively Resolved (DMR Non-Receipt Violations),08/28/2019,MK,A,MO AVG
NM0028762,3,3600771189,3629239961,001,3600771189,Q,1,3662550644,,3644593997,3625022882,8,,,NODMR,Failure To Submit DMR,D80,"DMR, Monitor Only - Overdue",01106,"Aluminum, dissolved [as Al]",19,mg/L,06/30/2017,3,,,,08/07/2017,10,,3601725081,,C2,N,Non-Receipt of DMR/Schedule Report,08/28/2017,0,RE - Automated Administratively Resolved (DMR Non-Receipt Violations),08/28/2019,MK,A,MO AVG
NM0000116,0,3602720951,3684345445,001,3602720951,A,1,3896613060,9.9,3856101766,3738602788,,,.00075,,,E90,"DMR, Limited - Numeric Violation",01105,"Aluminum, total [as Al]",19,mg/L,09/30/2025,1,1220,=,28,10/17/2025,,,3605908063,.0099,C2,,,,,,,3C,A,30DA AVG
NM0020583,4,3600830134,3633250096,001,3600830134,A,1,3664421375,5857,3653483603,3630077552,,,1136.81599045,NOPRMT,"Discharge, Emission Or Activity WO Required Permit",E90,"DMR, Limited - Numeric Violation",00530,"Solids, total suspended",01,kg/d,01/31/2018,1,134,=,26,02/14/2018,,,3601680589,2659.07797766,Q2,,,,,,,7A,N,7 DA AVG
NM0020583,4,3600830134,3633250096,001,3600830134,A,1,3664421375,5857,3653483603,3630077552,,,1136.81599045,SSO,Sanitary Sewer Overflows,E90,"DMR, Limited - Numeric Violation",00530,"Solids, total suspended",01,kg/d,01/31/2018,1,134,=,26,02/14/2018,,,3601680589,2659.07797766,Q2,,,,,,,7A,N,7 DA AVG
NM0020583,3,2200016809,3603927617,001,2200016809,A,2,3600451665,443,3622071476,3612395414,,,400,,,E90,"DMR, Limited - Numeric Violation",70295,"Solids, total dissolved",19,mg/L,04/30/2016,1,11,=,19,05/10/2016,,,2200047762,443,C2,C,Chronic Violation,04/30/2016,2,RE - Back into Compliance,09/30/2016,3C,A,30DA AVG
NM0020583,4,3600830134,3635750506,001,3600830134,A,1,3664421413,3860690,3655419301,3631106410,,,31900000000,NOPRMT,"Discharge, Emission Or Activity WO Required Permit",E90,"DMR, Limited - Numeric Violation",51040,E. coli,9Y,CFU/d,02/28/2018,1,99999,>,9Z,03/14/2018,,,3601680592,3860690000000,Q2,,,,,,,DD,N,DAILY MX
NM0020583,4,3600830134,3635750506,001,3600830134,A,1,3664421413,3860690,3655419301,3631106410,,,31900000000,SSO,Sanitary Sewer Overflows,E90,"DMR, Limited - Numeric Violation",51040,E. coli,9Y,CFU/d,02/28/2018,1,99999,>,9Z,03/14/2018,,,3601680592,3860690000000,Q2,,,,,,,DD,N,DAILY MX
NM0020583,0,3602878711,3685992837,001,3602878711,A,1,3920643114,169,3864008116,3743227956,,,1136.81599045,,,E90,"DMR, Limited - Numeric Violation",00310,"BOD, 5-day, 20 deg. C",01,kg/d,01/31/2026,1,99999,>,26,02/13/2026,,,3606239979,76.72599936,Q2,,,,,,,7A,N,7 DA AVG
NM0020583,4,3600830134,3637935624,001,3600830134,A,1,3664421563,35478,3672641828,3639128985,,,31900000000,NOPRMT,"Discharge, Emission Or Activity WO Required Permit",E90,"DMR, Limited - Numeric Violation",51040,E. coli,9Y,CFU/d,07/31/2018,1,11,=,9Z,08/14/2018,,,3601680592,35478000000,Q2,,,,,,,DD,N,DAILY MX
NM0020583,4,3600830134,3637935624,001,3600830134,A,1,3664421563,35478,3672641828,3639128985,,,31900000000,SSO,Sanitary Sewer Overflows,E90,"DMR, Limited - Numeric Violation",51040,E. coli,9Y,CFU/d,07/31/2018,1,11,=,9Z,08/14/2018,,,3601680592,35478000000,Q2,,,,,,,DD,N,DAILY MX
NM0020583,3,2200016809,2602189882,001,2200016809,A,2,2203563671,408,2607394843,2604017348,,,400,EFF,"Effluent Limit Violations,Not Otherwise Specified",E90,"DMR, Limited - Numeric Violation",70295,"Solids, total dissolved",19,mg/L,10/31/2011,1,2,=,19,11/10/2011,,,2200047762,408,C2,C,Chronic Violation,01/31/2012,5,RE - Resolved RP by NPDES Closure of Enf. Action Final Order with Comp. Schedule,07/17/2025,3C,A,30DA AVG
NM0020583,3,2200016809,2602189882,001,2200016809,A,2,2203563671,408,2607394843,2604017348,,,400,PRMTVL,Violation Of A Permit Requirement,E90,"DMR, Limited - Numeric Violation",70295,"Solids, total dissolved",19,mg/L,10/31/2011,1,2,=,19,11/10/2011,,,2200047762,408,C2,C,Chronic Violation,01/31/2012,5,RE - Resolved RP by NPDES Closure of Enf. Action Final Order with Comp. Schedule,07/17/2025,3C,A,30DA AVG
NM0020583,2,20044318,1401109574,001,20044318,A,1,1400891101,300,1403331391,1401885265,,,200,EFF,"Effluent Limit Violations,Not Otherwise Specified",E90,"DMR, Limited - Numeric Violation",74055,"Coliform, fecal general",30,MPN/100mL,03/31/2009,1,50,=,,04/16/2009,1,,20210283,300,C3,,,,,,,DD,N,DAILY MX
NM0020583,2,20044318,1401109574,001,20044318,A,1,1400891101,300,1403331391,1401885265,,,200,PRMTVL,Violation Of A Permit Requirement,E90,"DMR, Limited - Numeric Violation",74055,"Coliform, fecal general",30,MPN/100mL,03/31/2009,1,50,=,,04/16/2009,1,,20210283,300,C3,,,,,,,DD,N,DAILY MX
NM0020583,2,20044318,601210682,001,20044318,A,A,58084754,.02,600865103,600493340,,,.019,,,E90,"DMR, Limited - Numeric Violation",50060,"Chlorine, total residual",19,mg/L,11/30/2006,1,5,=,,12/13/2006,,,20210279,.02,C3,,,,,,,IA,N,INST MAX
NM0028762,1,20044410,1400734907,001,20044410,A,1,606948528,.9,1401772319,1401006616,,,.5,,,E90,"DMR, Limited - Numeric Violation",01105,"Aluminum, total [as Al]",19,mg/L,12/31/2008,1,80,=,,01/22/2009,,,600097487,.9,C2,T,TRC Limitations Exceeded,12/31/2008,2,RE - Back into Compliance,05/31/2009,MK,A,MO AVG
NM0000116,3,2200037726,3602765077,001,2200037726,A,1,2205473109,,3614630552,3608196244,L,,,,,D80,"DMR, Monitor Only - Overdue",50050,"Flow, in conduit or thru treatment plant",03,MGD,09/30/2015,1,,,,10/30/2015,2,,2200113516,,Q2,K,"Non-receipt Violation, Non-Monthly Average",11/28/2015,B,RE - Manual by EPA/State/Tribal Action,12/31/2016,DD,N,DAILY MX
NM0020583,2,20044318,1800546906,001,20044318,A,A,1400891184,.02,1801265083,1800713251,,,.019,EFF,"Effluent Limit Violations,Not Otherwise Specified",E90,"DMR, Limited - Numeric Violation",50060,"Chlorine, total residual",19,mg/L,07/31/2009,1,5,=,,08/14/2009,,,20210279,.02,C3,H,"Chronic Violation, Non-Monthly Average",11/30/2009,2,RE - Back into Compliance,01/31/2010,IA,N,INST MAX
NM0020583,2,20044318,1800546906,001,20044318,A,A,1400891184,.02,1801265083,1800713251,,,.019,PRMTVL,Violation Of A Permit Requirement,E90,"DMR, Limited - Numeric Violation",50060,"Chlorine, total residual",19,mg/L,07/31/2009,1,5,=,,08/14/2009,,,20210279,.02,C3,H,"Chronic Violation, Non-Monthly Average",11/30/2009,2,RE - Back into Compliance,01/31/2010,IA,N,INST MAX
NM0020583,3,2200016809,3604379905,001,2200016809,A,1,3600451894,619,3624207522,3613583981,,,757.72599363,,,E90,"DMR, Limited - Numeric Violation",00310,"BOD, 5-day, 20 deg. C",01,kg/d,06/30/2016,1,99999,>,26,07/12/2016,,,2200047765,281.02599764,Q1,,,,,,,3C,A,30DA AVG
NM0020583,4,3600830134,3640412988,001,3600830134,A,1,3664421726,9,3684298102,3645549193,,,30,NOPRMT,"Discharge, Emission Or Activity WO Required Permit",E90,"DMR, Limited - Numeric Violation",00310,"BOD, 5-day, 20 deg. C",19,mg/L,01/31/2019,1,99999,>,19,02/14/2019,,,3601680586,9,C2,,,,,,,3C,A,30DA AVG
NM0020583,4,3600830134,3640412988,001,3600830134,A,1,3664421726,9,3684298102,3645549193,,,30,SSO,Sanitary Sewer Overflows,E90,"DMR, Limited - Numeric Violation",00310,"BOD, 5-day, 20 deg. C",19,mg/L,01/31/2019,1,99999,>,19,02/14/2019,,,3601680586,9,C2,,,,,,,3C,A,30DA AVG
NM0028762,1,20044410,1400423747,001,20044410,A,1,606948294,.26,1403076855,1401738591,,,,,,D80,"DMR, Monitor Only - Overdue",50050,"Flow, in conduit or thru treatment plant",03,MGD,09/30/2008,1,,=,,04/23/2009,177,,600097481,.26,Q1,N,Non-Receipt of DMR/Schedule Report,11/28/2008,2,RE - Back into Compliance,04/23/2009,MK,A,MO AVG
NM0000116,3,2200037726,2602759652,001,2200037726,A,1,,,,,,,,,,D80,"DMR, Monitor Only - Overdue",50050,"Flow, in conduit or thru treatment plant",03,MGD,10/31/2011,1,,,,,,,2200113516,,Q2,K,"Non-receipt Violation, Non-Monthly Average",02/28/2012,0,RE - Automated Administratively Resolved (DMR Non-Receipt Violations),02/28/2014,DD,N,DAILY MX
NM0020583,1,20044319,21433333,001,20044319,A,1,58085808,35.05,43874198,27617161,,,30,,,E90,"DMR, Limited - Numeric Violation",00310,"BOD, 5-day, 20 deg. C",19,mg/L,12/31/2001,1,17,,,01/24/2002,9,,20210285,35.05,C2,C,Chronic Violation,03/31/2002,2,RE - Back into Compliance,07/31/2002,3C,A,30DA AVG
NM0020583,0,3602878711,3680285547,001,3602878711,A,1,3920643760,1.609,3834617623,3726695384,,,.55615,,,E90,"DMR, Limited - Numeric Violation",00720,"Cyanide, total [as CN]",01,kg/d,12/31/2024,1,31,=,26,01/15/2025,,,3606350737,.73048599,Q2,,,,,,,DD,N,DAILY MX
NM0000116,3,2200037726,3403704630,TX1,2200037726,Y,1,2205473175,,3607901443,3604420888,C,,,,,D80,"DMR, Monitor Only - Overdue",TEM3D,Low Flow Pass/Fail Static Renewal 48Hr Acute Daphnia pulex,9A,pass=0;fail=1,11/30/2013,12,,=,,05/13/2015,500,,2200113522,,C1,,,,,,,4E,,48HR MIN
NM0020583,3,2200016809,3600130070,001,2200016809,A,2,2203563779,425,3601075963,3600616762,,,400,,,E90,"DMR, Limited - Numeric Violation",70295,"Solids, total dissolved",19,mg/L,10/31/2014,1,6,=,19,11/14/2014,,,2200047762,425,C2,C,Chronic Violation,10/31/2014,2,RE - Back into Compliance,09/30/2016,3C,A,30DA AVG
NM0028762,1,20044410,2601150430,001,20044410,A,1,606948493,.8,2602598739,2601443715,,,.75,,,E90,"DMR, Limited - Numeric Violation",01105,"Aluminum, total [as Al]",19,mg/L,06/30/2007,1,7,=,,09/08/2008,408,,600097487,.8,C3,,,,,,,DD,N,DAILY MX
NM0020583,1,20044319,21433453,001,20044319,A,1,58087048,656,43874843,27617409,,,.5,,,E90,"DMR, Limited - Numeric Violation",01105,"Aluminum, total [as Al]",19,mg/L,02/28/2003,1,31,,,03/17/2003,2,,20210288,.656,C2,C,Chronic Violation,02/28/2003,2,RE - Back into Compliance,07/31/2003,3C,A,30DA AVG
NM0000116,3,2200037726,2602625040,TX1,2200037726,Y,1,2205473158,,3607901436,3604420884,C,,,,,D80,"DMR, Monitor Only - Overdue",TOM3D,NOAEC Lethal Statis Renewal 48 Hr Acute Daphnia pulex,23,%,11/30/2011,12,,=,,05/13/2015,1231,,2200113518,,C2,,,,,,,MJ,,MO AV MN
NM0028762,2,1800023151,1801441515,001,1800023151,Q,1,1805556541,1.1,3002400057,1802070490,,,,,,D80,"DMR, Monitor Only - Overdue",01106,"Aluminum, dissolved [as Al]",01,kg/d,12/31/2009,3,,=,,10/25/2010,269,,1800044101,.4994,Q1,N,Non-Receipt of DMR/Schedule Report,02/28/2010,2,RE - Back into Compliance,10/25/2010,MK,A,MO AVG
NM0020583,4,3600830134,3637463465,001,3600830134,A,1,3664421503,451178,3669478500,3637329670,,,31900000000,NOPRMT,"Discharge, Emission Or Activity WO Required Permit",E90,"DMR, Limited - Numeric Violation",51040,E. coli,9Y,CFU/d,05/31/2018,1,99999,>,9Z,06/14/2018,,,3601680592,451178000000,Q2,,,,,,,DD,N,DAILY MX
NM0020583,4,3600830134,3637463465,001,3600830134,A,1,3664421503,451178,3669478500,3637329670,,,31900000000,SSO,Sanitary Sewer Overflows,E90,"DMR, Limited - Numeric Violation",51040,E. coli,9Y,CFU/d,05/31/2018,1,99999,>,9Z,06/14/2018,,,3601680592,451178000000,Q2,,,,,,,DD,N,DAILY MX
NM0020583,1,20044319,21433338,001,20044319,A,1,58086588,37.1,43874208,27617317,,,30,,,E90,"DMR, Limited - Numeric Violation",00530,"Solids, total suspended",19,mg/L,12/31/2001,1,24,,,01/24/2002,9,,20210287,37.1,C2,C,Chronic Violation,03/31/2002,2,RE - Back into Compliance,06/30/2002,3C,A,30DA AVG
NM0020583,4,3600830134,3618421624,001,3600830134,A,1,3628321610,2166,3637349600,3621138734,,,757.72599363,,,E90,"DMR, Limited - Numeric Violation",00530,"Solids, total suspended",01,kg/d,03/31/2017,1,30,=,26,04/13/2017,,,3601680589,983.36399174,Q1,V,Other Violation with TRC,03/31/2017,2,RE - Back into Compliance,07/31/2017,3C,A,30DA AVG
NM0000116,3,2200037726,3403704719,TX4,2200037726,Y,1,2205473220,,3607901505,3604420917,C,,,,,D80,"DMR, Monitor Only - Overdue",TQM3D,Coef Of Var Static Renewal 48Hr Acute D. pulex,23,%,11/30/2013,12,,=,,05/13/2015,500,,2200113542,,C2,,,,,,,MJ,,MO AV MN
NM0020583,3,2200016809,3402894770,001,2200016809,A,1,2203204621,2420,3412041651,3406935297,,,126,EFF,"Effluent Limit Violations,Not Otherwise Specified",E90,"DMR, Limited - Numeric Violation",51040,E. coli,30,MPN/100mL,09/30/2013,1,99999,>,3Z,10/18/2013,3,,2200047763,2420,C3,,,,,,,DD,N,DAILY MX
NM0020583,3,2200016809,3000192844,001,2200016809,A,2,2203563686,445,3001010878,3000548499,,,400,PRMTVL,Violation Of A Permit Requirement,E90,"DMR, Limited - Numeric Violation",70295,"Solids, total dissolved",19,mg/L,03/31/2012,1,11,=,19,04/12/2012,,,2200047762,445,C2,C,Chronic Violation,03/31/2012,2,RE - Back into Compliance,08/31/2012,3C,A,30DA AVG
NM0000116,3,2200037726,3602635963,001,2200037726,A,1,2205473068,79,3614630426,3608196167,,,50,,,E90,"DMR, Limited - Numeric Violation",00530,"Solids, total suspended",19,mg/L,07/31/2015,1,58,=,,10/30/2015,2,,2200113505,79,C3,R,"TRC Limitations Exceeded, Non-Monthly Average",09/30/2015,2,RE - Back into Compliance,01/31/2016,DD,N,DAILY MX
NM0020583,3,2200016809,3001004217,001,2200016809,A,A,2203204333,35,3005264944,3002848169,,,.019,,,E90,"DMR, Limited - Numeric Violation",50060,"Chlorine, total residual",19,mg/L,08/31/2012,1,84,=,28,09/12/2012,,,2200047770,.035,C3,,,,,,,IA,N,INST MAX
NM0028762,3,3600771189,3661263417,001,3600771189,Q,1,3655439107,,3743802917,3676657694,D,,,EFF,"Effluent Limit Violations,Not Otherwise Specified",D80,"DMR, Monitor Only - Overdue",70295,"Solids, total dissolved",01,kg/d,06/30/2021,3,,,,07/13/2021,,,3601482265,,Q1,N,Non-Receipt of DMR/Schedule Report,08/28/2021,0,RE - Automated Administratively Resolved (DMR Non-Receipt Violations),08/28/2022,MK,A,MO AVG
NM0028762,3,3600771189,3661263417,001,3600771189,Q,1,3655439107,,3743802917,3676657694,D,,,NODMR,Failure To Submit DMR,D80,"DMR, Monitor Only - Overdue",70295,"Solids, total dissolved",01,kg/d,06/30/2021,3,,,,07/13/2021,,,3601482265,,Q1,N,Non-Receipt of DMR/Schedule Report,08/28/2021,0,RE - Automated Administratively Resolved (DMR Non-Receipt Violations),08/28/2022,MK,A,MO AVG
NM0028762,3,3600771189,3661263417,001,3600771189,Q,1,3655439107,,3743802917,3676657694,D,,,EFF,"Effluent Limit Violations,Not Otherwise Specified",D80,"DMR, Monitor Only - Overdue",70295,"Solids, total dissolved",01,kg/d,06/30/2021,3,,,,07/13/2021,,,3601482265,,Q1,N,Non-Receipt of DMR/Schedule Report,08/28/2021,0,RE - Automated Administratively Resolved (DMR Non-Receipt Violations),08/28/2022,MK,A,MO AVG
NM0020583,2,20044318,601655464,001,20044318,A,A,58084799,.03,602741230,601566688,,,.019,,,E90,"DMR, Limited - Numeric Violation",50060,"Chlorine, total residual",19,mg/L,08/31/2007,1,58,=,,09/14/2007,,,20210279,.03,C3,R,"TRC Limitations Exceeded, Non-Monthly Average",08/31/2007,2,RE - Back into Compliance,06/30/2008,IA,N,INST MAX
NM0028762,3,3600771189,3631821141,001,3600771189,Q,1,3662550649,,3649266815,3627655951,8,,,EFF,"Effluent Limit Violations,Not Otherwise Specified",D80,"DMR, Monitor Only - Overdue",01106,"Aluminum, dissolved [as Al]",19,mg/L,09/30/2017,3,,,,11/13/2017,16,,3601725081,,C3,K,"Non-receipt Violation, Non-Monthly Average",11/28/2017,0,RE - Automated Administratively Resolved (DMR Non-Receipt Violations),11/28/2019,DD,N,DAILY MX
NM0028762,3,3600771189,3631821141,001,3600771189,Q,1,3662550649,,3649266815,3627655951,8,,,EFF,"Effluent Limit Violations,Not Otherwise Specified",D80,"DMR, Monitor Only - Overdue",01106,"Aluminum, dissolved [as Al]",19,mg/L,09/30/2017,3,,,,11/13/2017,16,,3601725081,,C3,K,"Non-receipt Violation, Non-Monthly Average",11/28/2017,0,RE - Automated Administratively Resolved (DMR Non-Receipt Violations),11/28/2019,DD,N,DAILY MX
NM0028762,3,3600771189,3631821141,001,3600771189,Q,1,3662550649,,3649266815,3627655951,8,,,NODMR,Failure To Submit DMR,D80,"DMR, Monitor Only - Overdue",01106,"Aluminum, dissolved [as Al]",19,mg/L,09/30/2017,3,,,,11/13/2017,16,,3601725081,,C3,K,"Non-receipt Violation, Non-Monthly Average",11/28/2017,0,RE - Automated Administratively Resolved (DMR Non-Receipt Violations),11/28/2019,DD,N,DAILY MX
NM0028762,3,3600771189,3639473473,001,3600771189,Q,1,3662550667,,3676107679,3640927931,8,,,EFF,"Effluent Limit Violations,Not Otherwise Specified",D80,"DMR, Monitor Only - Overdue",01106,"Aluminum, dissolved [as Al]",01,kg/d,09/30/2018,3,,,,10/11/2018,,,3601725081,,Q2,K,"Non-receipt Violation, Non-Monthly Average",11/28/2018,0,RE - Automated Administratively Resolved (DMR Non-Receipt Violations),11/28/2020,DD,N,DAILY MX
NM0028762,3,3600771189,3639473473,001,3600771189,Q,1,3662550667,,3676107679,3640927931,8,,,EFF,"Effluent Limit Violations,Not Otherwise Specified",D80,"DMR, Monitor Only - Overdue",01106,"Aluminum, dissolved [as Al]",01,kg/d,09/30/2018,3,,,,10/11/2018,,,3601725081,,Q2,K,"Non-receipt Violation, Non-Monthly Average",11/28/2018,0,RE - Automated Administratively Resolved (DMR Non-Receipt Violations),11/28/2020,DD,N,DAILY MX
NM0028762,3,3600771189,3639473473,001,3600771189,Q,1,3662550667,,3676107679,3640927931,8,,,NODMR,Failure To Submit DMR,D80,"DMR, Monitor Only - Overdue",01106,"Aluminum, dissolved [as Al]",01,kg/d,09/30/2018,3,,,,10/11/2018,,,3601725081,,Q2,K,"Non-receipt Violation, Non-Monthly Average",11/28/2018,0,RE - Automated Administratively Resolved (DMR Non-Receipt Violations),11/28/2020,DD,N,DAILY MX
NM0028762,3,3600771189,3639473473,001,3600771189,Q,1,3662550667,,3676107679,3640927931,8,,,EFF,"Effluent Limit Violations,Not Otherwise Specified",D80,"DMR, Monitor Only - Overdue",01106,"Aluminum, dissolved [as Al]",01,kg/d,09/30/2018,3,,,,10/11/2018,,,3601725081,,Q2,K,"Non-receipt Violation, Non-Monthly Average",11/28/2018,0,RE - Automated Administratively Resolved (DMR Non-Receipt Violations),11/28/2020,DD,N,DAILY MX
NM0028762,3,3600771189,3639473473,001,3600771189,Q,1,3662550667,,3676107679,3640927931,8,,,NODMR,Failure To Submit DMR,D80,"DMR, Monitor Only - Overdue",01106,"Aluminum, dissolved [as Al]",01,kg/d,09/30/2018,3,,,,10/11/2018,,,3601725081,,Q2,K,"Non-receipt Violation, Non-Monthly Average",11/28/2018,0,RE - Automated Administratively Resolved (DMR Non-Receipt Violations),11/28/2020,DD,N,DAILY MX
NM0020583,1,20044319,600702108,001,20044319,A,0,58088170,15888.88,43874450,27617634,,,,,,D80,"DMR, Monitor Only - Overdue",70295,"Solids, total dissolved",01,kg/d,05/31/2002,1,,,,07/18/2002,33,,20210292,7213.55152,Q1,N,Non-Receipt of DMR/Schedule Report,07/15/2002,2,RE - Back into Compliance,07/18/2002,3C,A,30DA AVG
NM0020583,1,20044319,600702168,001,20044319,A,A,58087639,0,43873144,27617527,,,.099,,,D90,"DMR, Limited - Overdue",50060,"Chlorine, total residual",19,mg/L,12/31/1999,1,,,,06/23/2000,99,,20210291,0,C3,K,"Non-receipt Violation, Non-Monthly Average",02/14/2000,2,RE - Back into Compliance,06/23/2000,IA,N,INST MAX
NM0020583,0,3602878711,3682376216,001,3602878711,A,1,3920643771,1.607,3840988765,3730333646,,,.370918,,,E90,"DMR, Limited - Numeric Violation",00720,"Cyanide, total [as CN]",01,kg/d,03/31/2025,1,97,=,26,04/11/2025,,,3606350737,.72957799,Q1,T,TRC Limitations Exceeded,03/31/2025,6,RE - Manual Resolution by Enforcement Action,03/31/2025,3C,A,30DA AVG
NM0028762,1,20044410,1000202017,001,20044410,A,1,606948503,.85,1000688492,1000395016,,,.75,,,E90,"DMR, Limited - Numeric Violation",01105,"Aluminum, total [as Al]",19,mg/L,11/30/2007,1,13,=,,01/22/2008,,,600097487,.85,C3,,,,,,,DD,N,DAILY MX
NM0028762,3,3600771189,3617539659,001,3600771189,Q,1,3662550637,,3631372708,3617634480,8,,,,,D80,"DMR, Monitor Only - Overdue",01106,"Aluminum, dissolved [as Al]",19,mg/L,12/31/2016,3,,,,12/14/2016,,,3601725081,,C3,K,"Non-receipt Violation, Non-Monthly Average",02/28/2017,0,RE - Automated Administratively Resolved (DMR Non-Receipt Violations),02/28/2019,DD,N,DAILY MX
NM0020583,4,3600830134,3618421620,001,3600830134,A,1,3628321666,207871,3637349583,3621138728,,,31900000000,,,E90,"DMR, Limited - Numeric Violation",51040,E. coli,9Y,CFU/d,03/31/2017,1,552,=,9Z,04/13/2017,,,3601680592,207871000000,Q2,,,,,,,DD,N,DAILY MX
NM0020583,1,20044319,21433455,001,20044319,A,1,58085880,1639.81,43874870,27617176,,,658.754,,,E90,"DMR, Limited - Numeric Violation",00310,"BOD, 5-day, 20 deg. C",01,kg/d,03/31/2003,1,13,,,04/16/2003,1,,20210285,744.47374,Q1,,,,,,,3C,A,30DA AVG
NM0020583,4,3600830134,3648044838,001,3600830134,A,1,3664422103,60476,3708939592,3658376997,,,31900000000,,,E90,"DMR, Limited - Numeric Violation",51040,E. coli,9Y,CFU/d,01/31/2020,1,90,=,9Z,02/12/2020,,,3601680592,60476000000,Q2,,,,,,,DD,N,DAILY MX
NM0020583,2,20044318,1400021217,001,20044318,A,1,601033353,3800,1400039005,1400021211,,,410,EFF,"Effluent Limit Violations,Not Otherwise Specified",E90,"DMR, Limited - Numeric Violation",51040,E. coli,30,MPN/100mL,07/31/2008,1,827,=,,08/15/2008,,,20210280,3800,C3,,,,,,,DD,N,DAILY MX
NM0020583,2,20044318,1400021217,001,20044318,A,1,601033353,3800,1400039005,1400021211,,,410,PRMTVL,Violation Of A Permit Requirement,E90,"DMR, Limited - Numeric Violation",51040,E. coli,30,MPN/100mL,07/31/2008,1,827,=,,08/15/2008,,,20210280,3800,C3,,,,,,,DD,N,DAILY MX
NM0028762,1,20044410,1400418671,001,20044410,A,1,606948519,.54,1403076423,1401738338,,,.75,,,D90,"DMR, Limited - Overdue",01105,"Aluminum, total [as Al]",19,mg/L,07/31/2008,1,,=,,04/23/2009,177,,600097487,.54,C3,K,"Non-receipt Violation, Non-Monthly Average",11/28/2008,2,RE - Back into Compliance,04/23/2009,DD,N,DAILY MX
NM0020583,1,20044319,21433483,001,20044319,A,1,58086668,43.44,43874928,27617333,,,30,,,E90,"DMR, Limited - Numeric Violation",00530,"Solids, total suspended",19,mg/L,04/30/2003,1,45,,,05/19/2003,4,,20210287,43.44,C2,T,TRC Limitations Exceeded,04/30/2003,2,RE - Back into Compliance,08/31/2003,3C,A,30DA AVG
NM0020583,4,3600830134,3637463463,001,3600830134,A,1,3664421501,2420,3669478502,3637329670,,,235,NOPRMT,"Discharge, Emission Or Activity WO Required Permit",E90,"DMR, Limited - Numeric Violation",51040,E. coli,30,MPN/100mL,05/31/2018,1,99999,>,3Z,06/14/2018,,,3601680592,2420,C3,,,,,,,DD,N,DAILY MX
NM0020583,4,3600830134,3637463463,001,3600830134,A,1,3664421501,2420,3669478502,3637329670,,,235,SSO,Sanitary Sewer Overflows,E90,"DMR, Limited - Numeric Violation",51040,E. coli,30,MPN/100mL,05/31/2018,1,99999,>,3Z,06/14/2018,,,3601680592,2420,C3,,,,,,,DD,N,DAILY MX
NM0020583,2,20044318,1800826925,001,20044318,A,1,1400891230,23700,1802423890,1801362367,,,410,EFF,"Effluent Limit Violations,Not Otherwise Specified",E90,"DMR, Limited - Numeric Violation",51040,E. coli,30,MPN/100mL,09/30/2009,1,5680,=,,10/16/2009,1,,20210280,23700,C3,,,,,,,DD,N,DAILY MX
NM0020583,2,20044318,1800826925,001,20044318,A,1,1400891230,23700,1802423890,1801362367,,,410,PRMTVL,Violation Of A Permit Requirement,E90,"DMR, Limited - Numeric Violation",51040,E. coli,30,MPN/100mL,09/30/2009,1,5680,=,,10/16/2009,1,,20210280,23700,C3,,,,,,,DD,N,DAILY MX
NM0028762,3,3600771189,3630048041,001,3600771189,Q,1,3655438956,301.9,3629483588,3616574227,,,,,,D80,"DMR, Monitor Only - Overdue",70295,"Solids, total dissolved",01,kg/d,09/30/2016,3,,=,26,09/28/2017,335,,3601482265,137.06259885,Q2,K,"Non-receipt Violation, Non-Monthly Average",11/28/2016,2,RE - Back into Compliance,09/28/2017,DD,N,DAILY MX
NM0028762,3,3600771189,3659651848,001,3600771189,Q,1,3662550706,,3736678113,3673076174,8,,,EFF,"Effluent Limit Violations,Not Otherwise Specified",D80,"DMR, Monitor Only - Overdue",01106,"Aluminum, dissolved [as Al]",01,kg/d,03/31/2021,3,,,,04/08/2021,,,3601725081,,Q1,N,Non-Receipt of DMR/Schedule Report,05/29/2021,0,RE - Automated Administratively Resolved (DMR Non-Receipt Violations),05/29/2022,MK,A,MO AVG
NM0028762,3,3600771189,3659651848,001,3600771189,Q,1,3662550706,,3736678113,3673076174,8,,,NODMR,Failure To Submit DMR,D80,"DMR, Monitor Only - Overdue",01106,"Aluminum, dissolved [as Al]",01,kg/d,03/31/2021,3,,,,04/08/2021,,,3601725081,,Q1,N,Non-Receipt of DMR/Schedule Report,05/29/2021,0,RE - Automated Administratively Resolved (DMR Non-Receipt Violations),05/29/2022,MK,A,MO AVG
NM0028762,3,3600771189,3659651848,001,3600771189,Q,1,3662550706,,3736678113,3673076174,8,,,EFF,"Effluent Limit Violations,Not Otherwise Specified",D80,"DMR, Monitor Only - Overdue",01106,"Aluminum, dissolved [as Al]",01,kg/d,03/31/2021,3,,,,04/08/2021,,,3601725081,,Q1,N,Non-Receipt of DMR/Schedule Report,05/29/2021,0,RE - Automated Administratively Resolved (DMR Non-Receipt Violations),05/29/2022,MK,A,MO AVG
NM0028762,3,3600771189,3659651848,001,3600771189,Q,1,3662550706,,3736678113,3673076174,8,,,NODMR,Failure To Submit DMR,D80,"DMR, Monitor Only - Overdue",01106,"Aluminum, dissolved [as Al]",01,kg/d,03/31/2021,3,,,,04/08/2021,,,3601725081,,Q1,N,Non-Receipt of DMR/Schedule Report,05/29/2021,0,RE - Automated Administratively Resolved (DMR Non-Receipt Violations),05/29/2022,MK,A,MO AVG
NM0028762,3,3600771189,3659651848,001,3600771189,Q,1,3662550706,,3736678113,3673076174,8,,,EFF,"Effluent Limit Violations,Not Otherwise Specified",D80,"DMR, Monitor Only - Overdue",01106,"Aluminum, dissolved [as Al]",01,kg/d,03/31/2021,3,,,,04/08/2021,,,3601725081,,Q1,N,Non-Receipt of DMR/Schedule Report,05/29/2021,0,RE - Automated Administratively Resolved (DMR Non-Receipt Violations),05/29/2022,MK,A,MO AVG
NM0028762,1,20044410,2601150419,001,20044410,A,A,606948542,32,2602598256,2601443435,,,.019,,,E90,"DMR, Limited - Numeric Violation",50060,"Chlorine, total residual",19,mg/L,04/30/2007,1,68,=,,07/23/2007,,,600097488,.032,C3,,,,,,,IA,N,INST MAX
NM0028762,2,1800023151,1802037521,001,1800023151,A,1,1805555990,18.4,1805485377,1803110692,,,,,,D80,"DMR, Monitor Only - Overdue",00530,"Solids, total suspended",01,kg/d,02/28/2010,1,,=,,10/25/2010,180,,1800044065,8.35359993,Q2,K,"Non-receipt Violation, Non-Monthly Average",05/29/2010,2,RE - Back into Compliance,10/25/2010,DD,N,DAILY MX
NM0020583,0,3602878711,3675582499,001,3602878711,A,1,3920643721,15.5,3815262002,3715892299,,,.01467,,,E90,"DMR, Limited - Numeric Violation",00720,"Cyanide, total [as CN]",19,mg/L,03/31/2024,1,6,=,28,04/15/2024,,,3606350737,.0155,C2,,,,,,,3C,A,30DA AVG
NM0020583,3,2200016809,3603774988,001,2200016809,A,2,3600451371,479,3620704424,3611612935,,,400,,,E90,"DMR, Limited - Numeric Violation",70295,"Solids, total dissolved",19,mg/L,03/31/2016,1,20,=,19,04/14/2016,,,2200047762,479,C2,C,Chronic Violation,03/31/2016,2,RE - Back into Compliance,09/30/2016,3C,A,30DA AVG
NM0020583,3,2200016809,3001243558,001,2200016809,A,2,2203563707,403,3007131123,3003877802,,,400,PRMTVL,Violation Of A Permit Requirement,E90,"DMR, Limited - Numeric Violation",70295,"Solids, total dissolved",19,mg/L,10/31/2012,1,1,=,19,11/13/2012,,,2200047762,403,C2,C,Chronic Violation,01/31/2013,5,RE - Resolved RP by NPDES Closure of Enf. Action Final Order with Comp. Schedule,08/08/2018,3C,A,30DA AVG
NM0028762,1,20044410,1400422703,001,20044410,A,A,606948559,19,1403076857,1401738592,,,.019,,,D90,"DMR, Limited - Overdue",50060,"Chlorine, total residual",19,mg/L,09/30/2008,1,,=,,04/23/2009,177,,600097488,.019,C3,K,"Non-receipt Violation, Non-Monthly Average",11/28/2008,2,RE - Back into Compliance,04/23/2009,IA,N,INST MAX
NM0000116,3,2200037726,3403704596,TX4,2200037726,Y,1,2205473218,,3607901503,3604420916,C,,,,,D80,"DMR, Monitor Only - Overdue",TOM3D,NOAEC Lethal Statis Renewal 48 Hr Acute Daphnia pulex,23,%,11/30/2013,12,,=,,05/13/2015,500,,2200113541,,C2,,,,,,,MJ,,MO AV MN
NM0020583,3,2200016809,3404617509,001,2200016809,A,2,2203563761,429,3420433437,3411630159,,,400,EFF,"Effluent Limit Violations,Not Otherwise Specified",E90,"DMR, Limited - Numeric Violation",70295,"Solids, total dissolved",19,mg/L,04/30/2014,1,7,=,19,05/13/2014,,,2200047762,429,C2,C,Chronic Violation,04/30/2014,5,RE - Resolved RP by NPDES Closure of Enf. Action Final Order with Comp. Schedule,05/02/2023,3C,A,30DA AVG
NM0020583,0,3602878711,3667419807,001,3602878711,A,1,3860918076,415,3779607514,3695907564,,,31900000000,EFF,"Effluent Limit Violations,Not Otherwise Specified",E90,"DMR, Limited - Numeric Violation",51040,E. coli,9Y,CFU/d,10/31/2022,1,99999,>,9Z,11/14/2022,,,3606239976,415000000,Q1,,,,,,,3H,A,30DAVGEO
NM0020583,4,3600830134,3620405859,001,3600830134,A,1,3628321808,43,3638992822,3622088252,,,30,,,E90,"DMR, Limited - Numeric Violation",00310,"BOD, 5-day, 20 deg. C",19,mg/L,04/30/2017,1,43,=,19,05/11/2017,,,3601680586,43,C2,T,TRC Limitations Exceeded,04/30/2017,2,RE - Back into Compliance,07/31/2017,3C,A,30DA AVG
NM0020583,4,3600830134,3633250097,001,3600830134,A,1,3664421366,26,3653483622,3630077558,,,30,NOPRMT,"Discharge, Emission Or Activity WO Required Permit",E90,"DMR, Limited - Numeric Violation",00310,"BOD, 5-day, 20 deg. C",19,mg/L,01/31/2018,1,99999,>,19,02/14/2018,,,3601680586,26,C2,T,TRC Limitations Exceeded,02/28/2018,2,RE - Back into Compliance,05/31/2018,3C,A,30DA AVG
NM0020583,4,3600830134,3633250097,001,3600830134,A,1,3664421366,26,3653483622,3630077558,,,30,SSO,Sanitary Sewer Overflows,E90,"DMR, Limited - Numeric Violation",00310,"BOD, 5-day, 20 deg. C",19,mg/L,01/31/2018,1,99999,>,19,02/14/2018,,,3601680586,26,C2,T,TRC Limitations Exceeded,02/28/2018,2,RE - Back into Compliance,05/31/2018,3C,A,30DA AVG
NM0020583,1,20044319,21433428,001,20044319,A,1,58085873,43.9,43874783,27617174,,,30,,,E90,"DMR, Limited - Numeric Violation",00310,"BOD, 5-day, 20 deg. C",19,mg/L,01/31/2003,1,46,,,02/19/2003,4,,20210285,43.9,C2,T,TRC Limitations Exceeded,02/28/2003,2,RE - Back into Compliance,08/31/2003,3C,A,30DA AVG
NM0000116,3,2200037726,3403704675,TX4,2200037726,Y,1,2205473215,,3607901500,3604420915,C,,,,,D80,"DMR, Monitor Only - Overdue",TEM3D,Low Flow Pass/Fail Static Renewal 48Hr Acute Daphnia pulex,9A,pass=0;fail=1,11/30/2013,12,,=,,05/13/2015,500,,2200113540,,C1,,,,,,,4E,,48HR MIN
NM0020583,1,20044319,21433353,001,20044319,A,1,58086593,33.03,43874253,27617318,,,30,,,E90,"DMR, Limited - Numeric Violation",00530,"Solids, total suspended",19,mg/L,01/31/2002,1,10,,,02/14/2002,,,20210287,33.03,C2,C,Chronic Violation,03/31/2002,2,RE - Back into Compliance,06/30/2002,3C,A,30DA AVG
NM0020583,1,20044319,600704159,TX1,20044319,S,1,58091577,2.7,43877432,27618315,,,,,,D80,"DMR, Monitor Only - Overdue",TOP3B,NOEC Lethal Static Renewal 7 Day Chronic Ceriodaphnia dubia,23,%,06/30/2003,6,,,,09/12/2003,59,,20210370,2.7,C1,,,,,,,4E,,48HR MIN
NM0000116,3,2200037726,3600285113,004,2200037726,A,1,,,,,,,50,,,D90,"DMR, Limited - Overdue",00530,"Solids, total suspended",19,mg/L,08/31/2014,1,,,,,,,2200113552,,C3,K,"Non-receipt Violation, Non-Monthly Average",11/28/2014,B,RE - Manual by EPA/State/Tribal Action,12/31/2016,DD,N,DAILY MX
NM0028762,3,3600771189,3630048040,001,3600771189,Q,1,3655438955,301.9,3629483587,3616574227,,,,,,D80,"DMR, Monitor Only - Overdue",70295,"Solids, total dissolved",01,kg/d,09/30/2016,3,,=,26,09/28/2017,335,,3601482265,137.06259885,Q1,N,Non-Receipt of DMR/Schedule Report,11/28/2016,2,RE - Back into Compliance,09/28/2017,MK,A,MO AVG
NM0028762,3,3600771189,3660134588,001,3600771189,A,1,3655093328,74,3743822807,3676669124,,,30,EFF,"Effluent Limit Violations,Not Otherwise Specified",E90,"DMR, Limited - Numeric Violation",00530,"Solids, total suspended",19,mg/L,06/30/2021,1,147,=,19,07/13/2021,,,3601482267,74,C3,,,,,,,DD,N,DAILY MX
NM0028762,3,3600771189,3660134588,001,3600771189,A,1,3655093328,74,3743822807,3676669124,,,30,NODMR,Failure To Submit DMR,E90,"DMR, Limited - Numeric Violation",00530,"Solids, total suspended",19,mg/L,06/30/2021,1,147,=,19,07/13/2021,,,3601482267,74,C3,,,,,,,DD,N,DAILY MX
NM0028762,3,3600771189,3660134588,001,3600771189,A,1,3655093328,74,3743822807,3676669124,,,30,EFF,"Effluent Limit Violations,Not Otherwise Specified",E90,"DMR, Limited - Numeric Violation",00530,"Solids, total suspended",19,mg/L,06/30/2021,1,147,=,19,07/13/2021,,,3601482267,74,C3,,,,,,,DD,N,DAILY MX
NM0020583,1,20044319,21433450,001,20044319,A,1,58087045,25.76,43874840,27617409,,,10.9868,,,E90,"DMR, Limited - Numeric Violation",01105,"Aluminum, total [as Al]",01,kg/d,02/28/2003,1,6,,,03/17/2003,2,,20210288,11.69504,Q1,C,Chronic Violation,02/28/2003,2,RE - Back into Compliance,07/31/2003,3C,A,30DA AVG
NM0020583,4,3600830134,3618421619,001,3600830134,A,1,3628321662,1300,3637349585,3621138728,,,235,,,E90,"DMR, Limited - Numeric Violation",51040,E. coli,30,MPN/100mL,03/31/2017,1,453,=,3Z,04/13/2017,,,3601680592,1300,C3,,,,,,,DD,N,DAILY MX
NM0020583,2,20044318,2200598002,001,20044318,A,1,1800507994,5250,2201614746,2200907494,,,200,EFF,"Effluent Limit Violations,Not Otherwise Specified",E90,"DMR, Limited - Numeric Violation",74055,"Coliform, fecal general",30,MPN/100mL,10/31/2010,1,2525,=,13,11/10/2010,,,20210283,5250,C3,,,,,,,DD,N,DAILY MX
NM0020583,2,20044318,2200598002,001,20044318,A,1,1800507994,5250,2201614746,2200907494,,,200,PRMTVL,Violation Of A Permit Requirement,E90,"DMR, Limited - Numeric Violation",74055,"Coliform, fecal general",30,MPN/100mL,10/31/2010,1,2525,=,13,11/10/2010,,,20210283,5250,C3,,,,,,,DD,N,DAILY MX
NM0020583,0,3602878711,3685992835,001,3602878711,A,1,3920643112,4,3864008118,3743227956,,,45,,,E90,"DMR, Limited - Numeric Violation",00310,"BOD, 5-day, 20 deg. C",19,mg/L,01/31/2026,1,99999,>,19,02/13/2026,,,3606239979,4,C3,,,,,,,7A,N,7 DA AVG
NM0000116,3,2200037726,3602635965,001,2200037726,A,1,2205473076,5.6,3614630430,3608196171,,,.00075,,,E90,"DMR, Limited - Numeric Violation",01105,"Aluminum, total [as Al]",19,mg/L,07/31/2015,1,647,=,,10/30/2015,2,,2200113509,.0056,C3,,,,,,,DD,N,DAILY MX
NM0020583,3,2200016809,3602625339,001,2200016809,A,2,2203563815,410,3614520070,3608134793,,,400,,,E90,"DMR, Limited - Numeric Violation",70295,"Solids, total dissolved",19,mg/L,10/31/2015,1,3,=,19,11/10/2015,,,2200047762,410,C2,C,Chronic Violation,10/31/2015,2,RE - Back into Compliance,09/30/2016,3C,A,30DA AVG
NM0020583,0,3602878711,3685685662,001,3602878711,Q,1,3920643968,,3860463822,3741058069,P,,,,,D80,"DMR, Monitor Only - Overdue",39400,Toxaphene,19,mg/L,11/30/2025,3,,,,12/15/2025,,,3606350743,,C3,K,"Non-receipt Violation, Non-Monthly Average",01/15/2026,3,RP - Due to Formal Enforcement Action Final Order with Compliance Schedule,04/16/2026,7A,N,7 DA AVG
NM0028762,2,1800023151,2601686027,001,1800023151,Q,1,1805556577,,2604219650,2602303629,X,,,,,D80,"DMR, Monitor Only - Overdue",70295,"Solids, total dissolved",19,mg/L,06/30/2011,3,,,,07/25/2011,,,1800044064,,C3,K,"Non-receipt Violation, Non-Monthly Average",08/28/2011,0,RE - Automated Administratively Resolved (DMR Non-Receipt Violations),08/28/2013,DD,N,DAILY MX
NM0020583,3,2200016809,3401333145,001,2200016809,A,2,2203563722,447,3406223758,3403752511,,,400,EFF,"Effluent Limit Violations,Not Otherwise Specified",E90,"DMR, Limited - Numeric Violation",70295,"Solids, total dissolved",19,mg/L,03/31/2013,1,12,=,19,04/10/2013,,,2200047762,447,C2,C,Chronic Violation,03/31/2013,5,RE - Resolved RP by NPDES Closure of Enf. Action Final Order with Comp. Schedule,05/02/2023,3C,A,30DA AVG
NM0028762,3,3600771189,3640734001,001,3600771189,Q,1,3662550668,,3682282636,3644300268,8,,,EFF,"Effluent Limit Violations,Not Otherwise Specified",D80,"DMR, Monitor Only - Overdue",01106,"Aluminum, dissolved [as Al]",19,mg/L,12/31/2018,3,,,,01/21/2019,,,3601725081,,C2,N,Non-Receipt of DMR/Schedule Report,02/28/2019,0,RE - Automated Administratively Resolved (DMR Non-Receipt Violations),02/28/2021,MK,A,MO AVG
NM0028762,3,3600771189,3640734001,001,3600771189,Q,1,3662550668,,3682282636,3644300268,8,,,EFF,"Effluent Limit Violations,Not Otherwise Specified",D80,"DMR, Monitor Only - Overdue",01106,"Aluminum, dissolved [as Al]",19,mg/L,12/31/2018,3,,,,01/21/2019,,,3601725081,,C2,N,Non-Receipt of DMR/Schedule Report,02/28/2019,0,RE - Automated Administratively Resolved (DMR Non-Receipt Violations),02/28/2021,MK,A,MO AVG
NM0028762,3,3600771189,3640734001,001,3600771189,Q,1,3662550668,,3682282636,3644300268,8,,,NODMR,Failure To Submit DMR,D80,"DMR, Monitor Only - Overdue",01106,"Aluminum, dissolved [as Al]",19,mg/L,12/31/2018,3,,,,01/21/2019,,,3601725081,,C2,N,Non-Receipt of DMR/Schedule Report,02/28/2019,0,RE - Automated Administratively Resolved (DMR Non-Receipt Violations),02/28/2021,MK,A,MO AVG
NM0028762,3,3600771189,3640734001,001,3600771189,Q,1,3662550668,,3682282636,3644300268,8,,,EFF,"Effluent Limit Violations,Not Otherwise Specified",D80,"DMR, Monitor Only - Overdue",01106,"Aluminum, dissolved [as Al]",19,mg/L,12/31/2018,3,,,,01/21/2019,,,3601725081,,C2,N,Non-Receipt of DMR/Schedule Report,02/28/2019,0,RE - Automated Administratively Resolved (DMR Non-Receipt Violations),02/28/2021,MK,A,MO AVG
NM0028762,3,3600771189,3640734001,001,3600771189,Q,1,3662550668,,3682282636,3644300268,8,,,NODMR,Failure To Submit DMR,D80,"DMR, Monitor Only - Overdue",01106,"Aluminum, dissolved [as Al]",19,mg/L,12/31/2018,3,,,,01/21/2019,,,3601725081,,C2,N,Non-Receipt of DMR/Schedule Report,02/28/2019,0,RE - Automated Administratively Resolved (DMR Non-Receipt Violations),02/28/2021,MK,A,MO AVG
NM0000116,1,20044287,200000879,001,20044287,A,1,,,,,,,.000012,,,D90,"DMR, Limited - Overdue",71900,"Mercury, total [as Hg]",19,mg/L,01/31/2006,1,,,,,,,20209093,,C3,K,"Non-receipt Violation, Non-Monthly Average",05/29/2006,0,RE - Automated Administratively Resolved (DMR Non-Receipt Violations),09/30/2011,DD,N,DAILY MX
NM0000116,1,20044287,601443248,001,20044287,A,1,,,,,,,,,,D80,"DMR, Monitor Only - Overdue",01062,"Molybdenum, total [as Mo]",19,mg/L,04/30/2006,1,,,,,,,20209089,,C3,K,"Non-receipt Violation, Non-Monthly Average",08/28/2006,0,RE - Automated Administratively Resolved (DMR Non-Receipt Violations),09/30/2011,DD,N,DAILY MX
NM0000116,1,20044287,601443595,001,20044287,A,1,,,,,,,.000012,,,D90,"DMR, Limited - Overdue",71900,"Mercury, total [as Hg]",19,mg/L,04/30/2006,1,,,,,,,20209093,,C3,K,"Non-receipt Violation, Non-Monthly Average",08/28/2006,0,RE - Automated Administratively Resolved (DMR Non-Receipt Violations),09/30/2011,DD,N,DAILY MX
NM0000116,3,2200037726,2602759650,001,2200037726,A,1,,,,,,,50,,,D90,"DMR, Limited - Overdue",00530,"Solids, total suspended",19,mg/L,10/31/2011,1,,,,,,,2200113505,,C3,K,"Non-receipt Violation, Non-Monthly Average",02/28/2012,0,RE - Automated Administratively Resolved (DMR Non-Receipt Violations),02/28/2014,DD,N,DAILY MX
NM0020583,4,3600830134,3647582122,001,3600830134,A,1,3664422073,53317,3703911651,3656114806,,,31900000000,,,E90,"DMR, Limited - Numeric Violation",51040,E. coli,9Y,CFU/d,12/31/2019,1,67,=,9Z,01/15/2020,,,3601680592,53317000000,Q2,,,,,,,DD,N,DAILY MX
NM0020583,3,2200016809,3604379906,001,2200016809,A,1,3600451897,732,3624207523,3613583981,,,1136.81599045,,,E90,"DMR, Limited - Numeric Violation",00310,"BOD, 5-day, 20 deg. C",01,kg/d,06/30/2016,1,99999,>,26,07/12/2016,,,2200047765,332.32799721,Q2,,,,,,,7A,N,7 DA AVG
NM0020583,4,3600830134,3644246092,001,3600830134,A,1,3664422028,466,3702082534,3655166910,,,757.72599363,,,E90,"DMR, Limited - Numeric Violation",00310,"BOD, 5-day, 20 deg. C",01,kg/d,11/30/2019,1,99999,>,26,12/12/2019,,,3601680586,211.56399822,Q1,,,,,,,3C,A,30DA AVG
NM0028762,1,20044410,1400418669,001,20044410,A,1,606948290,.25,1403076424,1401738339,,,,,,D80,"DMR, Monitor Only - Overdue",50050,"Flow, in conduit or thru treatment plant",03,MGD,07/31/2008,1,,=,,04/23/2009,177,,600097481,.25,Q1,N,Non-Receipt of DMR/Schedule Report,11/28/2008,2,RE - Back into Compliance,04/23/2009,MK,A,MO AVG
NM0020583,3,2200016809,3403598456,001,2200016809,A,2,2203563749,503,3415190706,3408653416,,,400,EFF,"Effluent Limit Violations,Not Otherwise Specified",E90,"DMR, Limited - Numeric Violation",70295,"Solids, total dissolved",19,mg/L,12/31/2013,1,26,=,19,01/13/2014,,,2200047762,503,C2,C,Chronic Violation,12/31/2013,5,RE - Resolved RP by NPDES Closure of Enf. Action Final Order with Comp. Schedule,05/02/2023,3C,A,30DA AVG
NM0028762,1,20044410,1000202018,001,20044410,A,A,606948549,32,1000688495,1000395018,,,.019,,,E90,"DMR, Limited - Numeric Violation",50060,"Chlorine, total residual",19,mg/L,11/30/2007,1,68,=,,01/22/2008,,,600097488,.032,C3,,,,,,,IA,N,INST MAX
NM0000116,3,2200037726,3600658737,TX4,2200037726,Y,1,2205473225,,3607901510,3604420920,C,,,,,D80,"DMR, Monitor Only - Overdue",TEM3D,Low Flow Pass/Fail Static Renewal 48Hr Acute Daphnia pulex,9A,pass=0;fail=1,11/30/2014,12,,=,,05/13/2015,135,,2200113540,,C1,,,,,,,4E,,48HR MIN
NM0020583,0,3602878711,3682115479,001,3602878711,A,1,3920643768,1.735,3839823727,3729620621,,,.55615,,,E90,"DMR, Limited - Numeric Violation",00720,"Cyanide, total [as CN]",01,kg/d,02/28/2025,1,42,=,26,03/14/2025,,,3606350737,.78768999,Q2,,,,,,,DD,N,DAILY MX
NM0020583,2,20044318,601702450,001,20044318,A,1,601033334,75,602962505,601695514,,,126,,,E90,"DMR, Limited - Numeric Violation",51040,E. coli,30,MPN/100mL,10/31/2007,1,99999,>,,11/15/2007,,,20210280,75,C2,,,,,,,3H,A,30DAVGEO
NM0020583,2,20044318,601355857,001,20044318,A,1,601033325,450,601977902,601129812,,,410,,,E90,"DMR, Limited - Numeric Violation",51040,E. coli,30,MPN/100mL,05/31/2007,1,10,<,,06/15/2007,,,20210280,450,C3,,,,,,,DD,N,DAILY MX
NM0020583,1,20044319,21433429,001,20044319,A,1,58085874,49.06,43874784,27617174,,,45,,,E90,"DMR, Limited - Numeric Violation",00310,"BOD, 5-day, 20 deg. C",19,mg/L,01/31/2003,1,9,,,02/19/2003,4,,20210285,49.06,C3,,,,,,,7A,N,7 DA AVG
NM0000116,1,20044287,200000831,001,20044287,A,1,,,,,,,,,,D80,"DMR, Monitor Only - Overdue",01092,"Zinc, total [as Zn]",19,mg/L,01/31/2006,1,,,,,,,20209090,,C3,K,"Non-receipt Violation, Non-Monthly Average",05/29/2006,0,RE - Automated Administratively Resolved (DMR Non-Receipt Violations),09/30/2011,DD,N,DAILY MX
NM0000116,1,20044287,200000863,001,20044287,A,1,,,,,,,,,,D80,"DMR, Monitor Only - Overdue",50050,"Flow, in conduit or thru treatment plant",03,MGD,02/28/2006,1,,,,,,,20209092,,Q1,N,Non-Receipt of DMR/Schedule Report,05/29/2006,0,RE - Automated Administratively Resolved (DMR Non-Receipt Violations),09/30/2011,DB,A,DAILY AV
NM0000116,1,20044287,200000858,001,20044287,A,1,,,,,,,,,,D80,"DMR, Monitor Only - Overdue",50050,"Flow, in conduit or thru treatment plant",03,MGD,01/31/2006,1,,,,,,,20209092,,Q1,N,Non-Receipt of DMR/Schedule Report,05/29/2006,0,RE - Automated Administratively Resolved (DMR Non-Receipt Violations),09/30/2011,DB,A,DAILY AV
NM0000116,3,2200037726,2602759699,001,2200037726,A,1,,,,,,,,,,D80,"DMR, Monitor Only - Overdue",50050,"Flow, in conduit or thru treatment plant",03,MGD,10/31/2011,1,,,,,,,2200113516,,Q1,N,Non-Receipt of DMR/Schedule Report,02/28/2012,0,RE - Automated Administratively Resolved (DMR Non-Receipt Violations),02/28/2014,3C,A,30DA AVG
NM0000116,3,2200037726,3600285127,004,2200037726,A,1,,,,,,,9,,,D90,"DMR, Limited - Overdue",00400,pH,12,SU,07/31/2014,1,,,,,,,2200113551,,C3,K,"Non-receipt Violation, Non-Monthly Average",11/28/2014,B,RE - Manual by EPA/State/Tribal Action,12/31/2016,MB,N,MAXIMUM
NM0000116,3,2200037726,2602759687,001,2200037726,A,1,,,,,,,6,,,D90,"DMR, Limited - Overdue",00400,pH,12,SU,12/31/2011,1,,,,,,,2200113507,,C1,,,,,,,ME,,MINIMUM
NM0000116,1,20044287,200000821,001,20044287,A,1,,,,,,,,,,D80,"DMR, Monitor Only - Overdue",01062,"Molybdenum, total [as Mo]",19,mg/L,01/31/2006,1,,,,,,,20209089,,C3,K,"Non-receipt Violation, Non-Monthly Average",05/29/2006,0,RE - Automated Administratively Resolved (DMR Non-Receipt Violations),09/30/2011,DD,N,DAILY MX
NM0028762,2,1800023151,3401710758,001,1800023151,Q,1,,,,,,,,,,D80,"DMR, Monitor Only - Overdue",01106,"Aluminum, dissolved [as Al]",19,mg/L,03/31/2013,3,,,,,,,1800044101,,C2,N,Non-Receipt of DMR/Schedule Report,05/29/2013,0,RE - Automated Administratively Resolved (DMR Non-Receipt Violations),05/29/2015,MK,A,MO AVG
NM0000116,3,2200037726,3600285054,004,2200037726,A,1,,,,,,,,,,D80,"DMR, Monitor Only - Overdue",50050,"Flow, in conduit or thru treatment plant",03,MGD,09/30/2014,1,,,,,,,2200113553,,Q2,K,"Non-receipt Violation, Non-Monthly Average",11/28/2014,B,RE - Manual by EPA/State/Tribal Action,12/31/2016,DD,N,DAILY MX
NM0000116,3,2200037726,3403704713,TX4,2200037726,Y,1,2205473217,,3607901502,3604420916,C,,,,,D80,"DMR, Monitor Only - Overdue",TOM3D,NOAEC Lethal Statis Renewal 48 Hr Acute Daphnia pulex,23,%,11/30/2013,12,,=,,05/13/2015,500,,2200113541,,C1,,,,,,,4E,,48HR MIN
NM0028762,1,20044410,1400420588,001,20044410,A,A,606948557,26,1403076426,1401738340,,,.019,,,D90,"DMR, Limited - Overdue",50060,"Chlorine, total residual",19,mg/L,07/31/2008,1,37,=,,04/23/2009,177,,600097488,.026,C3,K,"Non-receipt Violation, Non-Monthly Average",11/28/2008,2,RE - Back into Compliance,04/23/2009,IA,N,INST MAX
NM0028762,1,20044410,1401067197,001,20044410,A,A,606948557,26,1403076426,1401738340,,,.019,,,E90,"DMR, Limited - Numeric Violation",50060,"Chlorine, total residual",19,mg/L,07/31/2008,1,37,=,,04/23/2009,177,,600097488,.026,C3,,,,,,,IA,N,INST MAX
NM0028762,1,20044410,1800971821,001,20044410,A,1,1000774227,7.91,2606218233,2603372666,,,9,,,D90,"DMR, Limited - Overdue",00400,pH,12,SU,08/31/2009,1,,=,,09/23/2011,695,,600097477,7.91,C3,K,"Non-receipt Violation, Non-Monthly Average",11/28/2009,2,RE - Back into Compliance,09/23/2011,MB,N,MAXIMUM
NM0020583,1,20044319,21433489,001,20044319,A,1,58087059,850,43874934,27617411,,,.75,,,E90,"DMR, Limited - Numeric Violation",01105,"Aluminum, total [as Al]",19,mg/L,04/30/2003,1,13,,,05/19/2003,4,,20210288,.85,C3,,,,,,,7A,N,7 DA AVG
NM0028762,3,3600771189,3649157893,001,3600771189,A,1,3655093126,38,3712116555,3660207470,,,.019,EFF,"Effluent Limit Violations,Not Otherwise Specified",E90,"DMR, Limited - Numeric Violation",50060,"Chlorine, total residual",19,mg/L,01/31/2020,1,100,=,28,04/20/2020,,,3601482269,.038,C3,,,,,,,DD,N,DAILY MX
NM0028762,3,3600771189,3649157893,001,3600771189,A,1,3655093126,38,3712116555,3660207470,,,.019,EFF,"Effluent Limit Violations,Not Otherwise Specified",E90,"DMR, Limited - Numeric Violation",50060,"Chlorine, total residual",19,mg/L,01/31/2020,1,100,=,28,04/20/2020,,,3601482269,.038,C3,,,,,,,DD,N,DAILY MX
NM0028762,3,3600771189,3649157893,001,3600771189,A,1,3655093126,38,3712116555,3660207470,,,.019,NODMR,Failure To Submit DMR,E90,"DMR, Limited - Numeric Violation",50060,"Chlorine, total residual",19,mg/L,01/31/2020,1,100,=,28,04/20/2020,,,3601482269,.038,C3,,,,,,,DD,N,DAILY MX
NM0028762,3,3600771189,3649157893,001,3600771189,A,1,3655093126,38,3712116555,3660207470,,,.019,EFF,"Effluent Limit Violations,Not Otherwise Specified",E90,"DMR, Limited - Numeric Violation",50060,"Chlorine, total residual",19,mg/L,01/31/2020,1,100,=,28,04/20/2020,,,3601482269,.038,C3,,,,,,,DD,N,DAILY MX
NM0028762,3,3600771189,3649157893,001,3600771189,A,1,3655093126,38,3712116555,3660207470,,,.019,NODMR,Failure To Submit DMR,E90,"DMR, Limited - Numeric Violation",50060,"Chlorine, total residual",19,mg/L,01/31/2020,1,100,=,28,04/20/2020,,,3601482269,.038,C3,,,,,,,DD,N,DAILY MX
NM0028762,1,20044410,1400197978,001,20044410,A,1,606948511,.81,1000346037,1000200109,,,.75,,,E90,"DMR, Limited - Numeric Violation",01105,"Aluminum, total [as Al]",19,mg/L,03/31/2008,1,8,=,,04/16/2008,,,600097487,.81,C3,,,,,,,DD,N,DAILY MX
NM0020583,3,2200016809,3604565819,TX1,2200016809,Q,1,3651140143,0,3626637158,3614968191,,,,,,D80,"DMR, Monitor Only - Overdue",TQM3D,Coef Of Var Static Renewal 48Hr Acute D. pulex,23,%,06/30/2016,3,,=,23,08/25/2016,41,,2200047810,0,C1,,,,,,,4E,,48HR MIN
NM0028762,3,3600771189,3630048034,001,3600771189,Q,1,3662550632,,3629536001,3616604518,8,,,,,D80,"DMR, Monitor Only - Overdue",01106,"Aluminum, dissolved [as Al]",19,mg/L,09/30/2016,3,,,,09/28/2017,335,,3601725081,,C2,N,Non-Receipt of DMR/Schedule Report,11/28/2016,0,RE - Automated Administratively Resolved (DMR Non-Receipt Violations),11/28/2018,MK,A,MO AVG
NM0020583,3,2200016809,3601088913,SLL,2200016809,A,S,2203563079,,3631452477,3617679367,C,,,,,D80,"DMR, Monitor Only - Overdue",84367,Pollutant table from 503.13,3X,table #,12/31/2014,12,,,,12/16/2016,666,,2200047783,,C3,K,"Non-receipt Violation, Non-Monthly Average",03/22/2015,2,RE - Back into Compliance,12/16/2016,VA,N,VALUE
NM0028762,2,1800023151,2200094420,001,1800023151,Q,1,1805556553,516.4,1806928364,1803911313,,,,,,D80,"DMR, Monitor Only - Overdue",70295,"Solids, total dissolved",01,kg/d,06/30/2010,3,,=,,10/25/2010,89,,1800044064,234.44559803,Q2,K,"Non-receipt Violation, Non-Monthly Average",08/28/2010,2,RE - Back into Compliance,10/25/2010,DD,N,DAILY MX
NM0020583,1,20044319,600700999,001,20044319,A,1,58088415,35244.34,43873150,27617683,,,,,,D80,"DMR, Monitor Only - Overdue",70295,"Solids, total dissolved",01,kg/d,12/31/1999,1,,,,06/23/2000,99,,20210293,16000.93036,Q1,N,Non-Receipt of DMR/Schedule Report,02/14/2000,2,RE - Back into Compliance,06/23/2000,3C,A,30DA AVG
NM0020583,1,20044319,21433464,001,20044319,A,1,58086664,60.11,43874884,27617332,,,45,,,E90,"DMR, Limited - Numeric Violation",00530,"Solids, total suspended",19,mg/L,03/31/2003,1,34,,,04/16/2003,1,,20210287,60.11,C3,,,,,,,7A,N,7 DA AVG
NM0020583,1,20044319,21433418,001,20044319,A,1,58086648,48.82,43874748,27617329,,,30,,,E90,"DMR, Limited - Numeric Violation",00530,"Solids, total suspended",19,mg/L,12/31/2002,1,63,,,03/04/2003,48,,20210287,48.82,C2,T,TRC Limitations Exceeded,02/28/2003,2,RE - Back into Compliance,08/31/2003,3C,A,30DA AVG
NM0028762,2,1800023151,2200094401,001,1800023151,Q,1,1800514015,156.4,1806928363,1803911313,,,,,,D80,"DMR, Monitor Only - Overdue",70295,"Solids, total dissolved",01,kg/d,06/30/2010,3,,=,,10/25/2010,89,,1800044064,71.0055994,Q1,N,Non-Receipt of DMR/Schedule Report,08/28/2010,2,RE - Back into Compliance,10/25/2010,MK,A,MO AVG
NM0000116,3,2200037726,3600828676,004,2200037726,A,1,,,,,,,,,,D80,"DMR, Monitor Only - Overdue",50050,"Flow, in conduit or thru treatment plant",03,MGD,12/31/2014,1,,,,,,,2200113553,,Q2,K,"Non-receipt Violation, Non-Monthly Average",02/28/2015,B,RE - Manual by EPA/State/Tribal Action,12/31/2016,DD,N,DAILY MX
NM0000116,1,20044287,200000865,001,20044287,A,1,,,,,,,,,,D80,"DMR, Monitor Only - Overdue",50050,"Flow, in conduit or thru treatment plant",03,MGD,02/28/2006,1,,,,,,,20209092,,Q2,K,"Non-receipt Violation, Non-Monthly Average",05/29/2006,0,RE - Automated Administratively Resolved (DMR Non-Receipt Violations),09/30/2011,DD,N,DAILY MX
NM0000116,3,2200037726,3600285029,004,2200037726,A,1,,,,,,,,,,D80,"DMR, Monitor Only - Overdue",50050,"Flow, in conduit or thru treatment plant",03,MGD,07/31/2014,1,,,,,,,2200113553,,Q1,N,Non-Receipt of DMR/Schedule Report,11/28/2014,B,RE - Manual by EPA/State/Tribal Action,12/31/2016,3C,A,30DA AVG
NM0020583,3,2200016809,3601841322,001,2200016809,A,1,2203205083,1733,3609472215,3605273949,,,126,,,E90,"DMR, Limited - Numeric Violation",51040,E. coli,30,MPN/100mL,06/30/2015,1,1275,=,3Z,07/14/2015,,,2200047763,1733,C3,,,,,,,DD,N,DAILY MX
NM0020583,1,20044319,21433415,001,20044319,A,1,58086645,1980.54,43874745,27617329,,,658.754,,,E90,"DMR, Limited - Numeric Violation",00530,"Solids, total suspended",01,kg/d,12/31/2002,1,36,,,03/04/2003,48,,20210287,899.16516,Q1,,,,,,,3C,A,30DA AVG
NM0020583,2,20044318,601856053,001,20044318,A,A,58084819,.91,603444651,601976935,,,.019,,,E90,"DMR, Limited - Numeric Violation",50060,"Chlorine, total residual",19,mg/L,12/31/2007,1,4689,=,,01/16/2008,1,,20210279,.91,C3,R,"TRC Limitations Exceeded, Non-Monthly Average",12/31/2007,2,RE - Back into Compliance,06/30/2008,IA,N,INST MAX
NM0020583,2,20044318,1800601677,001,20044318,A,1,1400891211,8500,1801682821,1800947742,,,200,EFF,"Effluent Limit Violations,Not Otherwise Specified",E90,"DMR, Limited - Numeric Violation",74055,"Coliform, fecal general",30,MPN/100mL,08/31/2009,1,4150,=,,09/16/2009,1,,20210283,8500,C3,,,,,,,DD,N,DAILY MX
NM0020583,2,20044318,1800601677,001,20044318,A,1,1400891211,8500,1801682821,1800947742,,,200,PRMTVL,Violation Of A Permit Requirement,E90,"DMR, Limited - Numeric Violation",74055,"Coliform, fecal general",30,MPN/100mL,08/31/2009,1,4150,=,,09/16/2009,1,,20210283,8500,C3,,,,,,,DD,N,DAILY MX
NM0000116,3,2200037726,2602624944,TX4,2200037726,Y,1,2205473196,,3607901491,3604420910,C,,,,,D80,"DMR, Monitor Only - Overdue",TEM3D,Low Flow Pass/Fail Static Renewal 48Hr Acute Daphnia pulex,9A,pass=0;fail=1,11/30/2011,12,,=,,05/13/2015,1231,,2200113540,,C2,,,,,,,MJ,,MO AV MN
NM0000116,3,2200037726,3602765085,001,2200037726,A,1,2205474399,,3614630536,3608196233,X,,,,,D80,"DMR, Monitor Only - Overdue",00900,"Hardness, total [as CaCO3]",19,mg/L,09/30/2015,1,,,,10/30/2015,2,,2200113549,,C3,K,"Non-receipt Violation, Non-Monthly Average",11/28/2015,B,RE - Manual by EPA/State/Tribal Action,12/31/2016,DD,N,DAILY MX
NM0028762,3,3600771189,3626562044,001,3600771189,Q,1,3662550640,,3637218430,3621065981,8,,,EFF,"Effluent Limit Violations,Not Otherwise Specified",D80,"DMR, Monitor Only - Overdue",01106,"Aluminum, dissolved [as Al]",19,mg/L,03/31/2017,3,,,,04/12/2017,,,3601725081,,C2,N,Non-Receipt of DMR/Schedule Report,05/29/2017,0,RE - Automated Administratively Resolved (DMR Non-Receipt Violations),05/29/2019,MK,A,MO AVG
NM0028762,3,3600771189,3626562044,001,3600771189,Q,1,3662550640,,3637218430,3621065981,8,,,NODMR,Failure To Submit DMR,D80,"DMR, Monitor Only - Overdue",01106,"Aluminum, dissolved [as Al]",19,mg/L,03/31/2017,3,,,,04/12/2017,,,3601725081,,C2,N,Non-Receipt of DMR/Schedule Report,05/29/2017,0,RE - Automated Administratively Resolved (DMR Non-Receipt Violations),05/29/2019,MK,A,MO AVG
NM0000116,4,3600693178,3631820009,001,3600693178,A,1,3632001534,,3647763580,3626794253,E,,,,,D80,"DMR, Monitor Only - Overdue",00900,"Hardness, total [as CaCO3]",19,mg/L,09/30/2017,1,,,,10/18/2017,,,3601250775,,C3,K,"Non-receipt Violation, Non-Monthly Average",11/28/2017,0,RE - Automated Administratively Resolved (DMR Non-Receipt Violations),11/28/2019,DD,N,DAILY MX
NM0000116,4,3600693178,3631819966,001,3600693178,A,1,3632001541,,3647763594,3626794262,E,,,,,D80,"DMR, Monitor Only - Overdue",01040,"Copper, dissolved [as Cu]",19,mg/L,09/30/2017,1,,,,10/18/2017,,,3601250777,,C3,K,"Non-receipt Violation, Non-Monthly Average",11/28/2017,0,RE - Automated Administratively Resolved (DMR Non-Receipt Violations),11/28/2019,DD,N,DAILY MX
NM0000116,2,20044286,600333325,001,20044286,A,1,57973454,236,600842289,600480344,,,50,,,E90,"DMR, Limited - Numeric Violation",00530,"Solids, total suspended",19,mg/L,07/31/2006,1,372,=,,10/31/2006,3,,20209072,236,C3,R,"TRC Limitations Exceeded, Non-Monthly Average",08/31/2006,2,RE - Back into Compliance,03/31/2007,DD,N,DAILY MX
NM0020583,1,20044319,21433544,001,20044319,A,A,58087889,.28,43875394,27617577,,,.099,,,E90,"DMR, Limited - Numeric Violation",50060,"Chlorine, total residual",19,mg/L,02/29/2004,1,183,,,03/18/2004,3,,20210291,.28,C3,,,,,,,IA,N,INST MAX
NM0028762,3,3600771189,3629239965,001,3600771189,Q,1,3662550647,,3644593996,3625022882,8,,,EFF,"Effluent Limit Violations,Not Otherwise Specified",D80,"DMR, Monitor Only - Overdue",01106,"Aluminum, dissolved [as Al]",01,kg/d,06/30/2017,3,,,,08/07/2017,10,,3601725081,,Q2,K,"Non-receipt Violation, Non-Monthly Average",08/28/2017,0,RE - Automated Administratively Resolved (DMR Non-Receipt Violations),08/28/2019,DD,N,DAILY MX
NM0028762,3,3600771189,3629239965,001,3600771189,Q,1,3662550647,,3644593996,3625022882,8,,,EFF,"Effluent Limit Violations,Not Otherwise Specified",D80,"DMR, Monitor Only - Overdue",01106,"Aluminum, dissolved [as Al]",01,kg/d,06/30/2017,3,,,,08/07/2017,10,,3601725081,,Q2,K,"Non-receipt Violation, Non-Monthly Average",08/28/2017,0,RE - Automated Administratively Resolved (DMR Non-Receipt Violations),08/28/2019,DD,N,DAILY MX
NM0028762,3,3600771189,3629239965,001,3600771189,Q,1,3662550647,,3644593996,3625022882,8,,,NODMR,Failure To Submit DMR,D80,"DMR, Monitor Only - Overdue",01106,"Aluminum, dissolved [as Al]",01,kg/d,06/30/2017,3,,,,08/07/2017,10,,3601725081,,Q2,K,"Non-receipt Violation, Non-Monthly Average",08/28/2017,0,RE - Automated Administratively Resolved (DMR Non-Receipt Violations),08/28/2019,DD,N,DAILY MX
NM0028762,3,3600771189,3651264901,001,3600771189,Q,1,3662550693,,3717124650,3662856721,8,,,EFF,"Effluent Limit Violations,Not Otherwise Specified",D80,"DMR, Monitor Only - Overdue",01106,"Aluminum, dissolved [as Al]",19,mg/L,06/30/2020,3,,,,07/15/2020,,,3601725081,,C3,K,"Non-receipt Violation, Non-Monthly Average",08/28/2020,0,RE - Automated Administratively Resolved (DMR Non-Receipt Violations),08/28/2021,DD,N,DAILY MX
NM0028762,3,3600771189,3651264901,001,3600771189,Q,1,3662550693,,3717124650,3662856721,8,,,EFF,"Effluent Limit Violations,Not Otherwise Specified",D80,"DMR, Monitor Only - Overdue",01106,"Aluminum, dissolved [as Al]",19,mg/L,06/30/2020,3,,,,07/15/2020,,,3601725081,,C3,K,"Non-receipt Violation, Non-Monthly Average",08/28/2020,0,RE - Automated Administratively Resolved (DMR Non-Receipt Violations),08/28/2021,DD,N,DAILY MX
NM0028762,3,3600771189,3651264901,001,3600771189,Q,1,3662550693,,3717124650,3662856721,8,,,NODMR,Failure To Submit DMR,D80,"DMR, Monitor Only - Overdue",01106,"Aluminum, dissolved [as Al]",19,mg/L,06/30/2020,3,,,,07/15/2020,,,3601725081,,C3,K,"Non-receipt Violation, Non-Monthly Average",08/28/2020,0,RE - Automated Administratively Resolved (DMR Non-Receipt Violations),08/28/2021,DD,N,DAILY MX
NM0028762,3,3600771189,3651264901,001,3600771189,Q,1,3662550693,,3717124650,3662856721,8,,,EFF,"Effluent Limit Violations,Not Otherwise Specified",D80,"DMR, Monitor Only - Overdue",01106,"Aluminum, dissolved [as Al]",19,mg/L,06/30/2020,3,,,,07/15/2020,,,3601725081,,C3,K,"Non-receipt Violation, Non-Monthly Average",08/28/2020,0,RE - Automated Administratively Resolved (DMR Non-Receipt Violations),08/28/2021,DD,N,DAILY MX
NM0028762,3,3600771189,3651264901,001,3600771189,Q,1,3662550693,,3717124650,3662856721,8,,,NODMR,Failure To Submit DMR,D80,"DMR, Monitor Only - Overdue",01106,"Aluminum, dissolved [as Al]",19,mg/L,06/30/2020,3,,,,07/15/2020,,,3601725081,,C3,K,"Non-receipt Violation, Non-Monthly Average",08/28/2020,0,RE - Automated Administratively Resolved (DMR Non-Receipt Violations),08/28/2021,DD,N,DAILY MX
NM0020583,3,2200016809,3402659107,001,2200016809,A,2,2203563737,430,3411308319,3406547454,,,400,EFF,"Effluent Limit Violations,Not Otherwise Specified",E90,"DMR, Limited - Numeric Violation",70295,"Solids, total dissolved",19,mg/L,08/31/2013,1,8,=,19,09/12/2013,,,2200047762,430,C2,C,Chronic Violation,08/31/2013,5,RE - Resolved RP by NPDES Closure of Enf. Action Final Order with Comp. Schedule,05/02/2023,3C,A,30DA AVG
NM0028762,1,20044410,2601150439,001,20044410,A,A,606948546,19.09,2602599243,2601443998,,,.019,,,E90,"DMR, Limited - Numeric Violation",50060,"Chlorine, total residual",19,mg/L,08/31/2007,1,0,=,,09/08/2008,316,,600097488,.01909,C3,,,,,,,IA,N,INST MAX
NM0020583,1,20044319,600702111,001,20044319,A,1,58088419,1034.4,43873154,27617683,,,,,,D80,"DMR, Monitor Only - Overdue",70295,"Solids, total dissolved",19,mg/L,12/31/1999,1,,,,06/23/2000,99,,20210293,1034.4,C3,K,"Non-receipt Violation, Non-Monthly Average",02/14/2000,2,RE - Back into Compliance,06/23/2000,7A,N,7 DA AVG
NM0020583,1,20044319,21433414,001,20044319,A,1,58085869,59.35,43874739,27617173,,,45,,,E90,"DMR, Limited - Numeric Violation",00310,"BOD, 5-day, 20 deg. C",19,mg/L,12/31/2002,1,32,,,03/04/2003,48,,20210285,59.35,C3,,,,,,,7A,N,7 DA AVG
NM0020583,2,20044318,1000034981,001,20044318,A,1,58085554,220,1000002867,1000001597,,,200,EFF,"Effluent Limit Violations,Not Otherwise Specified",E90,"DMR, Limited - Numeric Violation",74055,"Coliform, fecal general",30,MPN/100mL,03/31/2008,1,10,=,,04/11/2008,,,20210283,220,C3,,,,,,,DD,N,DAILY MX
NM0020583,2,20044318,1000034981,001,20044318,A,1,58085554,220,1000002867,1000001597,,,200,PRMTVL,Violation Of A Permit Requirement,E90,"DMR, Limited - Numeric Violation",74055,"Coliform, fecal general",30,MPN/100mL,03/31/2008,1,10,=,,04/11/2008,,,20210283,220,C3,,,,,,,DD,N,DAILY MX
NM0028762,1,20044410,1400425963,001,20044410,A,1,606948407,10,2603209463,2601767273,,,30,,,D90,"DMR, Limited - Overdue",00530,"Solids, total suspended",19,mg/L,08/31/2008,1,,=,,06/27/2011,972,,600097484,10,C3,K,"Non-receipt Violation, Non-Monthly Average",11/28/2008,2,RE - Back into Compliance,06/27/2011,DD,N,DAILY MX
NM0020583,1,20044319,21433439,001,20044319,A,1,58087044,849,43874799,27617408,,,.75,,,E90,"DMR, Limited - Numeric Violation",01105,"Aluminum, total [as Al]",19,mg/L,01/31/2003,1,13,,,02/19/2003,4,,20210288,.849,C3,,,,,,,7A,N,7 DA AVG
NM0028762,1,20044410,1400421695,001,20044410,A,1,606948405,10,1403076421,1401738337,,,30,,,D90,"DMR, Limited - Overdue",00530,"Solids, total suspended",19,mg/L,07/31/2008,1,,<,,04/23/2009,177,,600097484,10,C3,K,"Non-receipt Violation, Non-Monthly Average",11/28/2008,2,RE - Back into Compliance,04/23/2009,DD,N,DAILY MX
NM0028762,1,20044410,2601150418,001,20044410,A,A,606948541,26,2602597762,2601443156,,,.019,,,E90,"DMR, Limited - Numeric Violation",50060,"Chlorine, total residual",19,mg/L,03/31/2007,1,37,=,,04/20/2007,499,,600097488,.026,C3,,,,,,,IA,N,INST MAX
NM0028762,2,1800023151,2200094454,001,1800023151,A,1,1805556010,22.6,1806928595,1803911432,,,,,,D80,"DMR, Monitor Only - Overdue",00530,"Solids, total suspended",01,kg/d,06/30/2010,1,,=,,10/25/2010,89,,1800044065,10.26039991,Q2,K,"Non-receipt Violation, Non-Monthly Average",08/28/2010,2,RE - Back into Compliance,10/25/2010,DD,N,DAILY MX
NM0020583,1,20044319,600706304,TX1,20044319,S,1,58091512,0,43877427,27618302,,,,,,D80,"DMR, Monitor Only - Overdue",TLP3B,Low Flow Pass/Fail Survival Test Static Renewal 7 Day Chronic Ceriodaphnia dubia,9A,pass=0;fail=1,06/30/2003,6,,,,09/12/2003,59,,20210369,0,C1,,,,,,,4E,,48HR MIN
NM0020583,2,20044318,1400021216,001,20044318,A,A,58084854,.02,1400038975,1400021194,,,.019,EFF,"Effluent Limit Violations,Not Otherwise Specified",E90,"DMR, Limited - Numeric Violation",50060,"Chlorine, total residual",19,mg/L,07/31/2008,1,5,=,,08/15/2008,,,20210279,.02,C3,U,Other Violation with TRC Non-Monthly Average,09/30/2008,2,RE - Back into Compliance,03/31/2009,IA,N,INST MAX
NM0020583,2,20044318,1400021216,001,20044318,A,A,58084854,.02,1400038975,1400021194,,,.019,PRMTVL,Violation Of A Permit Requirement,E90,"DMR, Limited - Numeric Violation",50060,"Chlorine, total residual",19,mg/L,07/31/2008,1,5,=,,08/15/2008,,,20210279,.02,C3,U,Other Violation with TRC Non-Monthly Average,09/30/2008,2,RE - Back into Compliance,03/31/2009,IA,N,INST MAX
NM0020583,0,3602878711,3689070789,TX1,3602878711,Q,1,3920662115,31,3867141978,3744889861,,,,,,D80,"DMR, Monitor Only - Overdue",TOM3D,NOAEC Lethal Statis Renewal 48 Hr Acute Daphnia pulex,23,%,02/28/2026,3,,=,23,06/15/2026,92,,3606351403,31,C3,K,"Non-receipt Violation, Non-Monthly Average",04/15/2026,2,RE - Back into Compliance,06/15/2026,VA,N,VALUE
NM0020583,2,20044318,1800092577,001,20044318,A,A,1400891140,.03,1800148634,1800081508,,,.019,EFF,"Effluent Limit Violations,Not Otherwise Specified",E90,"DMR, Limited - Numeric Violation",50060,"Chlorine, total residual",19,mg/L,05/31/2009,1,58,=,,06/12/2009,,,20210279,.03,C3,R,"TRC Limitations Exceeded, Non-Monthly Average",05/31/2009,2,RE - Back into Compliance,01/31/2010,IA,N,INST MAX
NM0020583,2,20044318,1800092577,001,20044318,A,A,1400891140,.03,1800148634,1800081508,,,.019,PRMTVL,Violation Of A Permit Requirement,E90,"DMR, Limited - Numeric Violation",50060,"Chlorine, total residual",19,mg/L,05/31/2009,1,58,=,,06/12/2009,,,20210279,.03,C3,R,"TRC Limitations Exceeded, Non-Monthly Average",05/31/2009,2,RE - Back into Compliance,01/31/2010,IA,N,INST MAX
NM0020583,2,20044318,1800163842,001,20044318,A,1,1400891167,560,1800587643,1800328966,,,200,EFF,"Effluent Limit Violations,Not Otherwise Specified",E90,"DMR, Limited - Numeric Violation",74055,"Coliform, fecal general",30,MPN/100mL,06/30/2009,1,180,=,,07/17/2009,2,,20210283,560,C3,,,,,,,DD,N,DAILY MX
NM0020583,2,20044318,1800163842,001,20044318,A,1,1400891167,560,1800587643,1800328966,,,200,PRMTVL,Violation Of A Permit Requirement,E90,"DMR, Limited - Numeric Violation",74055,"Coliform, fecal general",30,MPN/100mL,06/30/2009,1,180,=,,07/17/2009,2,,20210283,560,C3,,,,,,,DD,N,DAILY MX
NM0020583,1,20044319,21433435,001,20044319,A,1,58087040,27.34,43874795,27617408,,,10.9868,,,E90,"DMR, Limited - Numeric Violation",01105,"Aluminum, total [as Al]",01,kg/d,01/31/2003,1,13,,,02/19/2003,4,,20210288,12.41236,Q1,C,Chronic Violation,02/28/2003,2,RE - Back into Compliance,07/31/2003,3C,A,30DA AVG
NM0000116,2,20044286,2200766403,001,20044286,A,1,57975589,,2602330267,2601309539,C,,,,,D80,"DMR, Monitor Only - Overdue",01062,"Molybdenum, total [as Mo]",19,mg/L,08/31/2010,1,,=,,05/27/2011,211,,20209078,,C3,K,"Non-receipt Violation, Non-Monthly Average",11/28/2010,2,RE - Back into Compliance,05/27/2011,DD,N,DAILY MX
NM0020583,4,3600830134,3617817923,001,3600830134,A,1,3628321400,4241,3635860298,3620220554,,,1136.81599045,,,E90,"DMR, Limited - Numeric Violation",00530,"Solids, total suspended",01,kg/d,02/28/2017,1,69,=,26,03/14/2017,,,3601680589,1925.41398382,Q2,,,,,,,7A,N,7 DA AVG
NM0020583,0,3602878711,3689070788,TX1,3602878711,Q,1,3920662114,0,3867141971,3744889857,,,,,,D80,"DMR, Monitor Only - Overdue",TEM6C,LF Pass/Fail Static Renewal 48Hr Acute Pimephales promelas,9A,pass=0;fail=1,02/28/2026,3,,=,9A,06/15/2026,92,,3606351402,0,C3,K,"Non-receipt Violation, Non-Monthly Average",04/15/2026,2,RE - Back into Compliance,06/15/2026,VA,N,VALUE
NM0020583,3,2200016809,3405785898,001,2200016809,A,1,2203565330,74421,3425378497,3414343257,,,31900000000,,,E90,"DMR, Limited - Numeric Violation",51040,E. coli,9Y,CFU/d,09/30/2014,1,133,=,9Z,10/09/2014,,,2200047763,74421000000,Q2,,,,,,,DD,N,DAILY MX
NM0000116,2,20044286,2200766554,001,20044286,A,1,57973384,,2602330260,2601309532,C,,9,,,D90,"DMR, Limited - Overdue",00400,pH,12,SU,08/31/2010,1,,=,,05/27/2011,211,,20209071,,C3,K,"Non-receipt Violation, Non-Monthly Average",11/28/2010,2,RE - Back into Compliance,05/27/2011,MB,N,MAXIMUM
NM0028762,1,20044410,1800971684,001,20044410,A,1,1000774194,.32,2606218230,2603372664,,,,,,D80,"DMR, Monitor Only - Overdue",50050,"Flow, in conduit or thru treatment plant",03,MGD,07/31/2009,1,,=,,09/23/2011,695,,600097481,.32,Q2,K,"Non-receipt Violation, Non-Monthly Average",11/28/2009,2,RE - Back into Compliance,09/23/2011,DD,N,DAILY MX
NM0000116,3,2200037726,3600658711,TX1,2200037726,Y,1,2205473189,,3607901459,3604420896,E,,,,,D80,"DMR, Monitor Only - Overdue",TQM3D,Coef Of Var Static Renewal 48Hr Acute D. pulex,23,%,11/30/2014,12,,=,,05/13/2015,135,,2200113521,,C1,,,,,,,4E,,48HR MIN
NM0020583,1,20044319,21433313,001,20044319,A,1,58085758,31.97,43873748,27617151,,,30,,,E90,"DMR, Limited - Numeric Violation",00310,"BOD, 5-day, 20 deg. C",19,mg/L,02/28/2001,1,7,,,03/19/2001,4,,20210285,31.97,C2,C,Chronic Violation,03/31/2001,2,RE - Back into Compliance,06/30/2001,3C,A,30DA AVG
NM0028762,1,20044410,1800971798,001,20044410,A,1,1000774230,.47,2606218236,2603372668,,,.5,,,D90,"DMR, Limited - Overdue",01105,"Aluminum, total [as Al]",19,mg/L,08/31/2009,1,,=,,09/23/2011,695,,600097487,.47,C2,N,Non-Receipt of DMR/Schedule Report,11/28/2009,2,RE - Back into Compliance,09/23/2011,MK,A,MO AVG
NM0028762,2,1800023151,2200094413,001,1800023151,A,1,1805556004,12.6,1806928805,1803911542,,,,,,D80,"DMR, Monitor Only - Overdue",00530,"Solids, total suspended",01,kg/d,05/31/2010,1,,=,,10/25/2010,89,,1800044065,5.72039995,Q1,N,Non-Receipt of DMR/Schedule Report,08/28/2010,2,RE - Back into Compliance,10/25/2010,MK,A,MO AVG
NM0020583,4,3600830134,3635750498,001,3600830134,A,1,3664421402,187,3655419289,3631106405,,,30,NOPRMT,"Discharge, Emission Or Activity WO Required Permit",E90,"DMR, Limited - Numeric Violation",00530,"Solids, total suspended",19,mg/L,02/28/2018,1,523,=,19,03/14/2018,,,3601680589,187,C2,T,TRC Limitations Exceeded,02/28/2018,2,RE - Back into Compliance,05/31/2018,3C,A,30DA AVG
NM0020583,4,3600830134,3635750498,001,3600830134,A,1,3664421402,187,3655419289,3631106405,,,30,SSO,Sanitary Sewer Overflows,E90,"DMR, Limited - Numeric Violation",00530,"Solids, total suspended",19,mg/L,02/28/2018,1,523,=,19,03/14/2018,,,3601680589,187,C2,T,TRC Limitations Exceeded,02/28/2018,2,RE - Back into Compliance,05/31/2018,3C,A,30DA AVG
NM0028762,3,3600771189,3630256346,001,3600771189,A,1,3600454427,.036,3629483584,3616574226,,,,,,D80,"DMR, Monitor Only - Overdue",50060,"Chlorine, total residual",01,kg/d,09/30/2016,1,,=,26,10/17/2017,354,,3601482269,.016344,Q2,K,"Non-receipt Violation, Non-Monthly Average",11/28/2016,2,RE - Back into Compliance,10/17/2017,DD,N,DAILY MX
NM0028762,3,3600771189,3637373495,001,3600771189,Q,1,3662550658,,3664325813,3634873657,8,,,EFF,"Effluent Limit Violations,Not Otherwise Specified",D80,"DMR, Monitor Only - Overdue",01106,"Aluminum, dissolved [as Al]",01,kg/d,03/31/2018,3,,,,04/27/2018,,,3601725081,,Q1,N,Non-Receipt of DMR/Schedule Report,05/29/2018,0,RE - Automated Administratively Resolved (DMR Non-Receipt Violations),05/29/2020,MK,A,MO AVG
NM0028762,3,3600771189,3637373495,001,3600771189,Q,1,3662550658,,3664325813,3634873657,8,,,EFF,"Effluent Limit Violations,Not Otherwise Specified",D80,"DMR, Monitor Only - Overdue",01106,"Aluminum, dissolved [as Al]",01,kg/d,03/31/2018,3,,,,04/27/2018,,,3601725081,,Q1,N,Non-Receipt of DMR/Schedule Report,05/29/2018,0,RE - Automated Administratively Resolved (DMR Non-Receipt Violations),05/29/2020,MK,A,MO AVG
NM0028762,3,3600771189,3637373495,001,3600771189,Q,1,3662550658,,3664325813,3634873657,8,,,NODMR,Failure To Submit DMR,D80,"DMR, Monitor Only - Overdue",01106,"Aluminum, dissolved [as Al]",01,kg/d,03/31/2018,3,,,,04/27/2018,,,3601725081,,Q1,N,Non-Receipt of DMR/Schedule Report,05/29/2018,0,RE - Automated Administratively Resolved (DMR Non-Receipt Violations),05/29/2020,MK,A,MO AVG
NM0028762,3,3600771189,3637373495,001,3600771189,Q,1,3662550658,,3664325813,3634873657,8,,,EFF,"Effluent Limit Violations,Not Otherwise Specified",D80,"DMR, Monitor Only - Overdue",01106,"Aluminum, dissolved [as Al]",01,kg/d,03/31/2018,3,,,,04/27/2018,,,3601725081,,Q1,N,Non-Receipt of DMR/Schedule Report,05/29/2018,0,RE - Automated Administratively Resolved (DMR Non-Receipt Violations),05/29/2020,MK,A,MO AVG
NM0028762,3,3600771189,3637373495,001,3600771189,Q,1,3662550658,,3664325813,3634873657,8,,,NODMR,Failure To Submit DMR,D80,"DMR, Monitor Only - Overdue",01106,"Aluminum, dissolved [as Al]",01,kg/d,03/31/2018,3,,,,04/27/2018,,,3601725081,,Q1,N,Non-Receipt of DMR/Schedule Report,05/29/2018,0,RE - Automated Administratively Resolved (DMR Non-Receipt Violations),05/29/2020,MK,A,MO AVG
NM0020583,3,2200016809,3000520130,001,2200016809,A,2,2203563692,406,3002675469,3001450098,,,400,PRMTVL,Violation Of A Permit Requirement,E90,"DMR, Limited - Numeric Violation",70295,"Solids, total dissolved",19,mg/L,05/31/2012,1,2,=,19,06/13/2012,,,2200047762,406,C2,C,Chronic Violation,05/31/2012,2,RE - Back into Compliance,08/31/2012,3C,A,30DA AVG
NM0020583,0,3602878711,3667419805,001,3602878711,A,1,3860918048,3,3779607516,3695907564,,,126,EFF,"Effluent Limit Violations,Not Otherwise Specified",E90,"DMR, Limited - Numeric Violation",51040,E. coli,30,MPN/100mL,10/31/2022,1,99999,>,3Z,11/14/2022,,,3606239976,3,C2,,,,,,,3H,A,30DAVGEO
NM0020583,2,20044318,2200507270,001,20044318,A,1,1800507952,524,2201109544,2200623285,,,410,EFF,"Effluent Limit Violations,Not Otherwise Specified",E90,"DMR, Limited - Numeric Violation",51040,E. coli,30,MPN/100mL,09/30/2010,1,28,=,3Z,10/15/2010,,,20210280,524,C3,,,,,,,DD,N,DAILY MX
NM0020583,2,20044318,2200507270,001,20044318,A,1,1800507952,524,2201109544,2200623285,,,410,PRMTVL,Violation Of A Permit Requirement,E90,"DMR, Limited - Numeric Violation",51040,E. coli,30,MPN/100mL,09/30/2010,1,28,=,3Z,10/15/2010,,,20210280,524,C3,,,,,,,DD,N,DAILY MX
NM0020583,0,3602878711,3683686791,001,3602878711,A,1,3920642919,7,3851430869,3736161216,,,30,,,E90,"DMR, Limited - Numeric Violation",00310,"BOD, 5-day, 20 deg. C",19,mg/L,07/31/2025,1,99999,>,19,08/18/2025,3,,3606239979,7,C2,T,TRC Limitations Exceeded,07/31/2025,2,RE - Back into Compliance,10/31/2025,3C,A,30DA AVG
NM0000116,0,3602720951,3684345449,001,3602720951,A,1,3896611188,.075,3856101774,3738602792,,,.000011,,,E90,"DMR, Limited - Numeric Violation",01042,"Copper, total [as Cu]",19,mg/L,09/30/2025,1,582,=,28,10/17/2025,,,3605908065,.000075,C3,,,,,,,DD,N,DAILY MX
NM0020583,1,20044319,600697278,001,20044319,A,1,58086257,7.43,43874742,27617251,,,6,,,D90,"DMR, Limited - Overdue",00400,pH,12,SU,12/31/2002,1,,,,03/04/2003,48,,20210286,7.43,C1,,,,,,,ME,,MINIMUM
NM0020583,0,3602878711,3684065031,001,3602878711,A,1,3920642968,43688,3853940609,3737433437,,,31900000000,,,E90,"DMR, Limited - Numeric Violation",51040,E. coli,9Y,CFU/d,08/31/2025,1,37,=,9Z,09/15/2025,,,3606239976,43688000000,Q2,,,,,,,DD,N,DAILY MX
NM0020583,3,2200016809,3404906789,001,2200016809,A,1,2203565322,171700,3421325234,3412109830,,,31900000000,EFF,"Effluent Limit Violations,Not Otherwise Specified",E90,"DMR, Limited - Numeric Violation",51040,E. coli,9Y,CFU/d,05/31/2014,1,438,=,9Z,06/13/2014,,,2200047763,171700000000,Q2,,,,,,,DD,N,DAILY MX
NM0000116,3,2200037726,3600284964,004,2200037726,A,1,,,,,,,6,,,D90,"DMR, Limited - Overdue",00400,pH,12,SU,08/31/2014,1,,,,,,,2200113551,,C1,,,,,,,ME,,MINIMUM
NM0020583,3,2200016809,3404906788,001,2200016809,A,1,2203204797,921,3421325236,3412109830,,,126,EFF,"Effluent Limit Violations,Not Otherwise Specified",E90,"DMR, Limited - Numeric Violation",51040,E. coli,30,MPN/100mL,05/31/2014,1,631,=,3Z,06/13/2014,,,2200047763,921,C3,,,,,,,DD,N,DAILY MX
NM0028762,1,20044410,1400425962,001,20044410,A,1,606948073,9,1403076419,1401738336,,,9,,,D90,"DMR, Limited - Overdue",00400,pH,12,SU,07/31/2008,1,,=,,04/23/2009,177,,600097477,9,C3,K,"Non-receipt Violation, Non-Monthly Average",11/28/2008,2,RE - Back into Compliance,04/23/2009,MB,N,MAXIMUM
NM0020583,2,20044318,200002604,TX1,20044318,Q,1,58091092,31.2,1000665448,1000382516,,,,,,D80,"DMR, Monitor Only - Overdue",TOM3D,NOAEC Lethal Statis Renewal 48 Hr Acute Daphnia pulex,23,%,03/31/2006,3,,=,,05/16/2006,31,,20210363,31.2,C1,,,,,,,4E,,48HR MIN
NM0028762,1,20044410,1400136160,001,20044410,A,1,606948514,1.33,1400070978,1400039684,,,.5,,,E90,"DMR, Limited - Numeric Violation",01105,"Aluminum, total [as Al]",19,mg/L,05/31/2008,1,166,=,,07/25/2008,,,600097487,1.33,C2,T,TRC Limitations Exceeded,06/30/2008,2,RE - Back into Compliance,10/31/2008,MK,A,MO AVG
NM0020583,1,20044319,21433460,001,20044319,A,1,58086660,1855.27,43874880,27617332,,,658.754,,,E90,"DMR, Limited - Numeric Violation",00530,"Solids, total suspended",01,kg/d,03/31/2003,1,28,,,04/16/2003,1,,20210287,842.29258,Q1,,,,,,,3C,A,30DA AVG
NM0020583,2,20044318,1800601676,001,20044318,A,1,1400891208,3800,1801682750,1800947703,,,410,EFF,"Effluent Limit Violations,Not Otherwise Specified",E90,"DMR, Limited - Numeric Violation",51040,E. coli,30,MPN/100mL,08/31/2009,1,827,=,,09/16/2009,1,,20210280,3800,C3,,,,,,,DD,N,DAILY MX
NM0020583,2,20044318,1800601676,001,20044318,A,1,1400891208,3800,1801682750,1800947703,,,410,PRMTVL,Violation Of A Permit Requirement,E90,"DMR, Limited - Numeric Violation",51040,E. coli,30,MPN/100mL,08/31/2009,1,827,=,,09/16/2009,1,,20210280,3800,C3,,,,,,,DD,N,DAILY MX
NM0020583,1,20044319,21433373,001,20044319,A,1,58086603,30.63,43874343,27617320,,,30,,,E90,"DMR, Limited - Numeric Violation",00530,"Solids, total suspended",19,mg/L,03/31/2002,1,2,,,04/15/2002,,,20210287,30.63,C2,C,Chronic Violation,03/31/2002,2,RE - Back into Compliance,06/30/2002,3C,A,30DA AVG
NM0020583,1,20044319,21433289,001,20044319,A,1,58088854,1097.33,43873564,27617770,,,400,,,E90,"DMR, Limited - Numeric Violation",74055,"Coliform, fecal general",30,MPN/100mL,09/30/2000,1,174,,,10/16/2000,1,,20210294,1097.33,C3,,,,,,,7I,N,7DAV GEO
NM0028762,1,20044410,1400136164,001,20044410,A,A,606948556,33,1400070991,1400039691,,,.019,,,E90,"DMR, Limited - Numeric Violation",50060,"Chlorine, total residual",19,mg/L,06/30/2008,1,74,=,,07/25/2008,,,600097488,.033,C3,R,"TRC Limitations Exceeded, Non-Monthly Average",06/30/2008,2,RE - Back into Compliance,03/31/2009,IA,N,INST MAX
NM0028762,2,1800023151,3638729258,001,1800023151,A,1,3600454282,.012253,3629483258,3616573931,,,,,,D80,"DMR, Monitor Only - Overdue",50060,"Chlorine, total residual",01,kg/d,07/31/2016,1,,=,26,10/11/2018,713,,1800044104,.00556286,Q1,N,Non-Receipt of DMR/Schedule Report,11/28/2016,2,RE - Back into Compliance,10/11/2018,MK,A,MO AVG
NM0020583,3,2200016809,3604856934,001,2200016809,A,1,3600452264,365112,3627227112,3615295953,,,31900000000,,,E90,"DMR, Limited - Numeric Violation",51040,E. coli,9Y,CFU/d,08/31/2016,1,1045,=,9Z,09/13/2016,,,2200047763,365112000000,Q2,,,,,,,DD,N,DAILY MX
NM0020583,1,20044319,21433277,001,20044319,A,1,58086077,5.79,43873122,27617215,,,6,,,E90,"DMR, Limited - Numeric Violation",00400,pH,12,SU,12/31/1999,1,,,,06/23/2000,99,,20210286,5.79,C1,N,Non-Receipt of DMR/Schedule Report,02/14/2000,2,RE - Back into Compliance,06/23/2000,ME,,MINIMUM
NM0028762,3,3600771189,3630256348,001,3600771189,A,1,3600454414,.27702,3629483581,3616574225,,,,,,D80,"DMR, Monitor Only - Overdue",50050,"Flow, in conduit or thru treatment plant",03,MGD,09/30/2016,1,,=,03,10/17/2017,354,,3601482270,.27702,Q2,K,"Non-receipt Violation, Non-Monthly Average",11/28/2016,2,RE - Back into Compliance,10/17/2017,DD,N,DAILY MX
NM0028762,2,1800023151,1801441505,001,1800023151,Q,1,1805556542,1.1,3002400058,1802070490,,,,,,D80,"DMR, Monitor Only - Overdue",01106,"Aluminum, dissolved [as Al]",01,kg/d,12/31/2009,3,,=,,10/25/2010,269,,1800044101,.4994,Q2,K,"Non-receipt Violation, Non-Monthly Average",02/28/2010,2,RE - Back into Compliance,10/25/2010,DD,N,DAILY MX
NM0020583,0,3602878711,3689070792,TX1,3602878711,Q,1,3920662117,10.53,3867142014,3744889883,,,,,,D80,"DMR, Monitor Only - Overdue",TQM3D,Coef Of Var Static Renewal 48Hr Acute D. pulex,23,%,02/28/2026,3,,=,23,06/15/2026,92,,3606351405,10.53,C3,K,"Non-receipt Violation, Non-Monthly Average",04/15/2026,2,RE - Back into Compliance,06/15/2026,VA,N,VALUE
NM0000116,3,2200037726,2602625021,TX4,2200037726,Y,1,2205473198,,3607901493,3604420911,C,,,,,D80,"DMR, Monitor Only - Overdue",TOM3D,NOAEC Lethal Statis Renewal 48 Hr Acute Daphnia pulex,23,%,11/30/2011,12,,=,,05/13/2015,1231,,2200113541,,C2,,,,,,,MJ,,MO AV MN
NM0028762,3,3600771189,3638338041,001,3600771189,Q,1,3662550661,,3670924847,3638125078,8,,,EFF,"Effluent Limit Violations,Not Otherwise Specified",D80,"DMR, Monitor Only - Overdue",01106,"Aluminum, dissolved [as Al]",19,mg/L,06/30/2018,3,,,,07/16/2018,,,3601725081,,C3,K,"Non-receipt Violation, Non-Monthly Average",08/28/2018,9,RE - Manual by Back into Compliance/Administratively Resolved,08/28/2018,DD,N,DAILY MX
NM0028762,3,3600771189,3638338041,001,3600771189,Q,1,3662550661,,3670924847,3638125078,8,,,EFF,"Effluent Limit Violations,Not Otherwise Specified",D80,"DMR, Monitor Only - Overdue",01106,"Aluminum, dissolved [as Al]",19,mg/L,06/30/2018,3,,,,07/16/2018,,,3601725081,,C3,K,"Non-receipt Violation, Non-Monthly Average",08/28/2018,9,RE - Manual by Back into Compliance/Administratively Resolved,08/28/2018,DD,N,DAILY MX
NM0028762,3,3600771189,3638338041,001,3600771189,Q,1,3662550661,,3670924847,3638125078,8,,,NODMR,Failure To Submit DMR,D80,"DMR, Monitor Only - Overdue",01106,"Aluminum, dissolved [as Al]",19,mg/L,06/30/2018,3,,,,07/16/2018,,,3601725081,,C3,K,"Non-receipt Violation, Non-Monthly Average",08/28/2018,9,RE - Manual by Back into Compliance/Administratively Resolved,08/28/2018,DD,N,DAILY MX
NM0028762,3,3600771189,3638338041,001,3600771189,Q,1,3662550661,,3670924847,3638125078,8,,,EFF,"Effluent Limit Violations,Not Otherwise Specified",D80,"DMR, Monitor Only - Overdue",01106,"Aluminum, dissolved [as Al]",19,mg/L,06/30/2018,3,,,,07/16/2018,,,3601725081,,C3,K,"Non-receipt Violation, Non-Monthly Average",08/28/2018,9,RE - Manual by Back into Compliance/Administratively Resolved,08/28/2018,DD,N,DAILY MX
NM0028762,3,3600771189,3638338041,001,3600771189,Q,1,3662550661,,3670924847,3638125078,8,,,NODMR,Failure To Submit DMR,D80,"DMR, Monitor Only - Overdue",01106,"Aluminum, dissolved [as Al]",19,mg/L,06/30/2018,3,,,,07/16/2018,,,3601725081,,C3,K,"Non-receipt Violation, Non-Monthly Average",08/28/2018,9,RE - Manual by Back into Compliance/Administratively Resolved,08/28/2018,DD,N,DAILY MX
NM0028762,2,1800023151,1802037579,001,1800023151,A,1,1805555994,5.6,1805485413,1803110707,,,,,,D80,"DMR, Monitor Only - Overdue",00530,"Solids, total suspended",01,kg/d,03/31/2010,1,,=,,10/25/2010,180,,1800044065,2.54239998,Q1,N,Non-Receipt of DMR/Schedule Report,05/29/2010,2,RE - Back into Compliance,10/25/2010,MK,A,MO AVG
NM0020583,3,2200016809,3405785897,001,2200016809,A,1,2203204885,387,3425378499,3414343257,,,126,,,E90,"DMR, Limited - Numeric Violation",51040,E. coli,30,MPN/100mL,09/30/2014,1,207,=,3Z,10/09/2014,,,2200047763,387,C3,,,,,,,DD,N,DAILY MX
NM0028762,3,3600771189,3631821108,001,3600771189,Q,1,3662550650,,3649266812,3627655951,8,,,EFF,"Effluent Limit Violations,Not Otherwise Specified",D80,"DMR, Monitor Only - Overdue",01106,"Aluminum, dissolved [as Al]",01,kg/d,09/30/2017,3,,,,11/13/2017,16,,3601725081,,Q1,N,Non-Receipt of DMR/Schedule Report,11/28/2017,0,RE - Automated Administratively Resolved (DMR Non-Receipt Violations),11/28/2019,MK,A,MO AVG
NM0028762,3,3600771189,3631821108,001,3600771189,Q,1,3662550650,,3649266812,3627655951,8,,,EFF,"Effluent Limit Violations,Not Otherwise Specified",D80,"DMR, Monitor Only - Overdue",01106,"Aluminum, dissolved [as Al]",01,kg/d,09/30/2017,3,,,,11/13/2017,16,,3601725081,,Q1,N,Non-Receipt of DMR/Schedule Report,11/28/2017,0,RE - Automated Administratively Resolved (DMR Non-Receipt Violations),11/28/2019,MK,A,MO AVG
NM0028762,3,3600771189,3631821108,001,3600771189,Q,1,3662550650,,3649266812,3627655951,8,,,NODMR,Failure To Submit DMR,D80,"DMR, Monitor Only - Overdue",01106,"Aluminum, dissolved [as Al]",01,kg/d,09/30/2017,3,,,,11/13/2017,16,,3601725081,,Q1,N,Non-Receipt of DMR/Schedule Report,11/28/2017,0,RE - Automated Administratively Resolved (DMR Non-Receipt Violations),11/28/2019,MK,A,MO AVG
NM0028762,2,1800023151,2200094446,001,1800023151,A,1,1805556013,47.13,1806928600,1803911434,,,,,,D80,"DMR, Monitor Only - Overdue",50060,"Chlorine, total residual",01,kg/d,06/30/2010,1,,=,,10/25/2010,89,,1800044104,21.39701982,Q2,K,"Non-receipt Violation, Non-Monthly Average",08/28/2010,2,RE - Back into Compliance,10/25/2010,DD,N,DAILY MX
NM0020583,3,2200016809,3604379903,001,2200016809,A,1,3600451883,15,3624207524,3613583981,,,30,,,E90,"DMR, Limited - Numeric Violation",00310,"BOD, 5-day, 20 deg. C",19,mg/L,06/30/2016,1,99999,>,19,07/12/2016,,,2200047765,15,C2,,,,,,,3C,A,30DA AVG
NM0028762,1,20044410,1400421699,001,20044410,A,1,606948518,.64,1403076422,1401738338,,,.5,,,D90,"DMR, Limited - Overdue",01105,"Aluminum, total [as Al]",19,mg/L,07/31/2008,1,28,=,,04/23/2009,177,,600097487,.64,C2,N,Non-Receipt of DMR/Schedule Report,11/28/2008,2,RE - Back into Compliance,04/23/2009,MK,A,MO AVG
NM0028762,1,20044410,1401067196,001,20044410,A,1,606948518,.64,1403076422,1401738338,,,.5,,,E90,"DMR, Limited - Numeric Violation",01105,"Aluminum, total [as Al]",19,mg/L,07/31/2008,1,28,=,,04/23/2009,177,,600097487,.64,C2,,,,,,,MK,A,MO AVG
NM0028762,0,3602944933,3670064898,001,3602944933,A,1,3910548154,13,3791131738,3702314940,,,.011,,,E90,"DMR, Limited - Numeric Violation",50060,"Chlorine, total residual",19,mg/L,02/28/2023,1,18,=,28,04/17/2023,,,3606351873,.013,C3,,,,,,,DD,N,DAILY MX
NM0020583,3,2200016809,3601031849,001,2200016809,A,2,2203563791,473,3605286832,3602981622,,,400,,,E90,"DMR, Limited - Numeric Violation",70295,"Solids, total dissolved",19,mg/L,02/28/2015,1,18,=,19,03/10/2015,,,2200047762,473,C2,C,Chronic Violation,02/28/2015,2,RE - Back into Compliance,09/30/2016,3C,A,30DA AVG
NM0020583,1,20044319,600695265,001,20044319,A,1,58086830,,43872905,27617366,E,,,,,D80,"DMR, Monitor Only - Overdue",01105,"Aluminum, total [as Al]",01,kg/d,07/31/1999,1,,,,01/31/2001,,,20210289,,Q1,N,Non-Receipt of DMR/Schedule Report,09/14/1999,9,RE - Manual by Back into Compliance/Administratively Resolved,10/01/1999,3C,A,30DA AVG
NM0020583,0,3602878711,3682376217,001,3602878711,A,1,3920643772,1.743,3840988766,3730333646,,,.55615,,,E90,"DMR, Limited - Numeric Violation",00720,"Cyanide, total [as CN]",01,kg/d,03/31/2025,1,42,=,26,04/11/2025,,,3606350737,.79132199,Q2,,,,,,,DD,N,DAILY MX
NM0000116,3,2200037726,2600058151,004,2200037726,A,1,2205474762,,2602330242,2601309522,C,,,,,D80,"DMR, Monitor Only - Overdue",50050,"Flow, in conduit or thru treatment plant",03,MGD,12/31/2010,1,,=,,05/27/2011,118,,2200113553,,Q1,N,Non-Receipt of DMR/Schedule Report,02/28/2011,2,RE - Back into Compliance,05/27/2011,3C,A,30DA AVG
NM0028762,3,3600771189,3641783642,001,3600771189,Q,1,3662550675,,3688124719,3647589504,8,,,EFF,"Effluent Limit Violations,Not Otherwise Specified",D80,"DMR, Monitor Only - Overdue",01106,"Aluminum, dissolved [as Al]",01,kg/d,03/31/2019,3,,,,04/18/2019,,,3601725081,,Q2,K,"Non-receipt Violation, Non-Monthly Average",05/29/2019,0,RE - Automated Administratively Resolved (DMR Non-Receipt Violations),05/29/2021,DD,N,DAILY MX
NM0028762,3,3600771189,3641783642,001,3600771189,Q,1,3662550675,,3688124719,3647589504,8,,,EFF,"Effluent Limit Violations,Not Otherwise Specified",D80,"DMR, Monitor Only - Overdue",01106,"Aluminum, dissolved [as Al]",01,kg/d,03/31/2019,3,,,,04/18/2019,,,3601725081,,Q2,K,"Non-receipt Violation, Non-Monthly Average",05/29/2019,0,RE - Automated Administratively Resolved (DMR Non-Receipt Violations),05/29/2021,DD,N,DAILY MX
NM0028762,3,3600771189,3641783642,001,3600771189,Q,1,3662550675,,3688124719,3647589504,8,,,NODMR,Failure To Submit DMR,D80,"DMR, Monitor Only - Overdue",01106,"Aluminum, dissolved [as Al]",01,kg/d,03/31/2019,3,,,,04/18/2019,,,3601725081,,Q2,K,"Non-receipt Violation, Non-Monthly Average",05/29/2019,0,RE - Automated Administratively Resolved (DMR Non-Receipt Violations),05/29/2021,DD,N,DAILY MX
NM0028762,3,3600771189,3641783642,001,3600771189,Q,1,3662550675,,3688124719,3647589504,8,,,EFF,"Effluent Limit Violations,Not Otherwise Specified",D80,"DMR, Monitor Only - Overdue",01106,"Aluminum, dissolved [as Al]",01,kg/d,03/31/2019,3,,,,04/18/2019,,,3601725081,,Q2,K,"Non-receipt Violation, Non-Monthly Average",05/29/2019,0,RE - Automated Administratively Resolved (DMR Non-Receipt Violations),05/29/2021,DD,N,DAILY MX
NM0028762,3,3600771189,3641783642,001,3600771189,Q,1,3662550675,,3688124719,3647589504,8,,,NODMR,Failure To Submit DMR,D80,"DMR, Monitor Only - Overdue",01106,"Aluminum, dissolved [as Al]",01,kg/d,03/31/2019,3,,,,04/18/2019,,,3601725081,,Q2,K,"Non-receipt Violation, Non-Monthly Average",05/29/2019,0,RE - Automated Administratively Resolved (DMR Non-Receipt Violations),05/29/2021,DD,N,DAILY MX
NM0020583,4,3600830134,3640017818,001,3600830134,A,1,3628324251,370479,3651736002,3629043560,,,31900000000,NOPRMT,"Discharge, Emission Or Activity WO Required Permit",D90,"DMR, Limited - Overdue",51040,E. coli,9Y,CFU/d,12/31/2017,1,99999,>,9Z,01/10/2019,360,,3601680592,370479000000,Q2,K,"Non-receipt Violation, Non-Monthly Average",02/15/2018,2,RE - Back into Compliance,01/10/2019,DD,N,DAILY MX
NM0020583,4,3600830134,3640017818,001,3600830134,A,1,3628324251,370479,3651736002,3629043560,,,31900000000,SSO,Sanitary Sewer Overflows,D90,"DMR, Limited - Overdue",51040,E. coli,9Y,CFU/d,12/31/2017,1,99999,>,9Z,01/10/2019,360,,3601680592,370479000000,Q2,K,"Non-receipt Violation, Non-Monthly Average",02/15/2018,2,RE - Back into Compliance,01/10/2019,DD,N,DAILY MX
NM0020583,4,3600830134,3632503399,001,3600830134,A,1,3628324251,370479,3651736002,3629043560,,,31900000000,NOPRMT,"Discharge, Emission Or Activity WO Required Permit",E90,"DMR, Limited - Numeric Violation",51040,E. coli,9Y,CFU/d,12/31/2017,1,99999,>,9Z,01/10/2019,360,,3601680592,370479000000,Q2,,,,,,,DD,N,DAILY MX
NM0020583,4,3600830134,3632503399,001,3600830134,A,1,3628324251,370479,3651736002,3629043560,,,31900000000,SSO,Sanitary Sewer Overflows,E90,"DMR, Limited - Numeric Violation",51040,E. coli,9Y,CFU/d,12/31/2017,1,99999,>,9Z,01/10/2019,360,,3601680592,370479000000,Q2,,,,,,,DD,N,DAILY MX
NM0020583,1,20044319,21433539,001,20044319,A,1,58087109,910,43875384,27617421,,,.75,,,E90,"DMR, Limited - Numeric Violation",01105,"Aluminum, total [as Al]",19,mg/L,02/29/2004,1,21,,,03/18/2004,3,,20210288,.91,C3,,,,,,,7A,N,7 DA AVG
NM0028762,3,3600771189,3631821151,001,3600771189,Q,1,3662550651,,3649266813,3627655951,8,,,EFF,"Effluent Limit Violations,Not Otherwise Specified",D80,"DMR, Monitor Only - Overdue",01106,"Aluminum, dissolved [as Al]",01,kg/d,09/30/2017,3,,,,11/13/2017,16,,3601725081,,Q2,K,"Non-receipt Violation, Non-Monthly Average",11/28/2017,0,RE - Automated Administratively Resolved (DMR Non-Receipt Violations),11/28/2019,DD,N,DAILY MX
NM0028762,3,3600771189,3631821151,001,3600771189,Q,1,3662550651,,3649266813,3627655951,8,,,EFF,"Effluent Limit Violations,Not Otherwise Specified",D80,"DMR, Monitor Only - Overdue",01106,"Aluminum, dissolved [as Al]",01,kg/d,09/30/2017,3,,,,11/13/2017,16,,3601725081,,Q2,K,"Non-receipt Violation, Non-Monthly Average",11/28/2017,0,RE - Automated Administratively Resolved (DMR Non-Receipt Violations),11/28/2019,DD,N,DAILY MX
NM0028762,3,3600771189,3631821151,001,3600771189,Q,1,3662550651,,3649266813,3627655951,8,,,NODMR,Failure To Submit DMR,D80,"DMR, Monitor Only - Overdue",01106,"Aluminum, dissolved [as Al]",01,kg/d,09/30/2017,3,,,,11/13/2017,16,,3601725081,,Q2,K,"Non-receipt Violation, Non-Monthly Average",11/28/2017,0,RE - Automated Administratively Resolved (DMR Non-Receipt Violations),11/28/2019,DD,N,DAILY MX
NM0000116,4,3600693178,3631819956,001,3600693178,A,1,3632001616,,3647763587,3626794257,E,,,,,D80,"DMR, Monitor Only - Overdue",50050,"Flow, in conduit or thru treatment plant",03,MGD,09/30/2017,1,,,,10/18/2017,,,3601250776,,Q1,N,Non-Receipt of DMR/Schedule Report,11/28/2017,9,RE - Manual by Back into Compliance/Administratively Resolved,11/28/2019,3C,A,30DA AVG
NM0028762,1,20044410,1400734910,001,20044410,A,1,606948526,.65,1401772416,1401006681,,,.5,,,E90,"DMR, Limited - Numeric Violation",01105,"Aluminum, total [as Al]",19,mg/L,11/30/2008,1,30,=,,01/22/2009,,,600097487,.65,C2,V,Other Violation with TRC,12/31/2008,2,RE - Back into Compliance,05/31/2009,MK,A,MO AVG
NM0000116,3,2200037726,2602759690,004,2200037726,A,1,,,,,,,,,,D80,"DMR, Monitor Only - Overdue",50050,"Flow, in conduit or thru treatment plant",03,MGD,10/31/2011,1,,,,,,,2200113553,,Q1,N,Non-Receipt of DMR/Schedule Report,02/28/2012,0,RE - Automated Administratively Resolved (DMR Non-Receipt Violations),02/28/2014,3C,A,30DA AVG
NM0000116,4,3600693178,3631819998,001,3600693178,A,1,3632001497,,3647763569,3626794244,E,,9,,,D90,"DMR, Limited - Overdue",00400,pH,12,SU,09/30/2017,1,,,,10/18/2017,,,3601250772,,C3,K,"Non-receipt Violation, Non-Monthly Average",11/28/2017,0,RE - Automated Administratively Resolved (DMR Non-Receipt Violations),11/28/2019,MB,N,MAXIMUM
NM0020583,1,20044319,21433513,001,20044319,A,1,58085933,32,43875323,27617186,,,30,,,E90,"DMR, Limited - Numeric Violation",00310,"BOD, 5-day, 20 deg. C",19,mg/L,01/31/2004,1,7,,,02/18/2004,3,,20210285,32,C2,,,,,,,3C,A,30DA AVG
NM0028762,2,1800023151,3601493504,001,1800023151,A,1,3429298991,11,3607366839,3604136177,,,,,,D80,"DMR, Monitor Only - Overdue",50060,"Chlorine, total residual",01,kg/d,03/31/2015,1,,=,,08/22/2016,482,,1800044104,4.99399996,Q2,K,"Non-receipt Violation, Non-Monthly Average",05/29/2015,2,RE - Back into Compliance,08/22/2016,DD,N,DAILY MX
NM0000116,3,2200037726,2600058100,004,2200037726,A,1,2205474763,,2602330243,2601309522,C,,,,,D80,"DMR, Monitor Only - Overdue",50050,"Flow, in conduit or thru treatment plant",03,MGD,12/31/2010,1,,=,,05/27/2011,118,,2200113553,,Q2,K,"Non-receipt Violation, Non-Monthly Average",02/28/2011,2,RE - Back into Compliance,05/27/2011,DD,N,DAILY MX
NM0028762,3,3600771189,3630256347,001,3600771189,A,1,3600454409,.146834,3629483580,3616574225,,,,,,D80,"DMR, Monitor Only - Overdue",50050,"Flow, in conduit or thru treatment plant",03,MGD,09/30/2016,1,,=,03,10/17/2017,354,,3601482270,.146834,Q1,N,Non-Receipt of DMR/Schedule Report,11/28/2016,2,RE - Back into Compliance,10/17/2017,MK,A,MO AVG
NM0000116,3,2200037726,2602759647,001,2200037726,A,1,,,,,,,50,,,D90,"DMR, Limited - Overdue",00530,"Solids, total suspended",19,mg/L,12/31/2011,1,,,,,,,2200113505,,C3,K,"Non-receipt Violation, Non-Monthly Average",02/28/2012,0,RE - Automated Administratively Resolved (DMR Non-Receipt Violations),02/28/2014,DD,N,DAILY MX
NM0000116,1,20044287,601442682,001,20044287,A,1,,,,,,,15,,,D90,"DMR, Limited - Overdue",00556,Oil & Grease,19,mg/L,04/30/2006,1,,,,,,,20209086,,C3,K,"Non-receipt Violation, Non-Monthly Average",08/28/2006,0,RE - Automated Administratively Resolved (DMR Non-Receipt Violations),09/30/2011,DD,N,DAILY MX
NM0028762,2,1800023151,3401710746,001,1800023151,Q,1,,,,,,,,,,D80,"DMR, Monitor Only - Overdue",01106,"Aluminum, dissolved [as Al]",19,mg/L,03/31/2013,3,,,,,,,1800044101,,C3,K,"Non-receipt Violation, Non-Monthly Average",05/29/2013,0,RE - Automated Administratively Resolved (DMR Non-Receipt Violations),05/29/2015,DD,N,DAILY MX
NM0000116,1,20044287,601443104,001,20044287,A,1,,,,,,,9,,,D90,"DMR, Limited - Overdue",00400,pH,12,SU,04/30/2006,1,,,,,,,20209084,,C3,K,"Non-receipt Violation, Non-Monthly Average",08/28/2006,0,RE - Automated Administratively Resolved (DMR Non-Receipt Violations),09/30/2011,MB,N,MAXIMUM
NM0020583,2,20044318,200002595,TX1,20044318,Q,1,58090932,0,1000665444,1000382514,,,,,,D80,"DMR, Monitor Only - Overdue",TEM3D,Low Flow Pass/Fail Static Renewal 48Hr Acute Daphnia pulex,9A,pass=0;fail=1,03/31/2006,3,,=,,05/16/2006,31,,20210361,0,C1,,,,,,,4E,,48HR MIN
NM0020583,2,20044318,1401109573,001,20044318,A,1,1400891098,3448,1403331377,1401885256,,,410,EFF,"Effluent Limit Violations,Not Otherwise Specified",E90,"DMR, Limited - Numeric Violation",51040,E. coli,30,MPN/100mL,03/31/2009,1,741,=,,04/16/2009,1,,20210280,3448,C3,,,,,,,DD,N,DAILY MX
NM0020583,2,20044318,1401109573,001,20044318,A,1,1400891098,3448,1403331377,1401885256,,,410,PRMTVL,Violation Of A Permit Requirement,E90,"DMR, Limited - Numeric Violation",51040,E. coli,30,MPN/100mL,03/31/2009,1,741,=,,04/16/2009,1,,20210280,3448,C3,,,,,,,DD,N,DAILY MX
NM0028762,1,20044410,1400424821,001,20044410,A,1,606948074,6.9,2603209459,2601767271,,,6.6,,,D90,"DMR, Limited - Overdue",00400,pH,12,SU,08/31/2008,1,,=,,06/27/2011,972,,600097477,6.9,C1,,,,,,,ME,,MINIMUM
NM0020583,2,20044318,601232805,001,20044318,A,A,58084774,1.14,601551040,600888151,,,.019,,,E90,"DMR, Limited - Numeric Violation",50060,"Chlorine, total residual",19,mg/L,03/31/2007,1,5900,=,,04/17/2007,2,,20210279,1.14,C3,R,"TRC Limitations Exceeded, Non-Monthly Average",08/31/2007,2,RE - Back into Compliance,09/30/2007,IA,N,INST MAX
NM0020583,4,3600830134,3633250095,001,3600830134,A,1,3664421373,175,3653483605,3630077552,,,45,NOPRMT,"Discharge, Emission Or Activity WO Required Permit",E90,"DMR, Limited - Numeric Violation",00530,"Solids, total suspended",19,mg/L,01/31/2018,1,289,=,19,02/14/2018,,,3601680589,175,C3,,,,,,,7A,N,7 DA AVG
NM0020583,4,3600830134,3633250095,001,3600830134,A,1,3664421373,175,3653483605,3630077552,,,45,SSO,Sanitary Sewer Overflows,E90,"DMR, Limited - Numeric Violation",00530,"Solids, total suspended",19,mg/L,01/31/2018,1,289,=,19,02/14/2018,,,3601680589,175,C3,,,,,,,7A,N,7 DA AVG
NM0020583,1,20044319,21433430,001,20044319,A,1,58086650,1645.05,43874790,27617330,,,658.754,,,E90,"DMR, Limited - Numeric Violation",00530,"Solids, total suspended",01,kg/d,01/31/2003,1,13,,,02/19/2003,4,,20210287,746.8527,Q1,V,Other Violation with TRC,02/28/2003,2,RE - Back into Compliance,08/31/2003,3C,A,30DA AVG
NM0028762,1,20044410,1401067220,001,20044410,A,1,1000774072,1.8,1403077783,1401739159,,,.75,,,E90,"DMR, Limited - Numeric Violation",01105,"Aluminum, total [as Al]",19,mg/L,02/28/2009,1,140,=,,04/21/2009,,,600097487,1.8,C3,,,,,,,DD,N,DAILY MX
NM0020583,3,2200016809,3601222762,001,2200016809,A,2,2203563794,476,3606326788,3603545985,,,400,,,E90,"DMR, Limited - Numeric Violation",70295,"Solids, total dissolved",19,mg/L,03/31/2015,1,19,=,19,04/13/2015,,,2200047762,476,C2,C,Chronic Violation,03/31/2015,2,RE - Back into Compliance,09/30/2016,3C,A,30DA AVG
NM0020583,4,3600830134,3635750493,001,3600830134,A,1,3734714555,77,3655419270,3631106399,,,85,NOPRMT,"Discharge, Emission Or Activity WO Required Permit",E90,"DMR, Limited - Numeric Violation",81010,"BOD, 5-day, percent removal",23,%,02/28/2018,1,53,=,23,03/14/2018,,,3602996645,77,C1,,,,,,,MJ,,MO AV MN
NM0020583,4,3600830134,3635750493,001,3600830134,A,1,3734714555,77,3655419270,3631106399,,,85,SSO,Sanitary Sewer Overflows,E90,"DMR, Limited - Numeric Violation",81010,"BOD, 5-day, percent removal",23,%,02/28/2018,1,53,=,23,03/14/2018,,,3602996645,77,C1,,,,,,,MJ,,MO AV MN
NM0020583,1,20044319,21433520,001,20044319,A,1,58087100,28.2,43875335,27617420,,,10.9868,,,E90,"DMR, Limited - Numeric Violation",01105,"Aluminum, total [as Al]",01,kg/d,01/31/2004,1,17,,,02/18/2004,3,,20210288,12.8028,Q1,,,,,,,3C,A,30DA AVG
NM0020583,4,3600830134,3644246095,001,3600830134,A,1,3664422043,63337,3702082554,3655166915,,,31900000000,,,E90,"DMR, Limited - Numeric Violation",51040,E. coli,9Y,CFU/d,11/30/2019,1,99,=,9Z,12/12/2019,,,3601680592,63337000000,Q2,,,,,,,DD,N,DAILY MX
NM0028762,3,3600771189,3651264909,001,3600771189,Q,1,3662550692,,3717124649,3662856721,8,,,EFF,"Effluent Limit Violations,Not Otherwise Specified",D80,"DMR, Monitor Only - Overdue",01106,"Aluminum, dissolved [as Al]",19,mg/L,06/30/2020,3,,,,07/15/2020,,,3601725081,,C2,N,Non-Receipt of DMR/Schedule Report,08/28/2020,0,RE - Automated Administratively Resolved (DMR Non-Receipt Violations),08/28/2021,MK,A,MO AVG
NM0028762,3,3600771189,3651264909,001,3600771189,Q,1,3662550692,,3717124649,3662856721,8,,,EFF,"Effluent Limit Violations,Not Otherwise Specified",D80,"DMR, Monitor Only - Overdue",01106,"Aluminum, dissolved [as Al]",19,mg/L,06/30/2020,3,,,,07/15/2020,,,3601725081,,C2,N,Non-Receipt of DMR/Schedule Report,08/28/2020,0,RE - Automated Administratively Resolved (DMR Non-Receipt Violations),08/28/2021,MK,A,MO AVG
NM0028762,3,3600771189,3651264909,001,3600771189,Q,1,3662550692,,3717124649,3662856721,8,,,NODMR,Failure To Submit DMR,D80,"DMR, Monitor Only - Overdue",01106,"Aluminum, dissolved [as Al]",19,mg/L,06/30/2020,3,,,,07/15/2020,,,3601725081,,C2,N,Non-Receipt of DMR/Schedule Report,08/28/2020,0,RE - Automated Administratively Resolved (DMR Non-Receipt Violations),08/28/2021,MK,A,MO AVG
NM0028762,3,3600771189,3651264909,001,3600771189,Q,1,3662550692,,3717124649,3662856721,8,,,EFF,"Effluent Limit Violations,Not Otherwise Specified",D80,"DMR, Monitor Only - Overdue",01106,"Aluminum, dissolved [as Al]",19,mg/L,06/30/2020,3,,,,07/15/2020,,,3601725081,,C2,N,Non-Receipt of DMR/Schedule Report,08/28/2020,0,RE - Automated Administratively Resolved (DMR Non-Receipt Violations),08/28/2021,MK,A,MO AVG
NM0028762,3,3600771189,3651264909,001,3600771189,Q,1,3662550692,,3717124649,3662856721,8,,,NODMR,Failure To Submit DMR,D80,"DMR, Monitor Only - Overdue",01106,"Aluminum, dissolved [as Al]",19,mg/L,06/30/2020,3,,,,07/15/2020,,,3601725081,,C2,N,Non-Receipt of DMR/Schedule Report,08/28/2020,0,RE - Automated Administratively Resolved (DMR Non-Receipt Violations),08/28/2021,MK,A,MO AVG
NM0020583,2,20044318,1000034980,001,20044318,A,A,58084834,.02,1000002862,1000001594,,,.019,EFF,"Effluent Limit Violations,Not Otherwise Specified",E90,"DMR, Limited - Numeric Violation",50060,"Chlorine, total residual",19,mg/L,03/31/2008,1,5,=,,04/11/2008,,,20210279,.02,C3,U,Other Violation with TRC Non-Monthly Average,03/31/2008,2,RE - Back into Compliance,06/30/2008,IA,N,INST MAX
NM0020583,2,20044318,1000034980,001,20044318,A,A,58084834,.02,1000002862,1000001594,,,.019,PRMTVL,Violation Of A Permit Requirement,E90,"DMR, Limited - Numeric Violation",50060,"Chlorine, total residual",19,mg/L,03/31/2008,1,5,=,,04/11/2008,,,20210279,.02,C3,U,Other Violation with TRC Non-Monthly Average,03/31/2008,2,RE - Back into Compliance,06/30/2008,IA,N,INST MAX
NM0020583,4,3600830134,3635750505,001,3600830134,A,1,3664421412,24828,3655419299,3631106410,,,31900000000,NOPRMT,"Discharge, Emission Or Activity WO Required Permit",E90,"DMR, Limited - Numeric Violation",51040,E. coli,9Y,CFU/d,02/28/2018,1,99999,>,9Z,03/14/2018,,,3601680592,24828000000,Q1,,,,,,,3H,A,30DAVGEO
NM0020583,4,3600830134,3635750505,001,3600830134,A,1,3664421412,24828,3655419299,3631106410,,,31900000000,SSO,Sanitary Sewer Overflows,E90,"DMR, Limited - Numeric Violation",51040,E. coli,9Y,CFU/d,02/28/2018,1,99999,>,9Z,03/14/2018,,,3601680592,24828000000,Q1,,,,,,,3H,A,30DAVGEO
NM0028762,1,20044410,1800971655,001,20044410,A,1,1000774189,10,2606218225,2603372662,,,20,,,D90,"DMR, Limited - Overdue",00530,"Solids, total suspended",19,mg/L,07/31/2009,1,,<,,09/23/2011,695,,600097484,10,C2,N,Non-Receipt of DMR/Schedule Report,11/28/2009,2,RE - Back into Compliance,09/23/2011,MK,A,MO AVG
NM0020583,3,2200016809,3403075768,001,2200016809,A,1,2203204643,555,3413179938,3407553308,,,126,EFF,"Effluent Limit Violations,Not Otherwise Specified",E90,"DMR, Limited - Numeric Violation",51040,E. coli,30,MPN/100mL,10/31/2013,1,340,=,3Z,11/14/2013,,,2200047763,555,C3,,,,,,,DD,N,DAILY MX
NM0020583,1,20044319,21433398,001,20044319,A,1,58085863,34.89,43874693,27617172,,,30,,,E90,"DMR, Limited - Numeric Violation",00310,"BOD, 5-day, 20 deg. C",19,mg/L,11/30/2002,1,16,,,12/16/2002,1,,20210285,34.89,C2,V,Other Violation with TRC,02/28/2003,5,RE - Resolved RP by NPDES Closure of Enf. Action Final Order with Comp. Schedule,05/01/2013,3C,A,30DA AVG
NM0020583,4,3600830134,3631989130,001,3600830134,A,1,,,,,,,85,,,D90,"DMR, Limited - Overdue",81010,"BOD, 5-day, percent removal",23,%,03/31/2017,1,,,,,,,3602996645,,C1,,,,,,,MJ,,MO AV MN
NM0020583,1,20044319,21433413,001,20044319,A,1,58085868,50.21,43874738,27617173,,,30,,,E90,"DMR, Limited - Numeric Violation",00310,"BOD, 5-day, 20 deg. C",19,mg/L,12/31/2002,1,67,,,03/04/2003,48,,20210285,50.21,C2,T,TRC Limitations Exceeded,02/28/2003,2,RE - Back into Compliance,08/31/2003,3C,A,30DA AVG
NM0020583,3,2200016809,3600568830,001,2200016809,A,2,2203563785,494,3603022323,3601675211,,,400,,,E90,"DMR, Limited - Numeric Violation",70295,"Solids, total dissolved",19,mg/L,12/31/2014,1,24,=,19,01/14/2015,,,2200047762,494,C2,C,Chronic Violation,12/31/2014,2,RE - Back into Compliance,09/30/2016,3C,A,30DA AVG
NM0028762,2,1800023151,2601554072,001,1800023151,A,1,1805556085,44,2604219435,2602303534,,,.019,,,E90,"DMR, Limited - Numeric Violation",50060,"Chlorine, total residual",19,mg/L,04/30/2011,1,132,=,,07/25/2011,,,1800044104,.044,C3,,,,,,,DD,N,DAILY MX
NM0028762,2,1800023151,3402287637,001,1800023151,A,1,1805556355,110,3409824001,3405705322,,,30,,,E90,"DMR, Limited - Numeric Violation",00530,"Solids, total suspended",19,mg/L,05/31/2013,1,267,=,,07/29/2013,1,,1800044065,110,C3,,,,,,,DD,N,DAILY MX
NM0000116,3,2200037726,3600828573,004,2200037726,A,1,,,,,,,,,,D80,"DMR, Monitor Only - Overdue",50050,"Flow, in conduit or thru treatment plant",03,MGD,10/31/2014,1,,,,,,,2200113553,,Q1,N,Non-Receipt of DMR/Schedule Report,02/28/2015,B,RE - Manual by EPA/State/Tribal Action,12/31/2016,3C,A,30DA AVG
NM0000116,1,20044287,200000763,001,20044287,A,1,,,,,,,9,,,D90,"DMR, Limited - Overdue",00400,pH,12,SU,01/31/2006,1,,,,,,,20209084,,C3,K,"Non-receipt Violation, Non-Monthly Average",05/29/2006,0,RE - Automated Administratively Resolved (DMR Non-Receipt Violations),09/30/2011,MB,N,MAXIMUM
NM0028762,2,1800023151,3401710724,001,1800023151,Q,1,,,,,,,,,,D80,"DMR, Monitor Only - Overdue",70295,"Solids, total dissolved",01,kg/d,03/31/2013,3,,,,,,,1800044064,,Q1,N,Non-Receipt of DMR/Schedule Report,05/29/2013,0,RE - Automated Administratively Resolved (DMR Non-Receipt Violations),05/29/2015,MK,A,MO AVG
NM0020583,4,3600830134,3631989141,001,3600830134,A,1,,,,,,,85,,,D90,"DMR, Limited - Overdue",81011,"Solids, suspended percent removal",23,%,08/31/2017,1,,,,,,,3602996646,,C1,,,,,,,MJ,,MO AV MN
NM0000116,3,2200037726,2602759685,004,2200037726,A,1,,,,,,,,,,D80,"DMR, Monitor Only - Overdue",50050,"Flow, in conduit or thru treatment plant",03,MGD,12/31/2011,1,,,,,,,2200113553,,Q1,N,Non-Receipt of DMR/Schedule Report,02/28/2012,0,RE - Automated Administratively Resolved (DMR Non-Receipt Violations),02/28/2014,3C,A,30DA AVG
NM0000116,3,2200037726,2602759677,001,2200037726,A,1,,,,,,,,,,D80,"DMR, Monitor Only - Overdue",01106,"Aluminum, dissolved [as Al]",19,mg/L,12/31/2011,1,,,,,,,2200113546,,C3,K,"Non-receipt Violation, Non-Monthly Average",02/28/2012,0,RE - Automated Administratively Resolved (DMR Non-Receipt Violations),02/28/2014,DD,N,DAILY MX
NM0020583,4,3600830134,3631989139,001,3600830134,A,1,,,,,,,85,,,D90,"DMR, Limited - Overdue",81011,"Solids, suspended percent removal",23,%,11/30/2016,1,,,,,,,3602996646,,C1,,,,,,,MJ,,MO AV MN
NM0020583,4,3600830134,3631989133,001,3600830134,A,1,,,,,,,85,,,D90,"DMR, Limited - Overdue",81011,"Solids, suspended percent removal",23,%,03/31/2017,1,,,,,,,3602996646,,C1,,,,,,,MJ,,MO AV MN
NM0000116,1,20044287,200000834,001,20044287,A,1,,,,,,,,,,D80,"DMR, Monitor Only - Overdue",01092,"Zinc, total [as Zn]",19,mg/L,02/28/2006,1,,,,,,,20209090,,C3,K,"Non-receipt Violation, Non-Monthly Average",05/29/2006,0,RE - Automated Administratively Resolved (DMR Non-Receipt Violations),09/30/2011,DD,N,DAILY MX
NM0028762,1,20044410,1400424822,001,20044410,A,A,606948558,22,2603209468,2601767276,,,.019,,,D90,"DMR, Limited - Overdue",50060,"Chlorine, total residual",19,mg/L,08/31/2008,1,16,=,,06/27/2011,972,,600097488,.022,C3,K,"Non-receipt Violation, Non-Monthly Average",11/28/2008,2,RE - Back into Compliance,06/27/2011,IA,N,INST MAX
NM0028762,1,20044410,2601342464,001,20044410,A,A,606948558,22,2603209468,2601767276,,,.019,,,E90,"DMR, Limited - Numeric Violation",50060,"Chlorine, total residual",19,mg/L,08/31/2008,1,16,=,,06/27/2011,972,,600097488,.022,C3,,,,,,,IA,N,INST MAX
NM0020583,1,20044319,600702112,001,20044319,A,1,58088418,985.18,43873153,27617683,,,,,,D80,"DMR, Monitor Only - Overdue",70295,"Solids, total dissolved",19,mg/L,12/31/1999,1,,,,06/23/2000,99,,20210293,985.18,C2,N,Non-Receipt of DMR/Schedule Report,02/14/2000,2,RE - Back into Compliance,06/23/2000,3C,A,30DA AVG
NM0020583,3,2200016809,3405067277,001,2200016809,A,2,2203563767,449,3422005299,3412470540,,,400,EFF,"Effluent Limit Violations,Not Otherwise Specified",E90,"DMR, Limited - Numeric Violation",70295,"Solids, total dissolved",19,mg/L,06/30/2014,1,12,=,19,07/09/2014,,,2200047762,449,C2,C,Chronic Violation,06/30/2014,5,RE - Resolved RP by NPDES Closure of Enf. Action Final Order with Comp. Schedule,05/02/2023,3C,A,30DA AVG
NM0028762,2,1800023151,2201215775,001,1800023151,A,1,1805556041,44,2203565242,2202020839,,,.019,EFF,"Effluent Limit Violations,Not Otherwise Specified",E90,"DMR, Limited - Numeric Violation",50060,"Chlorine, total residual",19,mg/L,12/31/2010,1,132,=,,01/18/2011,,,1800044104,.044,C3,,,,,,,DD,N,DAILY MX
NM0028762,2,1800023151,2201215775,001,1800023151,A,1,1805556041,44,2203565242,2202020839,,,.019,NODMR,Failure To Submit DMR,E90,"DMR, Limited - Numeric Violation",50060,"Chlorine, total residual",19,mg/L,12/31/2010,1,132,=,,01/18/2011,,,1800044104,.044,C3,,,,,,,DD,N,DAILY MX
NM0028762,3,3600771189,3629239943,001,3600771189,Q,1,3662550646,,3644593995,3625022882,8,,,EFF,"Effluent Limit Violations,Not Otherwise Specified",D80,"DMR, Monitor Only - Overdue",01106,"Aluminum, dissolved [as Al]",01,kg/d,06/30/2017,3,,,,08/07/2017,10,,3601725081,,Q1,N,Non-Receipt of DMR/Schedule Report,08/28/2017,0,RE - Automated Administratively Resolved (DMR Non-Receipt Violations),08/28/2019,MK,A,MO AVG
NM0028762,3,3600771189,3629239943,001,3600771189,Q,1,3662550646,,3644593995,3625022882,8,,,EFF,"Effluent Limit Violations,Not Otherwise Specified",D80,"DMR, Monitor Only - Overdue",01106,"Aluminum, dissolved [as Al]",01,kg/d,06/30/2017,3,,,,08/07/2017,10,,3601725081,,Q1,N,Non-Receipt of DMR/Schedule Report,08/28/2017,0,RE - Automated Administratively Resolved (DMR Non-Receipt Violations),08/28/2019,MK,A,MO AVG
NM0028762,3,3600771189,3629239943,001,3600771189,Q,1,3662550646,,3644593995,3625022882,8,,,NODMR,Failure To Submit DMR,D80,"DMR, Monitor Only - Overdue",01106,"Aluminum, dissolved [as Al]",01,kg/d,06/30/2017,3,,,,08/07/2017,10,,3601725081,,Q1,N,Non-Receipt of DMR/Schedule Report,08/28/2017,0,RE - Automated Administratively Resolved (DMR Non-Receipt Violations),08/28/2019,MK,A,MO AVG
NM0028762,3,3600771189,3651264915,001,3600771189,Q,1,3662550695,,3717124648,3662856721,8,,,EFF,"Effluent Limit Violations,Not Otherwise Specified",D80,"DMR, Monitor Only - Overdue",01106,"Aluminum, dissolved [as Al]",01,kg/d,06/30/2020,3,,,,07/15/2020,,,3601725081,,Q2,K,"Non-receipt Violation, Non-Monthly Average",08/28/2020,0,RE - Automated Administratively Resolved (DMR Non-Receipt Violations),08/28/2021,DD,N,DAILY MX
NM0028762,3,3600771189,3651264915,001,3600771189,Q,1,3662550695,,3717124648,3662856721,8,,,EFF,"Effluent Limit Violations,Not Otherwise Specified",D80,"DMR, Monitor Only - Overdue",01106,"Aluminum, dissolved [as Al]",01,kg/d,06/30/2020,3,,,,07/15/2020,,,3601725081,,Q2,K,"Non-receipt Violation, Non-Monthly Average",08/28/2020,0,RE - Automated Administratively Resolved (DMR Non-Receipt Violations),08/28/2021,DD,N,DAILY MX
NM0028762,3,3600771189,3651264915,001,3600771189,Q,1,3662550695,,3717124648,3662856721,8,,,NODMR,Failure To Submit DMR,D80,"DMR, Monitor Only - Overdue",01106,"Aluminum, dissolved [as Al]",01,kg/d,06/30/2020,3,,,,07/15/2020,,,3601725081,,Q2,K,"Non-receipt Violation, Non-Monthly Average",08/28/2020,0,RE - Automated Administratively Resolved (DMR Non-Receipt Violations),08/28/2021,DD,N,DAILY MX
NM0028762,3,3600771189,3651264915,001,3600771189,Q,1,3662550695,,3717124648,3662856721,8,,,EFF,"Effluent Limit Violations,Not Otherwise Specified",D80,"DMR, Monitor Only - Overdue",01106,"Aluminum, dissolved [as Al]",01,kg/d,06/30/2020,3,,,,07/15/2020,,,3601725081,,Q2,K,"Non-receipt Violation, Non-Monthly Average",08/28/2020,0,RE - Automated Administratively Resolved (DMR Non-Receipt Violations),08/28/2021,DD,N,DAILY MX
NM0028762,3,3600771189,3651264915,001,3600771189,Q,1,3662550695,,3717124648,3662856721,8,,,NODMR,Failure To Submit DMR,D80,"DMR, Monitor Only - Overdue",01106,"Aluminum, dissolved [as Al]",01,kg/d,06/30/2020,3,,,,07/15/2020,,,3601725081,,Q2,K,"Non-receipt Violation, Non-Monthly Average",08/28/2020,0,RE - Automated Administratively Resolved (DMR Non-Receipt Violations),08/28/2021,DD,N,DAILY MX
NM0020583,1,20044319,600702110,001,20044319,A,0,58088025,19474.43,43873145,27617605,,,,,,D80,"DMR, Monitor Only - Overdue",70295,"Solids, total dissolved",01,kg/d,12/31/1999,1,,,,06/23/2000,99,,20210292,8841.39122,Q1,N,Non-Receipt of DMR/Schedule Report,02/14/2000,2,RE - Back into Compliance,06/23/2000,3C,A,30DA AVG
NM0020583,4,3600830134,3631989125,001,3600830134,A,1,,,,,,,85,,,D90,"DMR, Limited - Overdue",81010,"BOD, 5-day, percent removal",23,%,07/31/2017,1,,,,,,,3602996645,,C1,,,,,,,MJ,,MO AV MN
NM0020583,4,3600830134,3633250100,001,3600830134,A,1,3664421369,1382,3653483621,3630077558,,,1136.81599045,NOPRMT,"Discharge, Emission Or Activity WO Required Permit",E90,"DMR, Limited - Numeric Violation",00310,"BOD, 5-day, 20 deg. C",01,kg/d,01/31/2018,1,99999,>,26,02/14/2018,,,3601680586,627.42799473,Q2,,,,,,,7A,N,7 DA AVG
NM0020583,4,3600830134,3633250100,001,3600830134,A,1,3664421369,1382,3653483621,3630077558,,,1136.81599045,SSO,Sanitary Sewer Overflows,E90,"DMR, Limited - Numeric Violation",00310,"BOD, 5-day, 20 deg. C",01,kg/d,01/31/2018,1,99999,>,26,02/14/2018,,,3601680586,627.42799473,Q2,,,,,,,7A,N,7 DA AVG
NM0028762,2,1800023151,3401710751,001,1800023151,Q,1,,,,,,,,,,D80,"DMR, Monitor Only - Overdue",70295,"Solids, total dissolved",19,mg/L,03/31/2013,3,,,,,,,1800044064,,C2,N,Non-Receipt of DMR/Schedule Report,05/29/2013,0,RE - Automated Administratively Resolved (DMR Non-Receipt Violations),05/29/2015,MK,A,MO AVG
NM0020583,2,20044318,1400286957,001,20044318,A,A,58084864,.03,1400631648,1400354572,,,.019,EFF,"Effluent Limit Violations,Not Otherwise Specified",E90,"DMR, Limited - Numeric Violation",50060,"Chlorine, total residual",19,mg/L,09/30/2008,1,58,=,,10/15/2008,,,20210279,.03,C3,R,"TRC Limitations Exceeded, Non-Monthly Average",09/30/2008,2,RE - Back into Compliance,03/31/2009,IA,N,INST MAX
NM0020583,2,20044318,1400286957,001,20044318,A,A,58084864,.03,1400631648,1400354572,,,.019,PRMTVL,Violation Of A Permit Requirement,E90,"DMR, Limited - Numeric Violation",50060,"Chlorine, total residual",19,mg/L,09/30/2008,1,58,=,,10/15/2008,,,20210279,.03,C3,R,"TRC Limitations Exceeded, Non-Monthly Average",09/30/2008,2,RE - Back into Compliance,03/31/2009,IA,N,INST MAX
NM0028762,3,3600771189,3659651861,001,3600771189,Q,1,3662550704,,3736678115,3673076174,8,,,EFF,"Effluent Limit Violations,Not Otherwise Specified",D80,"DMR, Monitor Only - Overdue",01106,"Aluminum, dissolved [as Al]",19,mg/L,03/31/2021,3,,,,04/08/2021,,,3601725081,,C2,N,Non-Receipt of DMR/Schedule Report,05/29/2021,0,RE - Automated Administratively Resolved (DMR Non-Receipt Violations),05/29/2022,MK,A,MO AVG
NM0028762,3,3600771189,3659651861,001,3600771189,Q,1,3662550704,,3736678115,3673076174,8,,,NODMR,Failure To Submit DMR,D80,"DMR, Monitor Only - Overdue",01106,"Aluminum, dissolved [as Al]",19,mg/L,03/31/2021,3,,,,04/08/2021,,,3601725081,,C2,N,Non-Receipt of DMR/Schedule Report,05/29/2021,0,RE - Automated Administratively Resolved (DMR Non-Receipt Violations),05/29/2022,MK,A,MO AVG
NM0028762,3,3600771189,3659651861,001,3600771189,Q,1,3662550704,,3736678115,3673076174,8,,,EFF,"Effluent Limit Violations,Not Otherwise Specified",D80,"DMR, Monitor Only - Overdue",01106,"Aluminum, dissolved [as Al]",19,mg/L,03/31/2021,3,,,,04/08/2021,,,3601725081,,C2,N,Non-Receipt of DMR/Schedule Report,05/29/2021,0,RE - Automated Administratively Resolved (DMR Non-Receipt Violations),05/29/2022,MK,A,MO AVG
NM0028762,3,3600771189,3659651861,001,3600771189,Q,1,3662550704,,3736678115,3673076174,8,,,NODMR,Failure To Submit DMR,D80,"DMR, Monitor Only - Overdue",01106,"Aluminum, dissolved [as Al]",19,mg/L,03/31/2021,3,,,,04/08/2021,,,3601725081,,C2,N,Non-Receipt of DMR/Schedule Report,05/29/2021,0,RE - Automated Administratively Resolved (DMR Non-Receipt Violations),05/29/2022,MK,A,MO AVG
NM0028762,3,3600771189,3659651861,001,3600771189,Q,1,3662550704,,3736678115,3673076174,8,,,EFF,"Effluent Limit Violations,Not Otherwise Specified",D80,"DMR, Monitor Only - Overdue",01106,"Aluminum, dissolved [as Al]",19,mg/L,03/31/2021,3,,,,04/08/2021,,,3601725081,,C2,N,Non-Receipt of DMR/Schedule Report,05/29/2021,0,RE - Automated Administratively Resolved (DMR Non-Receipt Violations),05/29/2022,MK,A,MO AVG
NM0020583,1,20044319,21433390,001,20044319,A,1,58087015,30.68,43874570,27617403,,,10.9868,,,E90,"DMR, Limited - Numeric Violation",01105,"Aluminum, total [as Al]",01,kg/d,08/31/2002,1,27,,,09/17/2002,2,,20210288,13.92872,Q1,,,,,,,3C,A,30DA AVG
NM0028762,1,20044410,1800971620,001,20044410,A,1,1000774290,.3,2606218248,2603372674,,,,,,D80,"DMR, Monitor Only - Overdue",50050,"Flow, in conduit or thru treatment plant",03,MGD,09/30/2009,1,,=,,09/23/2011,695,,600097481,.3,Q2,K,"Non-receipt Violation, Non-Monthly Average",11/28/2009,2,RE - Back into Compliance,09/23/2011,DD,N,DAILY MX
NM0028762,3,3600771189,3637373476,001,3600771189,Q,1,3662550657,,3664325816,3634873657,8,,,EFF,"Effluent Limit Violations,Not Otherwise Specified",D80,"DMR, Monitor Only - Overdue",01106,"Aluminum, dissolved [as Al]",19,mg/L,03/31/2018,3,,,,04/27/2018,,,3601725081,,C3,K,"Non-receipt Violation, Non-Monthly Average",05/29/2018,9,RE - Manual by Back into Compliance/Administratively Resolved,05/29/2018,DD,N,DAILY MX
NM0028762,3,3600771189,3637373476,001,3600771189,Q,1,3662550657,,3664325816,3634873657,8,,,EFF,"Effluent Limit Violations,Not Otherwise Specified",D80,"DMR, Monitor Only - Overdue",01106,"Aluminum, dissolved [as Al]",19,mg/L,03/31/2018,3,,,,04/27/2018,,,3601725081,,C3,K,"Non-receipt Violation, Non-Monthly Average",05/29/2018,9,RE - Manual by Back into Compliance/Administratively Resolved,05/29/2018,DD,N,DAILY MX
NM0028762,3,3600771189,3637373476,001,3600771189,Q,1,3662550657,,3664325816,3634873657,8,,,NODMR,Failure To Submit DMR,D80,"DMR, Monitor Only - Overdue",01106,"Aluminum, dissolved [as Al]",19,mg/L,03/31/2018,3,,,,04/27/2018,,,3601725081,,C3,K,"Non-receipt Violation, Non-Monthly Average",05/29/2018,9,RE - Manual by Back into Compliance/Administratively Resolved,05/29/2018,DD,N,DAILY MX
NM0028762,3,3600771189,3637373476,001,3600771189,Q,1,3662550657,,3664325816,3634873657,8,,,EFF,"Effluent Limit Violations,Not Otherwise Specified",D80,"DMR, Monitor Only - Overdue",01106,"Aluminum, dissolved [as Al]",19,mg/L,03/31/2018,3,,,,04/27/2018,,,3601725081,,C3,K,"Non-receipt Violation, Non-Monthly Average",05/29/2018,9,RE - Manual by Back into Compliance/Administratively Resolved,05/29/2018,DD,N,DAILY MX
NM0028762,3,3600771189,3637373476,001,3600771189,Q,1,3662550657,,3664325816,3634873657,8,,,NODMR,Failure To Submit DMR,D80,"DMR, Monitor Only - Overdue",01106,"Aluminum, dissolved [as Al]",19,mg/L,03/31/2018,3,,,,04/27/2018,,,3601725081,,C3,K,"Non-receipt Violation, Non-Monthly Average",05/29/2018,9,RE - Manual by Back into Compliance/Administratively Resolved,05/29/2018,DD,N,DAILY MX
NM0020583,3,2200016809,2600371189,001,2200016809,A,1,1807329416,2993,2600435229,2600250617,,,1136.81599045,EFF,"Effluent Limit Violations,Not Otherwise Specified",E90,"DMR, Limited - Numeric Violation",00530,"Solids, total suspended",01,kg/d,02/28/2011,1,20,=,26,03/14/2011,,,2200047764,1358.82198858,Q2,,,,,,,7A,N,7 DA AVG
NM0020583,3,2200016809,2600371189,001,2200016809,A,1,1807329416,2993,2600435229,2600250617,,,1136.81599045,PRMTVL,Violation Of A Permit Requirement,E90,"DMR, Limited - Numeric Violation",00530,"Solids, total suspended",01,kg/d,02/28/2011,1,20,=,26,03/14/2011,,,2200047764,1358.82198858,Q2,,,,,,,7A,N,7 DA AVG
NM0020583,2,20044318,1400929626,001,20044318,A,A,1400891052,.02,1402375341,1401345475,,,.019,EFF,"Effluent Limit Violations,Not Otherwise Specified",E90,"DMR, Limited - Numeric Violation",50060,"Chlorine, total residual",19,mg/L,01/31/2009,1,5,=,,02/13/2009,,,20210279,.02,C3,H,"Chronic Violation, Non-Monthly Average",02/28/2009,2,RE - Back into Compliance,01/31/2010,IA,N,INST MAX
NM0020583,2,20044318,1400929626,001,20044318,A,A,1400891052,.02,1402375341,1401345475,,,.019,PRMTVL,Violation Of A Permit Requirement,E90,"DMR, Limited - Numeric Violation",50060,"Chlorine, total residual",19,mg/L,01/31/2009,1,5,=,,02/13/2009,,,20210279,.02,C3,H,"Chronic Violation, Non-Monthly Average",02/28/2009,2,RE - Back into Compliance,01/31/2010,IA,N,INST MAX
NM0020583,0,3602878711,3683686790,001,3602878711,A,1,3920643788,2.879,3851430861,3736161213,,,.55615,,,E90,"DMR, Limited - Numeric Violation",00720,"Cyanide, total [as CN]",01,kg/d,07/31/2025,1,135,=,26,08/18/2025,3,,3606350737,1.30706599,Q2,,,,,,,DD,N,DAILY MX
NM0020583,3,2200016809,3604565810,TX1,2200016809,Q,1,3651140138,0,3626637153,3614968188,,,,,,D80,"DMR, Monitor Only - Overdue",TEM6C,LF Pass/Fail Static Renewal 48Hr Acute Pimephales promelas,9A,pass=0;fail=1,06/30/2016,3,,=,9A,08/25/2016,41,,2200047806,0,C2,,,,,,,MJ,,MO AV MN
NM0020583,3,2200016809,3601841321,001,2200016809,A,2,2203563803,481,3609472206,3605273946,,,400,,,E90,"DMR, Limited - Numeric Violation",70295,"Solids, total dissolved",19,mg/L,06/30/2015,1,20,=,19,07/14/2015,,,2200047762,481,C2,C,Chronic Violation,06/30/2015,2,RE - Back into Compliance,09/30/2016,3C,A,30DA AVG
NM0020583,2,20044318,600162164,001,20044318,A,1,58085464,800,600456374,600257468,,,200,,,E90,"DMR, Limited - Numeric Violation",74055,"Coliform, fecal general",30,MPN/100mL,09/30/2006,1,300,=,,10/16/2006,1,,20210283,800,C3,,,,,,,DD,N,DAILY MX
NM0020583,4,3600830134,3617817918,001,3600830134,A,1,3628321352,1589,3635860279,3620220548,,,757.72599363,,,E90,"DMR, Limited - Numeric Violation",00310,"BOD, 5-day, 20 deg. C",01,kg/d,02/28/2017,1,99999,>,26,03/14/2017,,,3601680586,721.40599394,Q1,T,TRC Limitations Exceeded,04/30/2017,2,RE - Back into Compliance,07/31/2017,3C,A,30DA AVG
NM0000116,1,20044287,200000819,001,20044287,A,1,,,,,,,,,,D80,"DMR, Monitor Only - Overdue",01042,"Copper, total [as Cu]",19,mg/L,03/31/2006,1,,,,,,,20209088,,C3,K,"Non-receipt Violation, Non-Monthly Average",05/29/2006,0,RE - Automated Administratively Resolved (DMR Non-Receipt Violations),09/30/2011,DD,N,DAILY MX
NM0000116,3,2200037726,2602759707,001,2200037726,A,1,,,,,,,,,,D80,"DMR, Monitor Only - Overdue",50050,"Flow, in conduit or thru treatment plant",03,MGD,12/31/2011,1,,,,,,,2200113516,,Q1,N,Non-Receipt of DMR/Schedule Report,02/28/2012,0,RE - Automated Administratively Resolved (DMR Non-Receipt Violations),02/28/2014,3C,A,30DA AVG
NM0000116,1,20044287,601444037,001,20044287,A,1,,,,,,,,,,D80,"DMR, Monitor Only - Overdue",50050,"Flow, in conduit or thru treatment plant",03,MGD,04/30/2006,1,,,,,,,20209092,,Q2,K,"Non-receipt Violation, Non-Monthly Average",08/28/2006,0,RE - Automated Administratively Resolved (DMR Non-Receipt Violations),09/30/2011,DD,N,DAILY MX
NM0020583,2,20044318,200002606,TX1,20044318,Q,1,58091093,31.2,1000665449,1000382516,,,,,,D80,"DMR, Monitor Only - Overdue",TOM3D,NOAEC Lethal Statis Renewal 48 Hr Acute Daphnia pulex,23,%,03/31/2006,3,,=,,05/16/2006,31,,20210363,31.2,C2,,,,,,,MJ,,MO AV MN
NM0028762,1,20044410,1000124077,001,20044410,A,1,606948508,1.51,1000346095,1000200140,,,.5,,,E90,"DMR, Limited - Numeric Violation",01105,"Aluminum, total [as Al]",19,mg/L,02/29/2008,1,202,=,,04/16/2008,,,600097487,1.51,C2,T,TRC Limitations Exceeded,04/30/2008,2,RE - Back into Compliance,10/31/2008,MK,A,MO AVG
NM0028762,2,1800023151,3638729259,001,1800023151,A,1,3600454288,.018765,3629483259,3616573931,,,,,,D80,"DMR, Monitor Only - Overdue",50060,"Chlorine, total residual",01,kg/d,07/31/2016,1,,=,26,10/11/2018,713,,1800044104,.00851931,Q2,K,"Non-receipt Violation, Non-Monthly Average",11/28/2016,2,RE - Back into Compliance,10/11/2018,DD,N,DAILY MX
NM0028762,1,20044410,1000202016,001,20044410,A,1,606948502,.85,1000688491,1000395016,,,.5,,,E90,"DMR, Limited - Numeric Violation",01105,"Aluminum, total [as Al]",19,mg/L,11/30/2007,1,70,=,,01/22/2008,,,600097487,.85,C2,,,,,,,MK,A,MO AVG
NM0000116,3,2200037726,3602765071,001,2200037726,A,1,2205473108,,3614630551,3608196244,L,,,,,D80,"DMR, Monitor Only - Overdue",50050,"Flow, in conduit or thru treatment plant",03,MGD,09/30/2015,1,,,,10/30/2015,2,,2200113516,,Q1,N,Non-Receipt of DMR/Schedule Report,11/28/2015,B,RE - Manual by EPA/State/Tribal Action,12/31/2016,3C,A,30DA AVG
NM0000116,3,2200037726,3600658706,TX1,2200037726,Y,1,2205473187,,3607901457,3604420895,E,,,,,D80,"DMR, Monitor Only - Overdue",TOM3D,NOAEC Lethal Statis Renewal 48 Hr Acute Daphnia pulex,23,%,11/30/2014,12,,=,,05/13/2015,135,,2200113518,,C1,,,,,,,4E,,48HR MIN
NM0020583,2,20044318,200002597,TX1,20044318,Q,1,58090933,0,1000665445,1000382514,,,,,,D80,"DMR, Monitor Only - Overdue",TEM3D,Low Flow Pass/Fail Static Renewal 48Hr Acute Daphnia pulex,9A,pass=0;fail=1,03/31/2006,3,,=,,05/16/2006,31,,20210361,0,C2,,,,,,,MJ,,MO AV MN
NM0028762,1,20044410,1000202009,001,20044410,A,A,606948548,29,1000688458,1000394995,,,.019,,,E90,"DMR, Limited - Numeric Violation",50060,"Chlorine, total residual",19,mg/L,10/31/2007,1,53,=,,01/22/2008,,,600097488,.029,C3,,,,,,,IA,N,INST MAX
NM0020583,1,20044319,21433388,001,20044319,A,1,58087013,516,43874528,27617402,,,.5,,,E90,"DMR, Limited - Numeric Violation",01105,"Aluminum, total [as Al]",19,mg/L,07/31/2002,1,3,,,08/20/2002,5,,20210288,.516,C2,,,,,,,3C,A,30DA AVG
NM0020583,1,20044319,600701872,001,20044319,A,1,58087426,5.25,43874756,27617485,,,,,,D80,"DMR, Monitor Only - Overdue",50050,"Flow, in conduit or thru treatment plant",03,MGD,12/31/2002,1,,,,03/04/2003,48,,20210290,5.25,Q2,K,"Non-receipt Violation, Non-Monthly Average",02/14/2003,2,RE - Back into Compliance,03/04/2003,DD,N,DAILY MX
NM0020583,2,20044318,601777096,001,20044318,A,A,58084814,.83,603150832,601804250,,,.019,,,E90,"DMR, Limited - Numeric Violation",50060,"Chlorine, total residual",19,mg/L,11/30/2007,1,4268,=,,12/21/2007,6,,20210279,.83,C3,R,"TRC Limitations Exceeded, Non-Monthly Average",11/30/2007,2,RE - Back into Compliance,06/30/2008,IA,N,INST MAX
NM0020583,1,20044319,600697177,001,20044319,A,1,58086469,23.03,43873129,27617293,,,45,,,D90,"DMR, Limited - Overdue",00530,"Solids, total suspended",19,mg/L,12/31/1999,1,,,,06/23/2000,99,,20210287,23.03,C3,K,"Non-receipt Violation, Non-Monthly Average",02/14/2000,2,RE - Back into Compliance,06/23/2000,7A,N,7 DA AVG
NM0028762,1,20044410,1400136158,001,20044410,A,1,606948513,1.14,1400070970,1400039679,,,.75,,,E90,"DMR, Limited - Numeric Violation",01105,"Aluminum, total [as Al]",19,mg/L,04/30/2008,1,52,=,,07/25/2008,,,600097487,1.14,C3,,,,,,,DD,N,DAILY MX
NM0028762,2,1800023151,2200094472,001,1800023151,A,1,1805556012,17.04,1806928599,1803911434,,,,,,D80,"DMR, Monitor Only - Overdue",50060,"Chlorine, total residual",01,kg/d,06/30/2010,1,,=,,10/25/2010,89,,1800044104,7.73615993,Q1,N,Non-Receipt of DMR/Schedule Report,08/28/2010,2,RE - Back into Compliance,10/25/2010,MK,A,MO AVG
NM0020583,4,3600830134,3620405865,001,3600830134,A,1,3628321868,6796,3638992825,3622088253,,,1136.81599045,,,E90,"DMR, Limited - Numeric Violation",00530,"Solids, total suspended",01,kg/d,04/30/2017,1,171,=,26,05/11/2017,,,3601680589,3085.38397408,Q2,,,,,,,7A,N,7 DA AVG
NM0020583,3,2200016809,3405602942,001,2200016809,A,1,2203204863,2420,3424503733,3413873873,,,126,,,E90,"DMR, Limited - Numeric Violation",51040,E. coli,30,MPN/100mL,08/31/2014,1,1821,=,3Z,09/12/2014,,,2200047763,2420,C3,,,,,,,DD,N,DAILY MX
NM0020583,4,3600830134,3631989129,001,3600830134,A,1,,,,,,,85,,,D90,"DMR, Limited - Overdue",81010,"BOD, 5-day, percent removal",23,%,02/28/2017,1,,,,,,,3602996645,,C1,,,,,,,MJ,,MO AV MN
NM0000116,3,2200037726,3600828684,004,2200037726,A,1,,,,,,,9,,,D90,"DMR, Limited - Overdue",00400,pH,12,SU,10/31/2014,1,,,,,,,2200113551,,C3,K,"Non-receipt Violation, Non-Monthly Average",02/28/2015,B,RE - Manual by EPA/State/Tribal Action,12/31/2016,MB,N,MAXIMUM
NM0000116,1,20044287,200000826,001,20044287,A,1,,,,,,,,,,D80,"DMR, Monitor Only - Overdue",01062,"Molybdenum, total [as Mo]",19,mg/L,03/31/2006,1,,,,,,,20209089,,C3,K,"Non-receipt Violation, Non-Monthly Average",05/29/2006,0,RE - Automated Administratively Resolved (DMR Non-Receipt Violations),09/30/2011,DD,N,DAILY MX
NM0000116,3,2200037726,2602759701,001,2200037726,A,1,,,,,,,.000011,,,D90,"DMR, Limited - Overdue",01042,"Copper, total [as Cu]",19,mg/L,12/31/2011,1,,,,,,,2200113511,,C3,K,"Non-receipt Violation, Non-Monthly Average",02/28/2012,0,RE - Automated Administratively Resolved (DMR Non-Receipt Violations),02/28/2014,DD,N,DAILY MX
NM0000116,3,2200037726,3600828586,004,2200037726,A,1,,,,,,,6,,,D90,"DMR, Limited - Overdue",00400,pH,12,SU,11/30/2014,1,,,,,,,2200113551,,C1,,,,,,,ME,,MINIMUM
NM0020583,4,3600830134,3631989124,001,3600830134,A,1,,,,,,,85,,,D90,"DMR, Limited - Overdue",81010,"BOD, 5-day, percent removal",23,%,12/31/2016,1,,,,,,,3602996645,,C1,,,,,,,MJ,,MO AV MN
NM0000116,1,20044287,200000785,001,20044287,A,1,,,,,,,50,,,D90,"DMR, Limited - Overdue",00530,"Solids, total suspended",19,mg/L,02/28/2006,1,,,,,,,20209085,,C3,K,"Non-receipt Violation, Non-Monthly Average",05/29/2006,0,RE - Automated Administratively Resolved (DMR Non-Receipt Violations),09/30/2011,DD,N,DAILY MX
NM0020583,4,3600830134,3631989140,001,3600830134,A,1,,,,,,,85,,,D90,"DMR, Limited - Overdue",81011,"Solids, suspended percent removal",23,%,05/31/2017,1,,,,,,,3602996646,,C1,,,,,,,MJ,,MO AV MN
NM0000116,3,2200037726,3600828539,004,2200037726,A,1,,,,,,,6,,,D90,"DMR, Limited - Overdue",00400,pH,12,SU,10/31/2014,1,,,,,,,2200113551,,C1,,,,,,,ME,,MINIMUM
NM0020583,1,20044319,21433314,001,20044319,A,1,58085759,47.54,43873749,27617151,,,45,,,E90,"DMR, Limited - Numeric Violation",00310,"BOD, 5-day, 20 deg. C",19,mg/L,02/28/2001,1,6,,,03/19/2001,4,,20210285,47.54,C3,,,,,,,7A,N,7 DA AVG
NM0000116,1,20044287,200000788,001,20044287,A,1,,,,,,,50,,,D90,"DMR, Limited - Overdue",00530,"Solids, total suspended",19,mg/L,03/31/2006,1,,,,,,,20209085,,C3,K,"Non-receipt Violation, Non-Monthly Average",05/29/2006,0,RE - Automated Administratively Resolved (DMR Non-Receipt Violations),09/30/2011,DD,N,DAILY MX
NM0000116,1,20044287,200000774,001,20044287,A,1,,,,,,,6,,,D90,"DMR, Limited - Overdue",00400,pH,12,SU,03/31/2006,1,,,,,,,20209084,,C1,,,,,,,ME,,MINIMUM
NM0000116,3,2200037726,3600828639,004,2200037726,A,1,,,,,,,50,,,D90,"DMR, Limited - Overdue",00530,"Solids, total suspended",19,mg/L,11/30/2014,1,,,,,,,2200113552,,C3,K,"Non-receipt Violation, Non-Monthly Average",02/28/2015,B,RE - Manual by EPA/State/Tribal Action,12/31/2016,DD,N,DAILY MX
NM0020583,4,3600830134,3631989137,001,3600830134,A,1,,,,,,,85,,,D90,"DMR, Limited - Overdue",81011,"Solids, suspended percent removal",23,%,04/30/2017,1,,,,,,,3602996646,,C1,,,,,,,MJ,,MO AV MN
NM0020583,4,3600830134,3631989135,001,3600830134,A,1,,,,,,,85,,,D90,"DMR, Limited - Overdue",81011,"Solids, suspended percent removal",23,%,01/31/2017,1,,,,,,,3602996646,,C1,,,,,,,MJ,,MO AV MN
NM0028762,1,20044410,1800971702,001,20044410,A,1,1000774226,7.8,2606218232,2603372666,,,6.6,,,D90,"DMR, Limited - Overdue",00400,pH,12,SU,08/31/2009,1,,=,,09/23/2011,695,,600097477,7.8,C1,,,,,,,ME,,MINIMUM
NM0020583,4,3600830134,3635750499,001,3600830134,A,1,3664421403,280,3655419290,3631106405,,,45,NOPRMT,"Discharge, Emission Or Activity WO Required Permit",E90,"DMR, Limited - Numeric Violation",00530,"Solids, total suspended",19,mg/L,02/28/2018,1,522,=,19,03/14/2018,,,3601680589,280,C3,,,,,,,7A,N,7 DA AVG
NM0020583,4,3600830134,3635750499,001,3600830134,A,1,3664421403,280,3655419290,3631106405,,,45,SSO,Sanitary Sewer Overflows,E90,"DMR, Limited - Numeric Violation",00530,"Solids, total suspended",19,mg/L,02/28/2018,1,522,=,19,03/14/2018,,,3601680589,280,C3,,,,,,,7A,N,7 DA AVG
NM0020583,1,20044319,600695496,001,20044319,A,1,58085685,926.42,43873115,27617137,,,658.754,,,D90,"DMR, Limited - Overdue",00310,"BOD, 5-day, 20 deg. C",01,kg/d,12/31/1999,1,,,,06/23/2000,99,,20210285,420.59468,Q1,N,Non-Receipt of DMR/Schedule Report,02/14/2000,2,RE - Back into Compliance,06/23/2000,3C,A,30DA AVG
NM0020583,1,20044319,21433475,001,20044319,A,1,58085885,1594.57,43874915,27617177,,,658.754,,,E90,"DMR, Limited - Numeric Violation",00310,"BOD, 5-day, 20 deg. C",01,kg/d,04/30/2003,1,10,,,05/19/2003,4,,20210285,723.93478,Q1,V,Other Violation with TRC,04/30/2003,2,RE - Back into Compliance,08/31/2003,3C,A,30DA AVG
NM0000116,2,20044286,2200766444,001,20044286,A,1,57976846,,2602330272,2601309543,C,,,,,D80,"DMR, Monitor Only - Overdue",50050,"Flow, in conduit or thru treatment plant",03,MGD,08/31/2010,1,,=,,05/27/2011,211,,20209082,,Q2,K,"Non-receipt Violation, Non-Monthly Average",11/28/2010,2,RE - Back into Compliance,05/27/2011,DD,N,DAILY MX
NM0028762,2,1800023151,1801441438,001,1800023151,A,1,1805555980,16.1,3002400007,1802070476,,,,,,D80,"DMR, Monitor Only - Overdue",00530,"Solids, total suspended",01,kg/d,12/31/2009,1,,=,,10/25/2010,269,,1800044065,7.30939994,Q2,K,"Non-receipt Violation, Non-Monthly Average",02/28/2010,2,RE - Back into Compliance,10/25/2010,DD,N,DAILY MX
NM0028762,1,20044410,601891196,001,20044410,A,1,606948505,1.17,1000046251,1000026290,,,.75,,,D90,"DMR, Limited - Overdue",01105,"Aluminum, total [as Al]",19,mg/L,12/31/2007,1,56,=,,09/08/2008,223,,600097487,1.17,C3,K,"Non-receipt Violation, Non-Monthly Average",02/28/2008,2,RE - Back into Compliance,09/08/2008,DD,N,DAILY MX
NM0028762,1,20044410,2601150515,001,20044410,A,1,606948505,1.17,1000046251,1000026290,,,.75,,,E90,"DMR, Limited - Numeric Violation",01105,"Aluminum, total [as Al]",19,mg/L,12/31/2007,1,56,=,,09/08/2008,223,,600097487,1.17,C3,,,,,,,DD,N,DAILY MX
NM0000116,3,2200037726,2600058090,004,2200037726,A,1,2205474582,,2602330239,2601309520,C,,6,,,D90,"DMR, Limited - Overdue",00400,pH,12,SU,12/31/2010,1,,=,,05/27/2011,118,,2200113551,,C1,,,,,,,ME,,MINIMUM
NM0028762,2,1800023151,1801441476,001,1800023151,Q,1,1000774570,66.6,3002400059,1802070501,,,,,,D80,"DMR, Monitor Only - Overdue",70295,"Solids, total dissolved",01,kg/d,12/31/2009,3,,=,,10/25/2010,269,,1800044064,30.23639975,Q1,N,Non-Receipt of DMR/Schedule Report,02/28/2010,2,RE - Back into Compliance,10/25/2010,MK,A,MO AVG
NM0020583,3,2200016809,3601088928,SLL,2200016809,A,SL,2203563082,,3631452476,3617679366,C,,,,,D80,"DMR, Monitor Only - Overdue",84370,Vector attraction reduction alternative used,3Y,alt #,12/31/2014,12,,,,12/16/2016,666,,2200047790,,C3,K,"Non-receipt Violation, Non-Monthly Average",03/22/2015,2,RE - Back into Compliance,12/16/2016,VA,N,VALUE
NM0028762,1,20044410,1800971663,001,20044410,A,A,1000774195,,2606218231,2603372665,B,,.019,,,D90,"DMR, Limited - Overdue",50060,"Chlorine, total residual",19,mg/L,07/31/2009,1,,,,09/23/2011,695,,600097488,,C3,K,"Non-receipt Violation, Non-Monthly Average",11/28/2009,2,RE - Back into Compliance,09/23/2011,IA,N,INST MAX
NM0000116,3,2200037726,3602635964,001,2200037726,A,1,2205473072,.072,3614630429,3608196170,,,.000011,,,E90,"DMR, Limited - Numeric Violation",01042,"Copper, total [as Cu]",19,mg/L,07/31/2015,1,555,=,,10/30/2015,2,,2200113511,.000072,C3,,,,,,,DD,N,DAILY MX
NM0028762,3,3600771189,3640734012,001,3600771189,Q,1,3662550670,,3682282634,3644300268,8,,,EFF,"Effluent Limit Violations,Not Otherwise Specified",D80,"DMR, Monitor Only - Overdue",01106,"Aluminum, dissolved [as Al]",01,kg/d,12/31/2018,3,,,,01/21/2019,,,3601725081,,Q1,N,Non-Receipt of DMR/Schedule Report,02/28/2019,0,RE - Automated Administratively Resolved (DMR Non-Receipt Violations),02/28/2021,MK,A,MO AVG
NM0028762,3,3600771189,3640734012,001,3600771189,Q,1,3662550670,,3682282634,3644300268,8,,,EFF,"Effluent Limit Violations,Not Otherwise Specified",D80,"DMR, Monitor Only - Overdue",01106,"Aluminum, dissolved [as Al]",01,kg/d,12/31/2018,3,,,,01/21/2019,,,3601725081,,Q1,N,Non-Receipt of DMR/Schedule Report,02/28/2019,0,RE - Automated Administratively Resolved (DMR Non-Receipt Violations),02/28/2021,MK,A,MO AVG
NM0028762,3,3600771189,3640734012,001,3600771189,Q,1,3662550670,,3682282634,3644300268,8,,,NODMR,Failure To Submit DMR,D80,"DMR, Monitor Only - Overdue",01106,"Aluminum, dissolved [as Al]",01,kg/d,12/31/2018,3,,,,01/21/2019,,,3601725081,,Q1,N,Non-Receipt of DMR/Schedule Report,02/28/2019,0,RE - Automated Administratively Resolved (DMR Non-Receipt Violations),02/28/2021,MK,A,MO AVG
NM0028762,3,3600771189,3640734012,001,3600771189,Q,1,3662550670,,3682282634,3644300268,8,,,EFF,"Effluent Limit Violations,Not Otherwise Specified",D80,"DMR, Monitor Only - Overdue",01106,"Aluminum, dissolved [as Al]",01,kg/d,12/31/2018,3,,,,01/21/2019,,,3601725081,,Q1,N,Non-Receipt of DMR/Schedule Report,02/28/2019,0,RE - Automated Administratively Resolved (DMR Non-Receipt Violations),02/28/2021,MK,A,MO AVG
NM0028762,3,3600771189,3640734012,001,3600771189,Q,1,3662550670,,3682282634,3644300268,8,,,NODMR,Failure To Submit DMR,D80,"DMR, Monitor Only - Overdue",01106,"Aluminum, dissolved [as Al]",01,kg/d,12/31/2018,3,,,,01/21/2019,,,3601725081,,Q1,N,Non-Receipt of DMR/Schedule Report,02/28/2019,0,RE - Automated Administratively Resolved (DMR Non-Receipt Violations),02/28/2021,MK,A,MO AVG
NM0028762,3,3600771189,3637373509,001,3600771189,Q,1,3662550656,,3664325815,3634873657,8,,,EFF,"Effluent Limit Violations,Not Otherwise Specified",D80,"DMR, Monitor Only - Overdue",01106,"Aluminum, dissolved [as Al]",19,mg/L,03/31/2018,3,,,,04/27/2018,,,3601725081,,C2,N,Non-Receipt of DMR/Schedule Report,05/29/2018,0,RE - Automated Administratively Resolved (DMR Non-Receipt Violations),05/29/2020,MK,A,MO AVG
NM0028762,3,3600771189,3637373509,001,3600771189,Q,1,3662550656,,3664325815,3634873657,8,,,EFF,"Effluent Limit Violations,Not Otherwise Specified",D80,"DMR, Monitor Only - Overdue",01106,"Aluminum, dissolved [as Al]",19,mg/L,03/31/2018,3,,,,04/27/2018,,,3601725081,,C2,N,Non-Receipt of DMR/Schedule Report,05/29/2018,0,RE - Automated Administratively Resolved (DMR Non-Receipt Violations),05/29/2020,MK,A,MO AVG
NM0028762,3,3600771189,3637373509,001,3600771189,Q,1,3662550656,,3664325815,3634873657,8,,,NODMR,Failure To Submit DMR,D80,"DMR, Monitor Only - Overdue",01106,"Aluminum, dissolved [as Al]",19,mg/L,03/31/2018,3,,,,04/27/2018,,,3601725081,,C2,N,Non-Receipt of DMR/Schedule Report,05/29/2018,0,RE - Automated Administratively Resolved (DMR Non-Receipt Violations),05/29/2020,MK,A,MO AVG
NM0028762,3,3600771189,3637373509,001,3600771189,Q,1,3662550656,,3664325815,3634873657,8,,,EFF,"Effluent Limit Violations,Not Otherwise Specified",D80,"DMR, Monitor Only - Overdue",01106,"Aluminum, dissolved [as Al]",19,mg/L,03/31/2018,3,,,,04/27/2018,,,3601725081,,C2,N,Non-Receipt of DMR/Schedule Report,05/29/2018,0,RE - Automated Administratively Resolved (DMR Non-Receipt Violations),05/29/2020,MK,A,MO AVG
NM0028762,3,3600771189,3637373509,001,3600771189,Q,1,3662550656,,3664325815,3634873657,8,,,NODMR,Failure To Submit DMR,D80,"DMR, Monitor Only - Overdue",01106,"Aluminum, dissolved [as Al]",19,mg/L,03/31/2018,3,,,,04/27/2018,,,3601725081,,C2,N,Non-Receipt of DMR/Schedule Report,05/29/2018,0,RE - Automated Administratively Resolved (DMR Non-Receipt Violations),05/29/2020,MK,A,MO AVG
NM0020583,1,20044319,21433538,001,20044319,A,1,58087108,810,43875383,27617421,,,.5,,,E90,"DMR, Limited - Numeric Violation",01105,"Aluminum, total [as Al]",19,mg/L,02/29/2004,1,62,,,03/18/2004,3,,20210288,.81,C2,T,TRC Limitations Exceeded,02/29/2004,2,RE - Back into Compliance,07/31/2004,3C,A,30DA AVG
NM0020583,1,20044319,21433334,001,20044319,A,1,58085809,46.33,43874199,27617161,,,45,,,E90,"DMR, Limited - Numeric Violation",00310,"BOD, 5-day, 20 deg. C",19,mg/L,12/31/2001,1,3,,,01/24/2002,9,,20210285,46.33,C3,,,,,,,7A,N,7 DA AVG
NM0020583,1,20044319,21433440,001,20044319,A,1,58085875,1844.12,43874825,27617175,,,658.754,,,E90,"DMR, Limited - Numeric Violation",00310,"BOD, 5-day, 20 deg. C",01,kg/d,02/28/2003,1,27,,,03/17/2003,2,,20210285,837.23048,Q1,,,,,,,3C,A,30DA AVG
NM0020583,1,20044319,600709497,001,20044319,A,1,58088808,1.96,43873158,27617761,,,200,,,D90,"DMR, Limited - Overdue",74055,"Coliform, fecal general",30,MPN/100mL,12/31/1999,1,,,,06/23/2000,99,,20210294,1.96,C2,K,"Non-receipt Violation, Non-Monthly Average",02/14/2000,2,RE - Back into Compliance,06/23/2000,3H,A,30DAVGEO
NM0020583,4,3600830134,3620405861,001,3600830134,A,1,3628321826,3022,3638992821,3622088252,,,1136.81599045,,,E90,"DMR, Limited - Numeric Violation",00310,"BOD, 5-day, 20 deg. C",01,kg/d,04/30/2017,1,21,=,26,05/11/2017,,,3601680586,1371.98798847,Q2,,,,,,,7A,N,7 DA AVG
NM0020583,1,20044319,600695264,001,20044319,A,1,58086855,23.71,43873130,27617371,,,,,,D80,"DMR, Monitor Only - Overdue",01105,"Aluminum, total [as Al]",01,kg/d,12/31/1999,1,,,,06/23/2000,99,,20210289,10.76434,Q1,N,Non-Receipt of DMR/Schedule Report,02/14/2000,2,RE - Back into Compliance,06/23/2000,3C,A,30DA AVG
NM0000116,3,2200037726,2602625013,TX4,2200037726,Y,1,2205473195,,3607901490,3604420910,C,,,,,D80,"DMR, Monitor Only - Overdue",TEM3D,Low Flow Pass/Fail Static Renewal 48Hr Acute Daphnia pulex,9A,pass=0;fail=1,11/30/2011,12,,=,,05/13/2015,1231,,2200113540,,C1,,,,,,,4E,,48HR MIN
NM0020583,1,20044319,21433283,001,20044319,A,1,58085693,32.08,43873163,27617138,,,30,,,E90,"DMR, Limited - Numeric Violation",00310,"BOD, 5-day, 20 deg. C",19,mg/L,01/31/2000,1,7,,,02/17/2000,2,,20210285,32.08,C2,,,,,,,3C,A,30DA AVG
NM0020583,1,20044319,600702107,001,20044319,A,0,58088205,19471.68,43874765,27617641,,,,,,D80,"DMR, Monitor Only - Overdue",70295,"Solids, total dissolved",01,kg/d,12/31/2002,1,,,,03/04/2003,48,,20210292,8840.14272,Q1,N,Non-Receipt of DMR/Schedule Report,02/14/2003,2,RE - Back into Compliance,03/04/2003,3C,A,30DA AVG
NM0028762,1,20044410,1800971625,001,20044410,A,1,1000774288,.54,2606218246,2603372673,,,.75,,,D90,"DMR, Limited - Overdue",01105,"Aluminum, total [as Al]",19,mg/L,09/30/2009,1,,=,,09/23/2011,695,,600097487,.54,C3,K,"Non-receipt Violation, Non-Monthly Average",11/28/2009,2,RE - Back into Compliance,09/23/2011,DD,N,DAILY MX
NM0020583,3,2200016809,3601660206,001,2200016809,A,2,2203563800,450,3608547588,3604772674,,,400,,,E90,"DMR, Limited - Numeric Violation",70295,"Solids, total dissolved",19,mg/L,05/31/2015,1,13,=,19,06/12/2015,,,2200047762,450,C2,C,Chronic Violation,05/31/2015,2,RE - Back into Compliance,09/30/2016,3C,A,30DA AVG
NM0020583,3,2200016809,3601383169,001,2200016809,A,1,2203565344,37826,3607633717,3604282325,,,31900000000,,,E90,"DMR, Limited - Numeric Violation",51040,E. coli,9Y,CFU/d,04/30/2015,1,19,=,9Z,05/13/2015,,,2200047763,37826000000,Q2,,,,,,,DD,N,DAILY MX
NM0028762,1,20044410,1400421691,001,20044410,A,1,606948291,.39,1403076425,1401738339,,,,,,D80,"DMR, Monitor Only - Overdue",50050,"Flow, in conduit or thru treatment plant",03,MGD,07/31/2008,1,,=,,04/23/2009,177,,600097481,.39,Q2,K,"Non-receipt Violation, Non-Monthly Average",11/28/2008,2,RE - Back into Compliance,04/23/2009,DD,N,DAILY MX
NM0020583,4,3600830134,3635750501,001,3600830134,A,1,3664421405,9396,3655419288,3631106405,,,1136.81599045,NOPRMT,"Discharge, Emission Or Activity WO Required Permit",E90,"DMR, Limited - Numeric Violation",00530,"Solids, total suspended",01,kg/d,02/28/2018,1,275,=,26,03/14/2018,,,3601680589,4265.78396416,Q2,,,,,,,7A,N,7 DA AVG
NM0020583,4,3600830134,3635750501,001,3600830134,A,1,3664421405,9396,3655419288,3631106405,,,1136.81599045,SSO,Sanitary Sewer Overflows,E90,"DMR, Limited - Numeric Violation",00530,"Solids, total suspended",01,kg/d,02/28/2018,1,275,=,26,03/14/2018,,,3601680589,4265.78396416,Q2,,,,,,,7A,N,7 DA AVG
NM0020583,0,3602878711,3689070791,TX1,3602878711,Q,1,3920662113,0,3867142016,3744889884,,,,,,D80,"DMR, Monitor Only - Overdue",TEM3D,Low Flow Pass/Fail Static Renewal 48Hr Acute Daphnia pulex,9A,pass=0;fail=1,02/28/2026,3,,=,9A,06/15/2026,92,,3606351401,0,C3,K,"Non-receipt Violation, Non-Monthly Average",04/15/2026,2,RE - Back into Compliance,06/15/2026,VA,N,VALUE
NM0028762,2,1800023151,2200094463,001,1800023151,A,1,1805556000,11.9,1806927077,1803910603,,,,,,D80,"DMR, Monitor Only - Overdue",00530,"Solids, total suspended",01,kg/d,04/30/2010,1,,=,,10/25/2010,89,,1800044065,5.40259995,Q2,K,"Non-receipt Violation, Non-Monthly Average",08/28/2010,2,RE - Back into Compliance,10/25/2010,DD,N,DAILY MX
NM0028762,1,20044410,2601150438,001,20044410,A,1,606948496,.65,2602599239,2601443996,,,.5,,,E90,"DMR, Limited - Numeric Violation",01105,"Aluminum, total [as Al]",19,mg/L,08/31/2007,1,30,=,,09/08/2008,316,,600097487,.65,C2,,,,,,,MK,A,MO AVG
NM0028762,1,20044410,2601150415,001,20044410,A,1,606948485,2.77,2602597579,2601443049,,,.75,,,E90,"DMR, Limited - Numeric Violation",01105,"Aluminum, total [as Al]",19,mg/L,02/28/2007,1,269,=,,09/08/2008,499,,600097487,2.77,C3,,,,,,,DD,N,DAILY MX
NM0020583,3,2200016809,3603243089,001,2200016809,A,2,3600450850,452,3618253096,3610258962,,,400,,,E90,"DMR, Limited - Numeric Violation",70295,"Solids, total dissolved",19,mg/L,01/31/2016,1,13,=,19,02/12/2016,,,2200047762,452,C2,C,Chronic Violation,01/31/2016,2,RE - Back into Compliance,09/30/2016,3C,A,30DA AVG
NM0020583,4,3600830134,3618421623,001,3600830134,A,1,3628321603,108,3637349603,3621138734,,,45,,,E90,"DMR, Limited - Numeric Violation",00530,"Solids, total suspended",19,mg/L,03/31/2017,1,140,=,19,04/13/2017,,,3601680589,108,C3,,,,,,,7A,N,7 DA AVG
NM0028762,2,1800023151,3638729261,001,1800023151,A,1,3600454270,.246,3629483256,3616573930,,,,,,D80,"DMR, Monitor Only - Overdue",50050,"Flow, in conduit or thru treatment plant",03,MGD,07/31/2016,1,,=,03,10/11/2018,713,,1800044068,.246,Q2,K,"Non-receipt Violation, Non-Monthly Average",11/28/2016,2,RE - Back into Compliance,10/11/2018,DD,N,DAILY MX
NM0028762,3,3600771189,3641250683,001,3600771189,A,1,3655093016,34,3688119103,3647586096,,,.019,EFF,"Effluent Limit Violations,Not Otherwise Specified",E90,"DMR, Limited - Numeric Violation",50060,"Chlorine, total residual",19,mg/L,03/31/2019,1,79,=,28,04/18/2019,,,3601482269,.034,C3,,,,,,,DD,N,DAILY MX
NM0028762,3,3600771189,3641250683,001,3600771189,A,1,3655093016,34,3688119103,3647586096,,,.019,EFF,"Effluent Limit Violations,Not Otherwise Specified",E90,"DMR, Limited - Numeric Violation",50060,"Chlorine, total residual",19,mg/L,03/31/2019,1,79,=,28,04/18/2019,,,3601482269,.034,C3,,,,,,,DD,N,DAILY MX
NM0028762,3,3600771189,3641250683,001,3600771189,A,1,3655093016,34,3688119103,3647586096,,,.019,NODMR,Failure To Submit DMR,E90,"DMR, Limited - Numeric Violation",50060,"Chlorine, total residual",19,mg/L,03/31/2019,1,79,=,28,04/18/2019,,,3601482269,.034,C3,,,,,,,DD,N,DAILY MX
NM0028762,3,3600771189,3641250683,001,3600771189,A,1,3655093016,34,3688119103,3647586096,,,.019,EFF,"Effluent Limit Violations,Not Otherwise Specified",E90,"DMR, Limited - Numeric Violation",50060,"Chlorine, total residual",19,mg/L,03/31/2019,1,79,=,28,04/18/2019,,,3601482269,.034,C3,,,,,,,DD,N,DAILY MX
NM0028762,3,3600771189,3641250683,001,3600771189,A,1,3655093016,34,3688119103,3647586096,,,.019,NODMR,Failure To Submit DMR,E90,"DMR, Limited - Numeric Violation",50060,"Chlorine, total residual",19,mg/L,03/31/2019,1,79,=,28,04/18/2019,,,3601482269,.034,C3,,,,,,,DD,N,DAILY MX
NM0020583,3,2200016809,3404617507,001,2200016809,A,1,2203204775,190,3420433432,3411630157,,,126,EFF,"Effluent Limit Violations,Not Otherwise Specified",E90,"DMR, Limited - Numeric Violation",51040,E. coli,30,MPN/100mL,04/30/2014,1,51,=,3Z,05/13/2014,,,2200047763,190,C3,,,,,,,DD,N,DAILY MX
NM0028762,1,20044410,1400425967,001,20044410,A,1,606948521,.5,2603209465,2601767274,,,.75,,,D90,"DMR, Limited - Overdue",01105,"Aluminum, total [as Al]",19,mg/L,08/31/2008,1,,=,,06/27/2011,972,,600097487,.5,C3,K,"Non-receipt Violation, Non-Monthly Average",11/28/2008,2,RE - Back into Compliance,06/27/2011,DD,N,DAILY MX
NM0028762,1,20044410,1400424825,001,20044410,A,1,606948522,.74,1403076853,1401738590,,,.5,,,D90,"DMR, Limited - Overdue",01105,"Aluminum, total [as Al]",19,mg/L,09/30/2008,1,48,=,,04/23/2009,177,,600097487,.74,C2,N,Non-Receipt of DMR/Schedule Report,11/28/2008,2,RE - Back into Compliance,04/23/2009,MK,A,MO AVG
NM0028762,1,20044410,1401067202,001,20044410,A,1,606948522,.74,1403076853,1401738590,,,.5,,,E90,"DMR, Limited - Numeric Violation",01105,"Aluminum, total [as Al]",19,mg/L,09/30/2008,1,48,=,,04/23/2009,177,,600097487,.74,C2,T,TRC Limitations Exceeded,02/28/2009,2,RE - Back into Compliance,05/31/2009,MK,A,MO AVG
NM0020583,4,3600830134,3644246094,001,3600830134,A,1,3664422041,435,3702082556,3655166915,,,235,,,E90,"DMR, Limited - Numeric Violation",51040,E. coli,30,MPN/100mL,11/30/2019,1,85,=,3Z,12/12/2019,,,3601680592,435,C3,,,,,,,DD,N,DAILY MX
NM0020583,3,2200016809,2601152049,001,2200016809,A,2,2203563656,407,2602655527,2601473903,,,400,EFF,"Effluent Limit Violations,Not Otherwise Specified",E90,"DMR, Limited - Numeric Violation",70295,"Solids, total dissolved",19,mg/L,05/31/2011,1,2,=,19,06/15/2011,,,2200047762,407,C2,C,Chronic Violation,05/31/2011,2,RE - Back into Compliance,08/31/2011,3C,A,30DA AVG
NM0020583,3,2200016809,2601152049,001,2200016809,A,2,2203563656,407,2602655527,2601473903,,,400,PRMTVL,Violation Of A Permit Requirement,E90,"DMR, Limited - Numeric Violation",70295,"Solids, total dissolved",19,mg/L,05/31/2011,1,2,=,19,06/15/2011,,,2200047762,407,C2,C,Chronic Violation,05/31/2011,2,RE - Back into Compliance,08/31/2011,3C,A,30DA AVG
NM0020583,3,2200016809,3602903776,001,2200016809,A,2,3600450493,456,3615601051,3608726705,,,400,,,E90,"DMR, Limited - Numeric Violation",70295,"Solids, total dissolved",19,mg/L,11/30/2015,1,14,=,19,12/14/2015,,,2200047762,456,C2,C,Chronic Violation,11/30/2015,2,RE - Back into Compliance,09/30/2016,3C,A,30DA AVG
NM0020583,3,2200016809,3401887786,001,2200016809,A,2,2203563728,429,3408344445,3404885475,,,400,EFF,"Effluent Limit Violations,Not Otherwise Specified",E90,"DMR, Limited - Numeric Violation",70295,"Solids, total dissolved",19,mg/L,05/31/2013,1,7,=,19,06/14/2013,,,2200047762,429,C2,C,Chronic Violation,05/31/2013,5,RE - Resolved RP by NPDES Closure of Enf. Action Final Order with Comp. Schedule,05/02/2023,3C,A,30DA AVG
NM0020583,4,3600830134,3617817920,001,3600830134,A,1,3628321368,87,3635860299,3620220554,,,30,,,E90,"DMR, Limited - Numeric Violation",00530,"Solids, total suspended",19,mg/L,02/28/2017,1,190,=,19,03/14/2017,,,3601680589,87,C2,T,TRC Limitations Exceeded,03/31/2017,2,RE - Back into Compliance,07/31/2017,3C,A,30DA AVG
NM0028762,3,3600771189,3630048035,001,3600771189,Q,1,3662550633,,3629536002,3616604518,8,,,,,D80,"DMR, Monitor Only - Overdue",01106,"Aluminum, dissolved [as Al]",19,mg/L,09/30/2016,3,,,,09/28/2017,335,,3601725081,,C3,K,"Non-receipt Violation, Non-Monthly Average",11/28/2016,0,RE - Automated Administratively Resolved (DMR Non-Receipt Violations),11/28/2018,DD,N,DAILY MX
NM0028762,1,20044410,1400420595,001,20044410,A,1,606948520,.5,2603209464,2601767274,,,.5,,,D90,"DMR, Limited - Overdue",01105,"Aluminum, total [as Al]",19,mg/L,08/31/2008,1,,=,,06/27/2011,972,,600097487,.5,C2,N,Non-Receipt of DMR/Schedule Report,11/28/2008,2,RE - Back into Compliance,06/27/2011,MK,A,MO AVG
NM0020583,4,3600830134,3632503398,001,3600830134,A,1,3628324234,2420,3651736008,3629043560,,,235,NOPRMT,"Discharge, Emission Or Activity WO Required Permit",E90,"DMR, Limited - Numeric Violation",51040,E. coli,30,MPN/100mL,12/31/2017,1,99999,>,3Z,01/12/2018,,,3601680592,2420,C3,,,,,,,DD,N,DAILY MX
NM0020583,4,3600830134,3632503398,001,3600830134,A,1,3628324234,2420,3651736008,3629043560,,,235,SSO,Sanitary Sewer Overflows,E90,"DMR, Limited - Numeric Violation",51040,E. coli,30,MPN/100mL,12/31/2017,1,99999,>,3Z,01/12/2018,,,3601680592,2420,C3,,,,,,,DD,N,DAILY MX
NM0020583,1,20044319,600695261,001,20044319,A,1,58086858,655.5,43873133,27617371,,,,,,D80,"DMR, Monitor Only - Overdue",01105,"Aluminum, total [as Al]",19,mg/L,12/31/1999,1,,,,06/23/2000,99,,20210289,.6555,C2,N,Non-Receipt of DMR/Schedule Report,02/14/2000,2,RE - Back into Compliance,06/23/2000,3C,A,30DA AVG
NM0020583,1,20044319,21433478,001,20044319,A,1,58085888,41.56,43874918,27617177,,,30,,,E90,"DMR, Limited - Numeric Violation",00310,"BOD, 5-day, 20 deg. C",19,mg/L,04/30/2003,1,39,,,05/19/2003,4,,20210285,41.56,C2,V,Other Violation with TRC,04/30/2003,2,RE - Back into Compliance,08/31/2003,3C,A,30DA AVG
NM0020583,1,20044319,600702103,001,20044319,A,0,58088173,413.63,43874453,27617634,,,,,,D80,"DMR, Monitor Only - Overdue",70295,"Solids, total dissolved",19,mg/L,05/31/2002,1,,,,07/18/2002,33,,20210292,413.63,C2,N,Non-Receipt of DMR/Schedule Report,07/15/2002,2,RE - Back into Compliance,07/18/2002,3C,A,30DA AVG
NM0028762,3,3600771189,3661982913,001,3600771189,A,1,3854808091,22,3750280620,3680149689,,,.019,EFF,"Effluent Limit Violations,Not Otherwise Specified",E90,"DMR, Limited - Numeric Violation",50060,"Chlorine, total residual",19,mg/L,09/30/2021,1,16,=,28,10/19/2021,,,3601482269,.022,C3,,,,,,,DD,N,DAILY MX
NM0028762,3,3600771189,3661982913,001,3600771189,A,1,3854808091,22,3750280620,3680149689,,,.019,NODMR,Failure To Submit DMR,E90,"DMR, Limited - Numeric Violation",50060,"Chlorine, total residual",19,mg/L,09/30/2021,1,16,=,28,10/19/2021,,,3601482269,.022,C3,,,,,,,DD,N,DAILY MX
NM0000116,2,20044286,2200766379,001,20044286,A,1,57975584,,2602330282,2601309552,C,,,,,D80,"DMR, Monitor Only - Overdue",01062,"Molybdenum, total [as Mo]",19,mg/L,07/31/2010,1,,=,,05/27/2011,211,,20209078,,C3,K,"Non-receipt Violation, Non-Monthly Average",11/28/2010,2,RE - Back into Compliance,05/27/2011,DD,N,DAILY MX
NM0020583,0,3602878711,3683354972,001,3602878711,A,1,3920642887,7,3848301381,3734262687,,,30,,,E90,"DMR, Limited - Numeric Violation",00310,"BOD, 5-day, 20 deg. C",19,mg/L,06/30/2025,1,99999,>,19,07/08/2025,,,3606239979,7,C2,T,TRC Limitations Exceeded,07/31/2025,2,RE - Back into Compliance,10/31/2025,3C,A,30DA AVG
NM0020583,3,2200016809,3404433833,001,2200016809,A,2,2203563758,495,3419033831,3410832368,,,400,EFF,"Effluent Limit Violations,Not Otherwise Specified",E90,"DMR, Limited - Numeric Violation",70295,"Solids, total dissolved",19,mg/L,03/31/2014,1,24,=,19,04/14/2014,,,2200047762,495,C2,C,Chronic Violation,03/31/2014,5,RE - Resolved RP by NPDES Closure of Enf. Action Final Order with Comp. Schedule,05/02/2023,3C,A,30DA AVG
NM0028762,1,20044410,1400023610,001,20044410,Q,1,606948589,,2602600592,2601444802,X,,,,,D80,"DMR, Monitor Only - Overdue",70295,"Solids, total dissolved",01,kg/d,06/30/2008,3,,,,07/25/2008,,,600097489,,Q1,N,Non-Receipt of DMR/Schedule Report,08/28/2008,0,RE - Automated Administratively Resolved (DMR Non-Receipt Violations),09/30/2011,MK,A,MO AVG
NM0000116,3,2200037726,3400491568,TX4,2200037726,Y,1,2205473209,,3607901374,3604420846,C,,,,,D80,"DMR, Monitor Only - Overdue",TQM3D,Coef Of Var Static Renewal 48Hr Acute D. pulex,23,%,11/30/2012,12,,=,,05/13/2015,865,,2200113542,,C1,,,,,,,4E,,48HR MIN
NM0000116,2,20044286,2200766573,001,20044286,A,1,57977164,,2602330273,2601309544,C,,,,,D80,"DMR, Monitor Only - Overdue",71900,"Mercury, total [as Hg]",19,mg/L,08/31/2010,1,,=,,05/27/2011,211,,20209083,,C3,K,"Non-receipt Violation, Non-Monthly Average",11/28/2010,2,RE - Back into Compliance,05/27/2011,DD,N,DAILY MX
NM0020583,0,3602878711,3683686793,001,3602878711,A,1,3920642921,366,3851430867,3736161216,,,757.72599363,,,E90,"DMR, Limited - Numeric Violation",00310,"BOD, 5-day, 20 deg. C",01,kg/d,07/31/2025,1,99999,>,26,08/18/2025,3,,3606239979,166.1639986,Q1,T,TRC Limitations Exceeded,07/31/2025,2,RE - Back into Compliance,10/31/2025,3C,A,30DA AVG
NM0020583,4,3600830134,3639039133,001,3600830134,A,1,3664421640,6.5,3678702584,3642238819,,,6.6,NOPRMT,"Discharge, Emission Or Activity WO Required Permit",E90,"DMR, Limited - Numeric Violation",00400,pH,12,SU,10/31/2018,1,,=,12,11/14/2018,,,3601680590,6.5,C1,,,,,,,ME,,MINIMUM
NM0020583,4,3600830134,3639039133,001,3600830134,A,1,3664421640,6.5,3678702584,3642238819,,,6.6,SSO,Sanitary Sewer Overflows,E90,"DMR, Limited - Numeric Violation",00400,pH,12,SU,10/31/2018,1,,=,12,11/14/2018,,,3601680590,6.5,C1,,,,,,,ME,,MINIMUM
NM0020583,3,2200016809,3400631828,001,2200016809,A,2,2203563716,408,3403068670,3401716686,,,400,EFF,"Effluent Limit Violations,Not Otherwise Specified",E90,"DMR, Limited - Numeric Violation",70295,"Solids, total dissolved",19,mg/L,01/31/2013,1,2,=,19,02/14/2013,,,2200047762,408,C2,C,Chronic Violation,01/31/2013,5,RE - Resolved RP by NPDES Closure of Enf. Action Final Order with Comp. Schedule,05/02/2023,3C,A,30DA AVG
NM0020583,3,2200016809,3400120263,001,2200016809,A,2,2203563710,421,3400749673,3400472701,,,400,PRMTVL,Violation Of A Permit Requirement,E90,"DMR, Limited - Numeric Violation",70295,"Solids, total dissolved",19,mg/L,11/30/2012,1,5,=,19,12/12/2012,,,2200047762,421,C2,C,Chronic Violation,01/31/2013,5,RE - Resolved RP by NPDES Closure of Enf. Action Final Order with Comp. Schedule,08/08/2018,3C,A,30DA AVG
NM0020583,1,20044319,21433518,001,20044319,A,1,58086713,35,43875333,27617342,,,30,,,E90,"DMR, Limited - Numeric Violation",00530,"Solids, total suspended",19,mg/L,01/31/2004,1,17,,,02/18/2004,3,,20210287,35,C2,,,,,,,3C,A,30DA AVG
NM0028762,3,3600771189,3634099550,001,3600771189,Q,1,3662550654,,3652212920,3629316703,8,,,EFF,"Effluent Limit Violations,Not Otherwise Specified",D80,"DMR, Monitor Only - Overdue",01106,"Aluminum, dissolved [as Al]",01,kg/d,12/31/2017,3,,,,01/22/2018,,,3601725081,,Q1,N,Non-Receipt of DMR/Schedule Report,02/28/2018,9,RE - Manual by Back into Compliance/Administratively Resolved,02/28/2018,MK,A,MO AVG
NM0028762,3,3600771189,3634099550,001,3600771189,Q,1,3662550654,,3652212920,3629316703,8,,,EFF,"Effluent Limit Violations,Not Otherwise Specified",D80,"DMR, Monitor Only - Overdue",01106,"Aluminum, dissolved [as Al]",01,kg/d,12/31/2017,3,,,,01/22/2018,,,3601725081,,Q1,N,Non-Receipt of DMR/Schedule Report,02/28/2018,9,RE - Manual by Back into Compliance/Administratively Resolved,02/28/2018,MK,A,MO AVG
NM0028762,3,3600771189,3634099550,001,3600771189,Q,1,3662550654,,3652212920,3629316703,8,,,NODMR,Failure To Submit DMR,D80,"DMR, Monitor Only - Overdue",01106,"Aluminum, dissolved [as Al]",01,kg/d,12/31/2017,3,,,,01/22/2018,,,3601725081,,Q1,N,Non-Receipt of DMR/Schedule Report,02/28/2018,9,RE - Manual by Back into Compliance/Administratively Resolved,02/28/2018,MK,A,MO AVG
NM0020583,1,20044319,600702367,TX1,20044319,S,1,58091447,2.7,43877422,27618289,,,2,,,D90,"DMR, Limited - Overdue",22414,Whole effluent toxicity,23,%,06/30/2003,6,,,,09/12/2003,59,,20210367,2.7,C1,,,,,,,4E,,48HR MIN
NM0020583,1,20044319,600701875,001,20044319,A,1,58087245,4.3,43873135,27617449,,,,,,D80,"DMR, Monitor Only - Overdue",50050,"Flow, in conduit or thru treatment plant",03,MGD,12/31/1999,1,,,,06/23/2000,99,,20210290,4.3,Q1,N,Non-Receipt of DMR/Schedule Report,02/14/2000,2,RE - Back into Compliance,06/23/2000,3C,A,30DA AVG
NM0028762,3,3600771189,3630048038,001,3600771189,Q,1,3655438953,326,3629483585,3616574227,,,,,,D80,"DMR, Monitor Only - Overdue",70295,"Solids, total dissolved",19,mg/L,09/30/2016,3,,=,19,09/28/2017,335,,3601482265,326,C2,N,Non-Receipt of DMR/Schedule Report,11/28/2016,2,RE - Back into Compliance,09/28/2017,MK,A,MO AVG
NM0028762,3,3600771189,3638338022,001,3600771189,Q,1,3662550663,,3670924845,3638125078,8,,,EFF,"Effluent Limit Violations,Not Otherwise Specified",D80,"DMR, Monitor Only - Overdue",01106,"Aluminum, dissolved [as Al]",01,kg/d,06/30/2018,3,,,,07/16/2018,,,3601725081,,Q2,K,"Non-receipt Violation, Non-Monthly Average",08/28/2018,0,RE - Automated Administratively Resolved (DMR Non-Receipt Violations),08/28/2020,DD,N,DAILY MX
NM0028762,3,3600771189,3638338022,001,3600771189,Q,1,3662550663,,3670924845,3638125078,8,,,EFF,"Effluent Limit Violations,Not Otherwise Specified",D80,"DMR, Monitor Only - Overdue",01106,"Aluminum, dissolved [as Al]",01,kg/d,06/30/2018,3,,,,07/16/2018,,,3601725081,,Q2,K,"Non-receipt Violation, Non-Monthly Average",08/28/2018,0,RE - Automated Administratively Resolved (DMR Non-Receipt Violations),08/28/2020,DD,N,DAILY MX
NM0028762,3,3600771189,3638338022,001,3600771189,Q,1,3662550663,,3670924845,3638125078,8,,,NODMR,Failure To Submit DMR,D80,"DMR, Monitor Only - Overdue",01106,"Aluminum, dissolved [as Al]",01,kg/d,06/30/2018,3,,,,07/16/2018,,,3601725081,,Q2,K,"Non-receipt Violation, Non-Monthly Average",08/28/2018,0,RE - Automated Administratively Resolved (DMR Non-Receipt Violations),08/28/2020,DD,N,DAILY MX
NM0028762,3,3600771189,3638338022,001,3600771189,Q,1,3662550663,,3670924845,3638125078,8,,,EFF,"Effluent Limit Violations,Not Otherwise Specified",D80,"DMR, Monitor Only - Overdue",01106,"Aluminum, dissolved [as Al]",01,kg/d,06/30/2018,3,,,,07/16/2018,,,3601725081,,Q2,K,"Non-receipt Violation, Non-Monthly Average",08/28/2018,0,RE - Automated Administratively Resolved (DMR Non-Receipt Violations),08/28/2020,DD,N,DAILY MX
NM0028762,3,3600771189,3638338022,001,3600771189,Q,1,3662550663,,3670924845,3638125078,8,,,NODMR,Failure To Submit DMR,D80,"DMR, Monitor Only - Overdue",01106,"Aluminum, dissolved [as Al]",01,kg/d,06/30/2018,3,,,,07/16/2018,,,3601725081,,Q2,K,"Non-receipt Violation, Non-Monthly Average",08/28/2018,0,RE - Automated Administratively Resolved (DMR Non-Receipt Violations),08/28/2020,DD,N,DAILY MX
NM0000116,3,2200037726,3600285139,004,2200037726,A,1,,,,,,,50,,,D90,"DMR, Limited - Overdue",00530,"Solids, total suspended",19,mg/L,09/30/2014,1,,,,,,,2200113552,,C3,K,"Non-receipt Violation, Non-Monthly Average",11/28/2014,B,RE - Manual by EPA/State/Tribal Action,12/31/2016,DD,N,DAILY MX
NM0020583,1,20044319,600706303,TX1,20044319,S,1,58091513,0,43877428,27618302,,,,,,D80,"DMR, Monitor Only - Overdue",TLP3B,Low Flow Pass/Fail Survival Test Static Renewal 7 Day Chronic Ceriodaphnia dubia,9A,pass=0;fail=1,06/30/2003,6,,,,09/12/2003,59,,20210369,0,C2,,,,,,,MJ,,MO AV MN
NM0000116,3,2200037726,2602624994,TX4,2200037726,Y,1,2205473200,,3607901495,3604420912,C,,,,,D80,"DMR, Monitor Only - Overdue",TQM3D,Coef Of Var Static Renewal 48Hr Acute D. pulex,23,%,11/30/2011,12,,=,,05/13/2015,1231,,2200113542,,C2,,,,,,,MJ,,MO AV MN
NM0000116,3,2200037726,3400491573,TX4,2200037726,Y,1,2205473208,,3607901373,3604420845,C,,,,,D80,"DMR, Monitor Only - Overdue",TOM3D,NOAEC Lethal Statis Renewal 48 Hr Acute Daphnia pulex,23,%,11/30/2012,12,,=,,05/13/2015,865,,2200113541,,C2,,,,,,,MJ,,MO AV MN
NM0020583,0,3602878711,3685685638,001,3602878711,Q,1,3920643928,,3860463827,3741058073,P,,,,,D80,"DMR, Monitor Only - Overdue",39330,Aldrin,19,mg/L,11/30/2025,3,,,,12/15/2025,,,3606350741,,C3,K,"Non-receipt Violation, Non-Monthly Average",01/15/2026,3,RP - Due to Formal Enforcement Action Final Order with Compliance Schedule,04/16/2026,7A,N,7 DA AVG
NM0020583,3,2200016809,3604565774,TX1,2200016809,Q,1,3651140141,32,3626637150,3614968187,,,,,,D80,"DMR, Monitor Only - Overdue",TOM6C,NOAEC Lethal Static Renewal 48Hr acute Pimephales promelas,23,%,06/30/2016,3,,=,23,08/25/2016,41,,2200047807,32,C1,,,,,,,4E,,48HR MIN
NM0028762,2,1800023151,1801441532,001,1800023151,A,1,1805555979,10,3002400006,1802070476,,,,,,D80,"DMR, Monitor Only - Overdue",00530,"Solids, total suspended",01,kg/d,12/31/2009,1,,=,,10/25/2010,269,,1800044065,4.53999996,Q1,N,Non-Receipt of DMR/Schedule Report,02/28/2010,2,RE - Back into Compliance,10/25/2010,MK,A,MO AVG
NM0020583,1,20044319,21433484,001,20044319,A,1,58086669,50.88,43874929,27617333,,,45,,,E90,"DMR, Limited - Numeric Violation",00530,"Solids, total suspended",19,mg/L,04/30/2003,1,13,,,05/19/2003,4,,20210287,50.88,C3,,,,,,,7A,N,7 DA AVG
NM0020583,2,20044318,601702452,001,20044318,A,1,58085529,460,602962509,601695516,,,200,,,E90,"DMR, Limited - Numeric Violation",74055,"Coliform, fecal general",30,MPN/100mL,10/31/2007,1,130,=,,11/15/2007,,,20210283,460,C3,,,,,,,DD,N,DAILY MX
NM0028762,1,20044410,2601150437,001,20044410,A,A,606948545,19.2,2602599065,2601443906,,,.019,,,E90,"DMR, Limited - Numeric Violation",50060,"Chlorine, total residual",19,mg/L,07/31/2007,1,1,=,,09/08/2008,316,,600097488,.0192,C3,,,,,,,IA,N,INST MAX
NM0028762,1,20044410,1400136162,001,20044410,A,A,606948555,33,1400070982,1400039686,,,.019,,,E90,"DMR, Limited - Numeric Violation",50060,"Chlorine, total residual",19,mg/L,05/31/2008,1,74,=,,07/25/2008,,,600097488,.033,C3,R,"TRC Limitations Exceeded, Non-Monthly Average",06/30/2008,2,RE - Back into Compliance,03/31/2009,IA,N,INST MAX
NM0000116,3,2200037726,2602625047,TX4,2200037726,Y,1,2205473197,,3607901492,3604420911,C,,,,,D80,"DMR, Monitor Only - Overdue",TOM3D,NOAEC Lethal Statis Renewal 48 Hr Acute Daphnia pulex,23,%,11/30/2011,12,,=,,05/13/2015,1231,,2200113541,,C1,,,,,,,4E,,48HR MIN
NM0028762,1,20044410,1800971613,001,20044410,A,1,1000774231,.47,2606218237,2603372668,,,.75,,,D90,"DMR, Limited - Overdue",01105,"Aluminum, total [as Al]",19,mg/L,08/31/2009,1,,=,,09/23/2011,695,,600097487,.47,C3,K,"Non-receipt Violation, Non-Monthly Average",11/28/2009,2,RE - Back into Compliance,09/23/2011,DD,N,DAILY MX
NM0020583,0,3602878711,3680539884,001,3602878711,A,1,3920643764,1.73,3837049229,3728228559,,,.55615,,,E90,"DMR, Limited - Numeric Violation",00720,"Cyanide, total [as CN]",01,kg/d,01/31/2025,1,41,=,26,02/18/2025,3,,3606350737,.78541999,Q2,,,,,,,DD,N,DAILY MX
NM0028762,2,1800023151,2601686032,001,1800023151,Q,1,1805556579,,2604219652,2602303629,X,,,,,D80,"DMR, Monitor Only - Overdue",70295,"Solids, total dissolved",01,kg/d,06/30/2011,3,,,,07/25/2011,,,1800044064,,Q2,K,"Non-receipt Violation, Non-Monthly Average",08/28/2011,0,RE - Automated Administratively Resolved (DMR Non-Receipt Violations),08/28/2013,DD,N,DAILY MX
NM0020583,2,20044318,601210680,001,20044318,A,A,58084744,.02,600456356,600257458,,,.019,,,E90,"DMR, Limited - Numeric Violation",50060,"Chlorine, total residual",19,mg/L,09/30/2006,1,5,=,,10/16/2006,1,,20210279,.02,C3,,,,,,,IA,N,INST MAX
NM0020583,3,2200016809,3604856933,001,2200016809,A,1,3600452258,1986,3627227114,3615295953,,,126,,,E90,"DMR, Limited - Numeric Violation",51040,E. coli,30,MPN/100mL,08/31/2016,1,1476,=,3Z,09/13/2016,,,2200047763,1986,C3,,,,,,,DD,N,DAILY MX
NM0000116,3,2200037726,2602624961,TX1,2200037726,Y,1,2205473156,,3607901434,3604420883,C,,,,,D80,"DMR, Monitor Only - Overdue",TEM3D,Low Flow Pass/Fail Static Renewal 48Hr Acute Daphnia pulex,9A,pass=0;fail=1,11/30/2011,12,,=,,05/13/2015,1231,,2200113522,,C2,,,,,,,MJ,,MO AV MN
NM0020583,1,20044319,600702105,001,20044319,A,0,58088028,531.4,43873148,27617605,,,,,,D80,"DMR, Monitor Only - Overdue",70295,"Solids, total dissolved",19,mg/L,12/31/1999,1,,,,06/23/2000,99,,20210292,531.4,C2,N,Non-Receipt of DMR/Schedule Report,02/14/2000,2,RE - Back into Compliance,06/23/2000,3C,A,30DA AVG
NM0020583,4,3600830134,3617817922,001,3600830134,A,1,3628321371,3193,3635860297,3620220554,,,757.72599363,,,E90,"DMR, Limited - Numeric Violation",00530,"Solids, total suspended",01,kg/d,02/28/2017,1,91,=,26,03/14/2017,,,3601680589,1449.62198782,Q1,T,TRC Limitations Exceeded,03/31/2017,2,RE - Back into Compliance,07/31/2017,3C,A,30DA AVG
NM0028762,1,20044410,1400734911,001,20044410,A,A,606948561,22,1401772420,1401006683,,,.019,,,E90,"DMR, Limited - Numeric Violation",50060,"Chlorine, total residual",19,mg/L,11/30/2008,1,16,=,,01/22/2009,,,600097488,.022,C3,U,Other Violation with TRC Non-Monthly Average,11/30/2008,2,RE - Back into Compliance,03/31/2009,IA,N,INST MAX
NM0000116,2,20044286,2200766364,001,20044286,A,1,57974639,,2602330279,2601309549,C,,,,,D80,"DMR, Monitor Only - Overdue",01027,"Cadmium, total [as Cd]",19,mg/L,07/31/2010,1,,=,,05/27/2011,211,,20209075,,C3,K,"Non-receipt Violation, Non-Monthly Average",11/28/2010,2,RE - Back into Compliance,05/27/2011,DD,N,DAILY MX
NM0028762,3,3600771189,3637373482,001,3600771189,Q,1,3662550659,,3664325814,3634873657,8,,,EFF,"Effluent Limit Violations,Not Otherwise Specified",D80,"DMR, Monitor Only - Overdue",01106,"Aluminum, dissolved [as Al]",01,kg/d,03/31/2018,3,,,,04/27/2018,,,3601725081,,Q2,K,"Non-receipt Violation, Non-Monthly Average",05/29/2018,0,RE - Automated Administratively Resolved (DMR Non-Receipt Violations),05/29/2020,DD,N,DAILY MX
NM0028762,3,3600771189,3637373482,001,3600771189,Q,1,3662550659,,3664325814,3634873657,8,,,EFF,"Effluent Limit Violations,Not Otherwise Specified",D80,"DMR, Monitor Only - Overdue",01106,"Aluminum, dissolved [as Al]",01,kg/d,03/31/2018,3,,,,04/27/2018,,,3601725081,,Q2,K,"Non-receipt Violation, Non-Monthly Average",05/29/2018,0,RE - Automated Administratively Resolved (DMR Non-Receipt Violations),05/29/2020,DD,N,DAILY MX
NM0028762,3,3600771189,3637373482,001,3600771189,Q,1,3662550659,,3664325814,3634873657,8,,,NODMR,Failure To Submit DMR,D80,"DMR, Monitor Only - Overdue",01106,"Aluminum, dissolved [as Al]",01,kg/d,03/31/2018,3,,,,04/27/2018,,,3601725081,,Q2,K,"Non-receipt Violation, Non-Monthly Average",05/29/2018,0,RE - Automated Administratively Resolved (DMR Non-Receipt Violations),05/29/2020,DD,N,DAILY MX
NM0028762,3,3600771189,3637373482,001,3600771189,Q,1,3662550659,,3664325814,3634873657,8,,,EFF,"Effluent Limit Violations,Not Otherwise Specified",D80,"DMR, Monitor Only - Overdue",01106,"Aluminum, dissolved [as Al]",01,kg/d,03/31/2018,3,,,,04/27/2018,,,3601725081,,Q2,K,"Non-receipt Violation, Non-Monthly Average",05/29/2018,0,RE - Automated Administratively Resolved (DMR Non-Receipt Violations),05/29/2020,DD,N,DAILY MX
NM0028762,3,3600771189,3637373482,001,3600771189,Q,1,3662550659,,3664325814,3634873657,8,,,NODMR,Failure To Submit DMR,D80,"DMR, Monitor Only - Overdue",01106,"Aluminum, dissolved [as Al]",01,kg/d,03/31/2018,3,,,,04/27/2018,,,3601725081,,Q2,K,"Non-receipt Violation, Non-Monthly Average",05/29/2018,0,RE - Automated Administratively Resolved (DMR Non-Receipt Violations),05/29/2020,DD,N,DAILY MX
NM0020583,1,20044319,21433508,001,20044319,A,1,58087098,576,43875293,27617419,,,.5,,,E90,"DMR, Limited - Numeric Violation",01105,"Aluminum, total [as Al]",19,mg/L,12/31/2003,1,15,,,01/21/2004,6,,20210288,.576,C2,V,Other Violation with TRC,02/29/2004,2,RE - Back into Compliance,07/31/2004,3C,A,30DA AVG
NM0020583,3,2200016809,3604565786,TX1,2200016809,Q,1,3651140146,0,3626637155,3614968189,,,,,,D80,"DMR, Monitor Only - Overdue",TQM6C,Coef Of Var Static Renewal 48Hr Acute Pimephales promelas,23,%,06/30/2016,3,,=,23,08/25/2016,41,,2200047804,0,C2,,,,,,,MJ,,MO AV MN
NM0020583,3,2200016809,3000288086,001,2200016809,A,2,2203563689,410,3001851485,3001007051,,,400,PRMTVL,Violation Of A Permit Requirement,E90,"DMR, Limited - Numeric Violation",70295,"Solids, total dissolved",19,mg/L,04/30/2012,1,3,=,19,05/10/2012,,,2200047762,410,C2,C,Chronic Violation,04/30/2012,2,RE - Back into Compliance,08/31/2012,3C,A,30DA AVG
NM0020583,1,20044319,600702365,TX1,20044319,S,1,58091448,2.7,43877423,27618289,,,2,,,D90,"DMR, Limited - Overdue",22414,Whole effluent toxicity,23,%,06/30/2003,6,,,,09/12/2003,59,,20210367,2.7,C2,,,,,,,MJ,,MO AV MN
NM0020583,3,2200016809,3605188035,001,2200016809,A,2,3600452724,420,3630136572,3616947141,,,400,,,E90,"DMR, Limited - Numeric Violation",70295,"Solids, total dissolved",19,mg/L,10/31/2016,1,5,=,19,11/11/2016,,,2200047762,420,C2,,,,,,,3C,A,30DA AVG
NM0028762,1,20044410,2601150416,001,20044410,A,1,606948486,.82,2602597758,2601443154,,,.5,,,E90,"DMR, Limited - Numeric Violation",01105,"Aluminum, total [as Al]",19,mg/L,03/31/2007,1,64,=,,04/20/2007,499,,600097487,.82,C2,,,,,,,MK,A,MO AVG
NM0020583,1,20044319,21433494,001,20044319,A,1,58089009,411.72,43874959,27617801,,,400,,,E90,"DMR, Limited - Numeric Violation",74055,"Coliform, fecal general",30,MPN/100mL,04/30/2003,1,3,,,05/19/2003,4,,20210294,411.72,C3,,,,,,,7I,N,7DAV GEO
NM0028762,3,3600771189,3630256338,001,3600771189,A,1,3600454379,7.88,3629483574,3616574223,,,6.6,,,D90,"DMR, Limited - Overdue",00400,pH,12,SU,09/30/2016,1,,=,12,10/17/2017,354,,3601482268,7.88,C1,,,,,,,ME,,MINIMUM
NM0020583,1,20044319,600701874,001,20044319,A,1,58087425,4.88,43874755,27617485,,,,,,D80,"DMR, Monitor Only - Overdue",50050,"Flow, in conduit or thru treatment plant",03,MGD,12/31/2002,1,,,,03/04/2003,48,,20210290,4.88,Q1,N,Non-Receipt of DMR/Schedule Report,02/14/2003,2,RE - Back into Compliance,03/04/2003,3C,A,30DA AVG
NM0020583,0,3602878711,3680539881,001,3602878711,A,1,3920643761,59,3837049230,3728228559,,,.01467,,,E90,"DMR, Limited - Numeric Violation",00720,"Cyanide, total [as CN]",19,mg/L,01/31/2025,1,302,=,28,02/18/2025,3,,3606350737,.059,C2,T,TRC Limitations Exceeded,01/31/2025,6,RE - Manual Resolution by Enforcement Action,01/31/2025,3C,A,30DA AVG
NM0020583,0,3602878711,3685685652,001,3602878711,Q,1,3920643948,,3860463821,3741058068,P,,,,,D80,"DMR, Monitor Only - Overdue",39350,Chlordane [tech mix. and metabolites],19,mg/L,11/30/2025,3,,,,12/15/2025,,,3606350742,,C3,K,"Non-receipt Violation, Non-Monthly Average",01/15/2026,3,RP - Due to Formal Enforcement Action Final Order with Compliance Schedule,04/16/2026,7A,N,7 DA AVG
NM0000116,3,2200037726,3600828610,004,2200037726,A,1,,,,,,,,,,D80,"DMR, Monitor Only - Overdue",50050,"Flow, in conduit or thru treatment plant",03,MGD,10/31/2014,1,,,,,,,2200113553,,Q2,K,"Non-receipt Violation, Non-Monthly Average",02/28/2015,B,RE - Manual by EPA/State/Tribal Action,12/31/2016,DD,N,DAILY MX
NM0000116,3,2200037726,2602759668,001,2200037726,A,1,,,,,,,.000011,,,D90,"DMR, Limited - Overdue",01042,"Copper, total [as Cu]",19,mg/L,10/31/2011,1,,,,,,,2200113511,,C3,K,"Non-receipt Violation, Non-Monthly Average",02/28/2012,0,RE - Automated Administratively Resolved (DMR Non-Receipt Violations),02/28/2014,DD,N,DAILY MX
NM0000116,3,2200037726,3600285075,004,2200037726,A,1,,,,,,,,,,D80,"DMR, Monitor Only - Overdue",50050,"Flow, in conduit or thru treatment plant",03,MGD,08/31/2014,1,,,,,,,2200113553,,Q2,K,"Non-receipt Violation, Non-Monthly Average",11/28/2014,B,RE - Manual by EPA/State/Tribal Action,12/31/2016,DD,N,DAILY MX
NM0000116,3,2200037726,3600285043,004,2200037726,A,1,,,,,,,9,,,D90,"DMR, Limited - Overdue",00400,pH,12,SU,09/30/2014,1,,,,,,,2200113551,,C3,K,"Non-receipt Violation, Non-Monthly Average",11/28/2014,B,RE - Manual by EPA/State/Tribal Action,12/31/2016,MB,N,MAXIMUM
NM0020583,0,3602878711,3689070787,TX1,3602878711,Q,1,3920662118,0,3867141982,3744889864,,,,,,D80,"DMR, Monitor Only - Overdue",TQM6C,Coef Of Var Static Renewal 48Hr Acute Pimephales promelas,23,%,02/28/2026,3,,=,23,06/15/2026,92,,3606351406,0,C3,K,"Non-receipt Violation, Non-Monthly Average",04/15/2026,2,RE - Back into Compliance,06/15/2026,VA,N,VALUE
NM0020583,4,3600830134,3617817919,001,3600830134,A,1,3628321356,1927,3635860280,3620220548,,,1136.81599045,,,E90,"DMR, Limited - Numeric Violation",00310,"BOD, 5-day, 20 deg. C",01,kg/d,02/28/2017,1,99999,>,26,03/14/2017,,,3601680586,874.85799265,Q2,,,,,,,7A,N,7 DA AVG
NM0020583,2,20044318,1401147105,001,20044318,A,A,1400891118,.02,1403571937,1402018035,,,.019,EFF,"Effluent Limit Violations,Not Otherwise Specified",E90,"DMR, Limited - Numeric Violation",50060,"Chlorine, total residual",19,mg/L,04/30/2009,1,5,=,,05/15/2009,,,20210279,.02,C3,H,"Chronic Violation, Non-Monthly Average",04/30/2009,2,RE - Back into Compliance,01/31/2010,IA,N,INST MAX
NM0020583,2,20044318,1401147105,001,20044318,A,A,1400891118,.02,1403571937,1402018035,,,.019,PRMTVL,Violation Of A Permit Requirement,E90,"DMR, Limited - Numeric Violation",50060,"Chlorine, total residual",19,mg/L,04/30/2009,1,5,=,,05/15/2009,,,20210279,.02,C3,H,"Chronic Violation, Non-Monthly Average",04/30/2009,2,RE - Back into Compliance,01/31/2010,IA,N,INST MAX
NM0000116,0,3602720951,3684345448,001,3602720951,A,1,3896612898,.075,3856101773,3738602792,,,.000011,,,E90,"DMR, Limited - Numeric Violation",01042,"Copper, total [as Cu]",19,mg/L,09/30/2025,1,582,=,28,10/17/2025,,,3605908065,.000075,C2,,,,,,,3C,A,30DA AVG
NM0028762,2,1800023151,2200594882,001,1800023151,A,1,1805556021,37,2201419627,2200796531,,,.019,,,E90,"DMR, Limited - Numeric Violation",50060,"Chlorine, total residual",19,mg/L,08/31/2010,1,95,=,,10/25/2010,,,1800044104,.037,C3,,,,,,,DD,N,DAILY MX
NM0020583,0,3602878711,3682376214,001,3602878711,A,1,3920643769,45.5,3840988767,3730333646,,,.01467,,,E90,"DMR, Limited - Numeric Violation",00720,"Cyanide, total [as CN]",19,mg/L,03/31/2025,1,210,=,28,04/11/2025,,,3606350737,.0455,C2,T,TRC Limitations Exceeded,03/31/2025,6,RE - Manual Resolution by Enforcement Action,03/31/2025,3C,A,30DA AVG
NM0020583,1,20044319,600702102,001,20044319,A,0,58088208,480,43874768,27617641,,,,,,D80,"DMR, Monitor Only - Overdue",70295,"Solids, total dissolved",19,mg/L,12/31/2002,1,,,,03/04/2003,48,,20210292,480,C2,N,Non-Receipt of DMR/Schedule Report,02/14/2003,2,RE - Back into Compliance,03/04/2003,3C,A,30DA AVG
NM0020583,1,20044319,21433274,001,20044319,A,1,58088799,1084.96,43873069,27617759,,,400,,,E90,"DMR, Limited - Numeric Violation",74055,"Coliform, fecal general",30,MPN/100mL,10/31/1999,1,171,,,11/16/1999,1,,20210294,1084.96,C3,,,,,,,7I,N,7DAV GEO
