ACTIVITY_ID,EXTERNAL_PERMIT_NMBR,VERSION_NMBR,PERM_FEATURE_ID,PERM_FEATURE_NMBR,PERM_FEATURE_TYPE_CODE,LIMIT_SET_ID,LIMIT_SET_DESIGNATOR,LIMIT_SET_SCHEDULE_ID,LIMIT_ID,LIMIT_BEGIN_DATE,LIMIT_END_DATE,NMBR_OF_SUBMISSION,NMBR_OF_REPORT,PARAMETER_CODE,PARAMETER_DESC,MONITORING_LOCATION_CODE,STAY_TYPE_CODE,STAY_VALUE_NMBR,LIMIT_VALUE_ID,LIMIT_VALUE_TYPE_CODE,LIMIT_VALUE_NMBR,LIMIT_UNIT_CODE,LIMIT_UNIT_DESC,STANDARD_UNIT_CODE,STANDARD_UNIT_DESC,LIMIT_VALUE_STANDARD_UNITS,STATISTICAL_BASE_CODE,STATISTICAL_BASE_TYPE_CODE,LIMIT_VALUE_QUALIFIER_CODE,OPTIONAL_MONITORING_FLAG,LIMIT_SAMPLE_TYPE_CODE,LIMIT_FREQ_OF_ANALYSIS_CODE,LIMIT_TYPE_CODE,DMR_EVENT_ID,MONITORING_PERIOD_END_DATE,DMR_SAMPLE_TYPE_CODE,DMR_FREQ_OF_ANALYSIS_CODE,DMR_FORM_VALUE_ID,VALUE_TYPE_CODE,DMR_VALUE_ID,DMR_VALUE_NMBR,DMR_UNIT_CODE,DMR_UNIT_DESC,DMR_VALUE_STANDARD_UNITS,DMR_VALUE_QUALIFIER_CODE,VALUE_RECEIVED_DATE,NODI_CODE
3602878711,NM0020583,0,3600584105,TX1,EXO,3600657354,Q,3600904539,3606351395,12/01/2021,11/30/2026,3,3,22415,Whole effluent toxicity - retest #1,1,,,3610839676,C3,,9A,pass=0;fail=1,9A,pass=0;fail=1,,VA,MAX,,Y,24,09/99,ENF,3621392517,11/30/2024,,,3920662047,C3,3832994492,,,,,,12/16/2024,9
3602878711,NM0020583,0,3600584105,TX1,EXO,3600657354,Q,3600904539,3606351395,12/01/2021,11/30/2026,3,3,22415,Whole effluent toxicity - retest #1,1,,,3610839676,C3,,9A,pass=0;fail=1,9A,pass=0;fail=1,,VA,MAX,,Y,24,09/99,ENF,3621392518,02/28/2025,,,3920662059,C3,3839823760,,,,,,03/14/2025,9
3602878711,NM0020583,0,3600584105,TX1,EXO,3600657354,Q,3600904539,3606351395,12/01/2021,11/30/2026,3,3,22415,Whole effluent toxicity - retest #1,1,,,3610839676,C3,,9A,pass=0;fail=1,9A,pass=0;fail=1,,VA,MAX,,Y,24,09/99,ENF,3621392519,05/31/2025,,,3920662071,C3,3847407837,,,,,,06/16/2025,9
3602878711,NM0020583,0,3600584105,TX1,EXO,3600657354,Q,3600904539,3606351395,12/01/2021,11/30/2026,3,3,22415,Whole effluent toxicity - retest #1,1,,,3610839676,C3,,9A,pass=0;fail=1,9A,pass=0;fail=1,,VA,MAX,,Y,24,09/99,ENF,3621392520,08/31/2025,,,3920662083,C3,3853525272,,,,,,09/04/2025,9
3602878711,NM0020583,0,3600584105,TX1,EXO,3600657354,Q,3600904539,3606351396,12/01/2021,11/30/2026,3,3,22416,Whole effluent toxicity - retest #2,1,,,3610839677,C3,,9A,pass=0;fail=1,9A,pass=0;fail=1,,VA,MAX,,Y,24,09/99,ENF,3621392517,11/30/2024,,,3920662048,C3,3832994489,,,,,,12/16/2024,9
3602878711,NM0020583,0,3600584105,TX1,EXO,3600657354,Q,3600904539,3606351396,12/01/2021,11/30/2026,3,3,22416,Whole effluent toxicity - retest #2,1,,,3610839677,C3,,9A,pass=0;fail=1,9A,pass=0;fail=1,,VA,MAX,,Y,24,09/99,ENF,3621392518,02/28/2025,,,3920662060,C3,3839823762,,,,,,03/14/2025,9
3602878711,NM0020583,0,3600584105,TX1,EXO,3600657354,Q,3600904539,3606351396,12/01/2021,11/30/2026,3,3,22416,Whole effluent toxicity - retest #2,1,,,3610839677,C3,,9A,pass=0;fail=1,9A,pass=0;fail=1,,VA,MAX,,Y,24,09/99,ENF,3621392519,05/31/2025,,,3920662072,C3,3847407850,,,,,,06/16/2025,9
3602878711,NM0020583,0,3600584105,TX1,EXO,3600657354,Q,3600904539,3606351396,12/01/2021,11/30/2026,3,3,22416,Whole effluent toxicity - retest #2,1,,,3610839677,C3,,9A,pass=0;fail=1,9A,pass=0;fail=1,,VA,MAX,,Y,24,09/99,ENF,3621392520,08/31/2025,,,3920662084,C3,3853525267,,,,,,09/04/2025,9
3602878711,NM0020583,0,3600584105,TX1,EXO,3600657354,Q,3600904539,3606351397,12/01/2021,11/30/2026,3,3,22418,"WET, sublethal retest #1",1,,,3610839678,C3,,9A,pass=0;fail=1,9A,pass=0;fail=1,,VA,MAX,,Y,24,09/99,ENF,3621392517,11/30/2024,,,3920662049,C3,3832994484,,,,,,12/16/2024,9
3602878711,NM0020583,0,3600584105,TX1,EXO,3600657354,Q,3600904539,3606351397,12/01/2021,11/30/2026,3,3,22418,"WET, sublethal retest #1",1,,,3610839678,C3,,9A,pass=0;fail=1,9A,pass=0;fail=1,,VA,MAX,,Y,24,09/99,ENF,3621392518,02/28/2025,,,3920662061,C3,3839823769,,,,,,03/14/2025,9
3602878711,NM0020583,0,3600584105,TX1,EXO,3600657354,Q,3600904539,3606351397,12/01/2021,11/30/2026,3,3,22418,"WET, sublethal retest #1",1,,,3610839678,C3,,9A,pass=0;fail=1,9A,pass=0;fail=1,,VA,MAX,,Y,24,09/99,ENF,3621392519,05/31/2025,,,3920662073,C3,3847407836,,,,,,06/16/2025,9
3602878711,NM0020583,0,3600584105,TX1,EXO,3600657354,Q,3600904539,3606351397,12/01/2021,11/30/2026,3,3,22418,"WET, sublethal retest #1",1,,,3610839678,C3,,9A,pass=0;fail=1,9A,pass=0;fail=1,,VA,MAX,,Y,24,09/99,ENF,3621392520,08/31/2025,,,3920662085,C3,3853525265,,,,,,09/04/2025,9
3602878711,NM0020583,0,3600584105,TX1,EXO,3600657354,Q,3600904539,3606351398,12/01/2021,11/30/2026,3,3,22419,"WET, sublethal retest #2",1,,,3610839679,C3,,9A,pass=0;fail=1,9A,pass=0;fail=1,,VA,MAX,,Y,24,09/99,ENF,3621392517,11/30/2024,,,3920662050,C3,3832994487,,,,,,12/16/2024,9
3602878711,NM0020583,0,3600584105,TX1,EXO,3600657354,Q,3600904539,3606351398,12/01/2021,11/30/2026,3,3,22419,"WET, sublethal retest #2",1,,,3610839679,C3,,9A,pass=0;fail=1,9A,pass=0;fail=1,,VA,MAX,,Y,24,09/99,ENF,3621392518,02/28/2025,,,3920662062,C3,3839823770,,,,,,03/14/2025,9
3602878711,NM0020583,0,3600584105,TX1,EXO,3600657354,Q,3600904539,3606351398,12/01/2021,11/30/2026,3,3,22419,"WET, sublethal retest #2",1,,,3610839679,C3,,9A,pass=0;fail=1,9A,pass=0;fail=1,,VA,MAX,,Y,24,09/99,ENF,3621392519,05/31/2025,,,3920662074,C3,3847407841,,,,,,06/16/2025,9
3602878711,NM0020583,0,3600584105,TX1,EXO,3600657354,Q,3600904539,3606351398,12/01/2021,11/30/2026,3,3,22419,"WET, sublethal retest #2",1,,,3610839679,C3,,9A,pass=0;fail=1,9A,pass=0;fail=1,,VA,MAX,,Y,24,09/99,ENF,3621392520,08/31/2025,,,3920662086,C3,3853525261,,,,,,09/04/2025,9
3602878711,NM0020583,0,3600584104,001,EXO,3600657304,Q,3600904358,3606350740,12/01/2021,11/30/2026,3,3,39032,Pentachlorophenol,1,,,3610838797,C3,,28,ug/L,19,mg/L,,7A,AVG,,N,GR,01/90,ENF,3621391617,11/30/2024,GR,01/90,3920643904,C3,3832994575,10,28,ug/L,.01,<,12/16/2024,
3602878711,NM0020583,0,3600584104,001,EXO,3600657304,Q,3600904358,3606350740,12/01/2021,11/30/2026,3,3,39032,Pentachlorophenol,1,,,3610838797,C3,,28,ug/L,19,mg/L,,7A,AVG,,N,GR,01/90,ENF,3621391618,02/28/2025,GR,01/90,3920643905,C3,3839823719,10,28,ug/L,.01,<,03/14/2025,
3602878711,NM0020583,0,3600584104,001,EXO,3600657304,Q,3600904358,3606350740,12/01/2021,11/30/2026,3,3,39032,Pentachlorophenol,1,,,3610838797,C3,,28,ug/L,19,mg/L,,7A,AVG,,N,GR,01/90,ENF,3621391619,05/31/2025,GR,01/90,3920643906,C3,3847407842,10,28,ug/L,.01,<,06/16/2025,
3602878711,NM0020583,0,3600584104,001,EXO,3600657304,Q,3600904358,3606350740,12/01/2021,11/30/2026,3,3,39032,Pentachlorophenol,1,,,3610838797,C3,,28,ug/L,19,mg/L,,7A,AVG,,N,GR,01/90,ENF,3621391620,08/31/2025,GR,01/90,3920643907,C3,3853525273,.31,28,ug/L,.00031,<,09/04/2025,
3602878711,NM0020583,0,3600584104,001,EXO,3600657304,Q,3600904358,3606350741,12/01/2021,11/30/2026,3,3,39330,Aldrin,1,,,3610838798,C3,,28,ug/L,19,mg/L,,7A,AVG,,N,GR,01/90,ENF,3621391617,11/30/2024,GR,01/90,3920643924,C3,3832994580,.05,28,ug/L,.00005,<,12/16/2024,
3602878711,NM0020583,0,3600584104,001,EXO,3600657304,Q,3600904358,3606350741,12/01/2021,11/30/2026,3,3,39330,Aldrin,1,,,3610838798,C3,,28,ug/L,19,mg/L,,7A,AVG,,N,GR,01/90,ENF,3621391618,02/28/2025,GR,01/90,3920643925,C3,3839823717,.05,28,ug/L,.00005,<,03/14/2025,
3602878711,NM0020583,0,3600584104,001,EXO,3600657304,Q,3600904358,3606350741,12/01/2021,11/30/2026,3,3,39330,Aldrin,1,,,3610838798,C3,,28,ug/L,19,mg/L,,7A,AVG,,N,GR,01/90,ENF,3621391619,05/31/2025,GR,01/90,3920643926,C3,3847407845,.05,28,ug/L,.00005,<,06/16/2025,
3602878711,NM0020583,0,3600584104,001,EXO,3600657304,Q,3600904358,3606350741,12/01/2021,11/30/2026,3,3,39330,Aldrin,1,,,3610838798,C3,,28,ug/L,19,mg/L,,7A,AVG,,N,GR,01/90,ENF,3621391620,08/31/2025,GR,01/90,3920643927,C3,3853525274,.0031,28,ug/L,.0000031,<,09/04/2025,
3602878711,NM0020583,0,3600584104,001,EXO,3600657304,Q,3600904358,3606350742,12/01/2021,11/30/2026,3,3,39350,Chlordane [tech mix. and metabolites],1,,,3610838799,C3,,28,ug/L,19,mg/L,,7A,AVG,,N,GR,01/90,ENF,3621391617,11/30/2024,GR,01/90,3920643944,C3,3832994578,1,28,ug/L,.001,<,12/16/2024,
3602878711,NM0020583,0,3600584104,001,EXO,3600657304,Q,3600904358,3606350742,12/01/2021,11/30/2026,3,3,39350,Chlordane [tech mix. and metabolites],1,,,3610838799,C3,,28,ug/L,19,mg/L,,7A,AVG,,N,GR,01/90,ENF,3621391618,02/28/2025,GR,01/90,3920643945,C3,3839823718,.5,28,ug/L,.0005,<,03/14/2025,
3602878711,NM0020583,0,3600584104,001,EXO,3600657304,Q,3600904358,3606350742,12/01/2021,11/30/2026,3,3,39350,Chlordane [tech mix. and metabolites],1,,,3610838799,C3,,28,ug/L,19,mg/L,,7A,AVG,,N,GR,01/90,ENF,3621391619,05/31/2025,GR,01/90,3920643946,C3,3847407840,.5,28,ug/L,.0005,<,06/16/2025,
3602878711,NM0020583,0,3600584104,001,EXO,3600657304,Q,3600904358,3606350742,12/01/2021,11/30/2026,3,3,39350,Chlordane [tech mix. and metabolites],1,,,3610838799,C3,,28,ug/L,19,mg/L,,7A,AVG,,N,GR,01/90,ENF,3621391620,08/31/2025,GR,01/90,3920643947,C3,3853525275,.026,28,ug/L,.000026,<,09/04/2025,
3602878711,NM0020583,0,3600584104,001,EXO,3600657304,Q,3600904358,3606350743,12/01/2021,11/30/2026,3,3,39400,Toxaphene,1,,,3610838800,C3,,28,ug/L,19,mg/L,,7A,AVG,,N,GR,01/90,ENF,3621391617,11/30/2024,GR,01/90,3920643964,C3,3832994576,1,28,ug/L,.001,<,12/16/2024,
3602878711,NM0020583,0,3600584104,001,EXO,3600657304,Q,3600904358,3606350743,12/01/2021,11/30/2026,3,3,39400,Toxaphene,1,,,3610838800,C3,,28,ug/L,19,mg/L,,7A,AVG,,N,GR,01/90,ENF,3621391618,02/28/2025,GR,01/90,3920643965,C3,3839823720,.5,28,ug/L,.0005,<,03/14/2025,
3602878711,NM0020583,0,3600584104,001,EXO,3600657304,Q,3600904358,3606350743,12/01/2021,11/30/2026,3,3,39400,Toxaphene,1,,,3610838800,C3,,28,ug/L,19,mg/L,,7A,AVG,,N,GR,01/90,ENF,3621391619,05/31/2025,GR,01/90,3920643966,C3,3847407843,.5,28,ug/L,.0005,<,06/16/2025,
3602878711,NM0020583,0,3600584104,001,EXO,3600657304,Q,3600904358,3606350743,12/01/2021,11/30/2026,3,3,39400,Toxaphene,1,,,3610838800,C3,,28,ug/L,19,mg/L,,7A,AVG,,N,GR,01/90,ENF,3621391620,08/31/2025,GR,01/90,3920643967,C3,3853525277,.43,28,ug/L,.00043,=,09/04/2025,
3602878711,NM0020583,0,3600584104,001,EXO,3600645646,A,3600891019,3606239986,12/01/2021,11/30/2024,1,1,70295,"Solids, total dissolved",2,,,3610673300,C2,497,19,mg/L,19,mg/L,497,3C,AVG,<=,N,12,01/07,ENF,3621391565,10/31/2024,12,01/07,3920642657,C2,3831416458,269,19,mg/L,269,=,11/14/2024,
3602878711,NM0020583,0,3600584104,001,EXO,3600645646,A,3600891019,3606239986,12/01/2021,11/30/2024,1,1,70295,"Solids, total dissolved",2,,,3610673297,C3,,19,mg/L,19,mg/L,,DD,MAX,,N,12,01/07,ENF,3621391565,10/31/2024,12,01/07,3920642658,C3,3831416459,319,19,mg/L,319,=,11/14/2024,
3602878711,NM0020583,0,3600584104,001,EXO,3600645646,A,3600891019,3606239980,12/01/2021,11/30/2026,1,1,70295,"Solids, total dissolved",1,,,3610673286,Q2,,26,lb/d,01,kg/d,,DD,MAX,,N,12,01/07,ENF,3621391565,10/31/2024,12,01/07,3920642656,Q2,3831416463,26855,26,lb/d,12192.16989756,=,11/14/2024,
3602878711,NM0020583,0,3600584104,001,EXO,3600645646,A,3600891019,3606239977,12/01/2021,11/30/2026,1,1,70295,"Solids, total dissolved",0,,,3610673273,Q1,,26,lb/d,01,kg/d,,3C,AVG,,N,12,01/07,ENF,3621391565,10/31/2024,12,01/07,3920642651,Q1,3831416432,33427,26,lb/d,15175.85787249,=,11/14/2024,
3602878711,NM0020583,0,3600584104,001,EXO,3600645646,A,3600891019,3606239977,12/01/2021,11/30/2026,1,1,70295,"Solids, total dissolved",0,,,3610673276,C3,,19,mg/L,19,mg/L,,DD,MAX,,N,12,01/07,ENF,3621391565,10/31/2024,12,01/07,3920642650,C3,3831416435,367,19,mg/L,367,=,11/14/2024,
3602878711,NM0020583,0,3600584104,001,EXO,3600645646,A,3600891019,3606239986,12/01/2021,11/30/2024,1,1,70295,"Solids, total dissolved",2,,,3610673299,Q2,,26,lb/d,01,kg/d,,DD,MAX,,N,12,01/07,ENF,3621391565,10/31/2024,12,01/07,3920642660,Q2,3831416457,12717,26,lb/d,5773.51795149,=,11/14/2024,
3602878711,NM0020583,0,3600584104,001,EXO,3600645646,A,3600891019,3606239980,12/01/2021,11/30/2026,1,1,70295,"Solids, total dissolved",1,,,3610673288,C3,,19,mg/L,19,mg/L,,DD,MAX,,N,12,01/07,ENF,3621391565,10/31/2024,12,01/07,3920642654,C3,3831416465,645,19,mg/L,645,=,11/14/2024,
3602878711,NM0020583,0,3600584104,001,EXO,3600645646,A,3600891019,3606239980,12/01/2021,11/30/2026,1,1,70295,"Solids, total dissolved",1,,,3610673287,C2,,19,mg/L,19,mg/L,,3C,AVG,,N,12,01/07,ENF,3621391565,10/31/2024,12,01/07,3920642653,C2,3831416464,609,19,mg/L,609,=,11/14/2024,
3602878711,NM0020583,0,3600584104,001,EXO,3600645646,A,3600891019,3606239977,12/01/2021,11/30/2026,1,1,70295,"Solids, total dissolved",0,,,3610673275,C2,,19,mg/L,19,mg/L,,3C,AVG,,N,12,01/07,ENF,3621391565,10/31/2024,12,01/07,3920642649,C2,3831416434,339,19,mg/L,339,=,11/14/2024,
3602878711,NM0020583,0,3600584104,001,EXO,3600645646,A,3600891019,3606239977,12/01/2021,11/30/2026,1,1,70295,"Solids, total dissolved",0,,,3610673274,Q2,,26,lb/d,01,kg/d,,DD,MAX,,N,12,01/07,ENF,3621391565,10/31/2024,12,01/07,3920642652,Q2,3831416433,40080,26,lb/d,18196.31984711,=,11/14/2024,
3602878711,NM0020583,0,3600584104,001,EXO,3600645646,A,3600891019,3606239980,12/01/2021,11/30/2026,1,1,70295,"Solids, total dissolved",1,,,3610673285,Q1,,26,lb/d,01,kg/d,,3C,AVG,,N,12,01/07,ENF,3621391565,10/31/2024,12,01/07,3920642655,Q1,3831416462,25662,26,lb/d,11650.54790211,=,11/14/2024,
3602878711,NM0020583,0,3600584104,001,EXO,3600645646,A,3600891019,3606239986,12/01/2021,11/30/2024,1,1,70295,"Solids, total dissolved",2,,,3610673298,Q1,27664,26,lb/d,01,kg/d,12559.45589447,3C,AVG,<=,N,12,01/07,ENF,3621391565,10/31/2024,12,01/07,3920642659,Q1,3831416456,11127,26,lb/d,5051.65795755,=,11/14/2024,
3602878711,NM0020583,0,3600584104,001,EXO,3600645646,A,3600891019,3606239986,12/01/2021,11/30/2024,1,1,70295,"Solids, total dissolved",2,,,3610673298,Q1,27664,26,lb/d,01,kg/d,12559.45589447,3C,AVG,<=,N,12,01/07,ENF,3621391566,11/30/2024,12,01/07,3920642691,Q1,3832994548,11157,26,lb/d,5065.27795744,=,12/16/2024,
3602878711,NM0020583,0,3600584104,001,EXO,3600645646,A,3600891019,3606239980,12/01/2021,11/30/2026,1,1,70295,"Solids, total dissolved",1,,,3610673285,Q1,,26,lb/d,01,kg/d,,3C,AVG,,N,12,01/07,ENF,3621391566,11/30/2024,12,01/07,3920642687,Q1,3832994552,20922,26,lb/d,9498.58792019,=,12/16/2024,
3602878711,NM0020583,0,3600584104,001,EXO,3600645646,A,3600891019,3606239986,12/01/2021,11/30/2024,1,1,70295,"Solids, total dissolved",2,,,3610673299,Q2,,26,lb/d,01,kg/d,,DD,MAX,,N,12,01/07,ENF,3621391566,11/30/2024,12,01/07,3920642692,Q2,3832994549,12510,26,lb/d,5679.53995228,=,12/16/2024,
3602878711,NM0020583,0,3600584104,001,EXO,3600645646,A,3600891019,3606239980,12/01/2021,11/30/2026,1,1,70295,"Solids, total dissolved",1,,,3610673288,C3,,19,mg/L,19,mg/L,,DD,MAX,,N,12,01/07,ENF,3621391566,11/30/2024,12,01/07,3920642686,C3,3832994555,700,19,mg/L,700,=,12/16/2024,
3602878711,NM0020583,0,3600584104,001,EXO,3600645646,A,3600891019,3606239980,12/01/2021,11/30/2026,1,1,70295,"Solids, total dissolved",1,,,3610673287,C2,,19,mg/L,19,mg/L,,3C,AVG,,N,12,01/07,ENF,3621391566,11/30/2024,12,01/07,3920642685,C2,3832994554,679,19,mg/L,679,=,12/16/2024,
3602878711,NM0020583,0,3600584104,001,EXO,3600645646,A,3600891019,3606239977,12/01/2021,11/30/2026,1,1,70295,"Solids, total dissolved",0,,,3610673273,Q1,,26,lb/d,01,kg/d,,3C,AVG,,N,12,01/07,ENF,3621391566,11/30/2024,12,01/07,3920642683,Q1,3832994560,22849,26,lb/d,10373.44591284,=,12/16/2024,
3602878711,NM0020583,0,3600584104,001,EXO,3600645646,A,3600891019,3606239977,12/01/2021,11/30/2026,1,1,70295,"Solids, total dissolved",0,,,3610673276,C3,,19,mg/L,19,mg/L,,DD,MAX,,N,12,01/07,ENF,3621391566,11/30/2024,12,01/07,3920642682,C3,3832994563,362,19,mg/L,362,=,12/16/2024,
3602878711,NM0020583,0,3600584104,001,EXO,3600645646,A,3600891019,3606239977,12/01/2021,11/30/2026,1,1,70295,"Solids, total dissolved",0,,,3610673274,Q2,,26,lb/d,01,kg/d,,DD,MAX,,N,12,01/07,ENF,3621391566,11/30/2024,12,01/07,3920642684,Q2,3832994561,28693,26,lb/d,13026.62189054,=,12/16/2024,
3602878711,NM0020583,0,3600584104,001,EXO,3600645646,A,3600891019,3606239977,12/01/2021,11/30/2026,1,1,70295,"Solids, total dissolved",0,,,3610673275,C2,,19,mg/L,19,mg/L,,3C,AVG,,N,12,01/07,ENF,3621391566,11/30/2024,12,01/07,3920642681,C2,3832994562,332,19,mg/L,332,=,12/16/2024,
3602878711,NM0020583,0,3600584104,001,EXO,3600645646,A,3600891019,3606239980,12/01/2021,11/30/2026,1,1,70295,"Solids, total dissolved",1,,,3610673286,Q2,,26,lb/d,01,kg/d,,DD,MAX,,N,12,01/07,ENF,3621391566,11/30/2024,12,01/07,3920642688,Q2,3832994553,23485,26,lb/d,10662.18991041,=,12/16/2024,
3602878711,NM0020583,0,3600584104,001,EXO,3600645646,A,3600891019,3606239986,12/01/2021,11/30/2024,1,1,70295,"Solids, total dissolved",2,,,3610673297,C3,,19,mg/L,19,mg/L,,DD,MAX,,N,12,01/07,ENF,3621391566,11/30/2024,12,01/07,3920642690,C3,3832994551,375,19,mg/L,375,=,12/16/2024,
3602878711,NM0020583,0,3600584104,001,EXO,3600645646,A,3600891019,3606239986,12/01/2021,11/30/2024,1,1,70295,"Solids, total dissolved",2,,,3610673300,C2,497,19,mg/L,19,mg/L,497,3C,AVG,<=,N,12,01/07,ENF,3621391566,11/30/2024,12,01/07,3920642689,C2,3832994550,347,19,mg/L,347,=,12/16/2024,
3602878711,NM0020583,0,3600584104,001,EXO,3600645646,A,3600891019,3606350744,12/01/2024,11/30/2026,1,1,70295,"Solids, total dissolved",2,,,3610838802,Q2,,26,lb/d,01,kg/d,,DD,MAX,,N,12,01/07,ENF,3621391567,12/31/2024,12,01/07,3920643976,Q2,3834617604,12619,26,lb/d,5729.02595186,=,01/15/2025,
3602878711,NM0020583,0,3600584104,001,EXO,3600645646,A,3600891019,3606239980,12/01/2021,11/30/2026,1,1,70295,"Solids, total dissolved",1,,,3610673286,Q2,,26,lb/d,01,kg/d,,DD,MAX,,N,12,01/07,ENF,3621391567,12/31/2024,12,01/07,3920642720,Q2,3834617628,24123,26,lb/d,10951.84190798,=,01/15/2025,
3602878711,NM0020583,0,3600584104,001,EXO,3600645646,A,3600891019,3606350744,12/01/2024,11/30/2026,1,1,70295,"Solids, total dissolved",2,,,3610838803,C2,449,19,mg/L,19,mg/L,449,3C,AVG,<=,N,12,01/07,ENF,3621391567,12/31/2024,12,01/07,3920643973,C2,3834617605,362,19,mg/L,362,=,01/15/2025,
3602878711,NM0020583,0,3600584104,001,EXO,3600645646,A,3600891019,3606350744,12/01/2024,11/30/2026,1,1,70295,"Solids, total dissolved",2,,,3610838801,Q1,24992,26,lb/d,01,kg/d,11346.36790466,3C,AVG,<=,N,12,01/07,ENF,3621391567,12/31/2024,12,01/07,3920643975,Q1,3834617603,11051,26,lb/d,5017.15395784,=,01/15/2025,
3602878711,NM0020583,0,3600584104,001,EXO,3600645646,A,3600891019,3606239977,12/01/2021,11/30/2026,1,1,70295,"Solids, total dissolved",0,,,3610673273,Q1,,26,lb/d,01,kg/d,,3C,AVG,,N,12,01/07,ENF,3621391567,12/31/2024,12,01/07,3920642715,Q1,3834617635,22215,26,lb/d,10085.60991526,=,01/15/2025,
3602878711,NM0020583,0,3600584104,001,EXO,3600645646,A,3600891019,3606239977,12/01/2021,11/30/2026,1,1,70295,"Solids, total dissolved",0,,,3610673276,C3,,19,mg/L,19,mg/L,,DD,MAX,,N,12,01/07,ENF,3621391567,12/31/2024,12,01/07,3920642714,C3,3834617638,375,19,mg/L,375,=,01/15/2025,
3602878711,NM0020583,0,3600584104,001,EXO,3600645646,A,3600891019,3606239980,12/01/2021,11/30/2026,1,1,70295,"Solids, total dissolved",1,,,3610673287,C2,,19,mg/L,19,mg/L,,3C,AVG,,N,12,01/07,ENF,3621391567,12/31/2024,12,01/07,3920642717,C2,3834617629,718,19,mg/L,718,=,01/15/2025,
3602878711,NM0020583,0,3600584104,001,EXO,3600645646,A,3600891019,3606239980,12/01/2021,11/30/2026,1,1,70295,"Solids, total dissolved",1,,,3610673288,C3,,19,mg/L,19,mg/L,,DD,MAX,,N,12,01/07,ENF,3621391567,12/31/2024,12,01/07,3920642718,C3,3834617630,736,19,mg/L,736,=,01/15/2025,
3602878711,NM0020583,0,3600584104,001,EXO,3600645646,A,3600891019,3606239980,12/01/2021,11/30/2026,1,1,70295,"Solids, total dissolved",1,,,3610673285,Q1,,26,lb/d,01,kg/d,,3C,AVG,,N,12,01/07,ENF,3621391567,12/31/2024,12,01/07,3920642719,Q1,3834617627,22404,26,lb/d,10171.41591454,=,01/15/2025,
3602878711,NM0020583,0,3600584104,001,EXO,3600645646,A,3600891019,3606239977,12/01/2021,11/30/2026,1,1,70295,"Solids, total dissolved",0,,,3610673274,Q2,,26,lb/d,01,kg/d,,DD,MAX,,N,12,01/07,ENF,3621391567,12/31/2024,12,01/07,3920642716,Q2,3834617636,23154,26,lb/d,10511.91591167,=,01/15/2025,
3602878711,NM0020583,0,3600584104,001,EXO,3600645646,A,3600891019,3606239977,12/01/2021,11/30/2026,1,1,70295,"Solids, total dissolved",0,,,3610673275,C2,,19,mg/L,19,mg/L,,3C,AVG,,N,12,01/07,ENF,3621391567,12/31/2024,12,01/07,3920642713,C2,3834617637,356,19,mg/L,356,=,01/15/2025,
3602878711,NM0020583,0,3600584104,001,EXO,3600645646,A,3600891019,3606350744,12/01/2024,11/30/2026,1,1,70295,"Solids, total dissolved",2,,,3610838804,C3,,19,mg/L,19,mg/L,,DD,MAX,,N,12,01/07,ENF,3621391567,12/31/2024,12,01/07,3920643974,C3,3834617606,385,19,mg/L,385,=,01/15/2025,
3602878711,NM0020583,0,3600584104,001,EXO,3600645646,A,3600891019,3606239980,12/01/2021,11/30/2026,1,1,70295,"Solids, total dissolved",1,,,3610673288,C3,,19,mg/L,19,mg/L,,DD,MAX,,N,12,01/07,ENF,3621391568,01/31/2025,12,01/07,3920642750,C3,3837049244,752,19,mg/L,752,=,02/18/2025,
3602878711,NM0020583,0,3600584104,001,EXO,3600645646,A,3600891019,3606239980,12/01/2021,11/30/2026,1,1,70295,"Solids, total dissolved",1,,,3610673287,C2,,19,mg/L,19,mg/L,,3C,AVG,,N,12,01/07,ENF,3621391568,01/31/2025,12,01/07,3920642749,C2,3837049243,720,19,mg/L,720,=,02/18/2025,
3602878711,NM0020583,0,3600584104,001,EXO,3600645646,A,3600891019,3606239980,12/01/2021,11/30/2026,1,1,70295,"Solids, total dissolved",1,,,3610673285,Q1,,26,lb/d,01,kg/d,,3C,AVG,,N,12,01/07,ENF,3621391568,01/31/2025,12,01/07,3920642751,Q1,3837049241,21804,26,lb/d,9899.01591682,=,02/18/2025,
3602878711,NM0020583,0,3600584104,001,EXO,3600645646,A,3600891019,3606239977,12/01/2021,11/30/2026,1,1,70295,"Solids, total dissolved",0,,,3610673274,Q2,,26,lb/d,01,kg/d,,DD,MAX,,N,12,01/07,ENF,3621391568,01/31/2025,12,01/07,3920642748,Q2,3837049237,26545,26,lb/d,12051.42989874,=,02/18/2025,
3602878711,NM0020583,0,3600584104,001,EXO,3600645646,A,3600891019,3606239977,12/01/2021,11/30/2026,1,1,70295,"Solids, total dissolved",0,,,3610673275,C2,,19,mg/L,19,mg/L,,3C,AVG,,N,12,01/07,ENF,3621391568,01/31/2025,12,01/07,3920642745,C2,3837049238,375,19,mg/L,375,=,02/18/2025,
3602878711,NM0020583,0,3600584104,001,EXO,3600645646,A,3600891019,3606350744,12/01/2024,11/30/2026,1,1,70295,"Solids, total dissolved",2,,,3610838804,C3,,19,mg/L,19,mg/L,,DD,MAX,,N,12,01/07,ENF,3621391568,01/31/2025,12,01/07,3920643978,C3,3837049227,372,19,mg/L,372,=,02/18/2025,
3602878711,NM0020583,0,3600584104,001,EXO,3600645646,A,3600891019,3606239977,12/01/2021,11/30/2026,1,1,70295,"Solids, total dissolved",0,,,3610673276,C3,,19,mg/L,19,mg/L,,DD,MAX,,N,12,01/07,ENF,3621391568,01/31/2025,12,01/07,3920642746,C3,3837049239,380,19,mg/L,380,=,02/18/2025,
3602878711,NM0020583,0,3600584104,001,EXO,3600645646,A,3600891019,3606239977,12/01/2021,11/30/2026,1,1,70295,"Solids, total dissolved",0,,,3610673273,Q1,,26,lb/d,01,kg/d,,3C,AVG,,N,12,01/07,ENF,3621391568,01/31/2025,12,01/07,3920642747,Q1,3837049236,23795,26,lb/d,10802.92990923,=,02/18/2025,
3602878711,NM0020583,0,3600584104,001,EXO,3600645646,A,3600891019,3606350744,12/01/2024,11/30/2026,1,1,70295,"Solids, total dissolved",2,,,3610838801,Q1,24992,26,lb/d,01,kg/d,11346.36790466,3C,AVG,<=,N,12,01/07,ENF,3621391568,01/31/2025,12,01/07,3920643979,Q1,3837049224,10372,26,lb/d,4708.88796043,=,02/18/2025,
3602878711,NM0020583,0,3600584104,001,EXO,3600645646,A,3600891019,3606350744,12/01/2024,11/30/2026,1,1,70295,"Solids, total dissolved",2,,,3610838803,C2,449,19,mg/L,19,mg/L,449,3C,AVG,<=,N,12,01/07,ENF,3621391568,01/31/2025,12,01/07,3920643977,C2,3837049226,345,19,mg/L,345,=,02/18/2025,
3602878711,NM0020583,0,3600584104,001,EXO,3600645646,A,3600891019,3606239980,12/01/2021,11/30/2026,1,1,70295,"Solids, total dissolved",1,,,3610673286,Q2,,26,lb/d,01,kg/d,,DD,MAX,,N,12,01/07,ENF,3621391568,01/31/2025,12,01/07,3920642752,Q2,3837049242,26246,26,lb/d,11915.68389988,=,02/18/2025,
3602878711,NM0020583,0,3600584104,001,EXO,3600645646,A,3600891019,3606350744,12/01/2024,11/30/2026,1,1,70295,"Solids, total dissolved",2,,,3610838802,Q2,,26,lb/d,01,kg/d,,DD,MAX,,N,12,01/07,ENF,3621391568,01/31/2025,12,01/07,3920643980,Q2,3837049225,12496,26,lb/d,5673.18395233,=,02/18/2025,
3602878711,NM0020583,0,3600584104,001,EXO,3600645646,A,3600891019,3606350744,12/01/2024,11/30/2026,1,1,70295,"Solids, total dissolved",2,,,3610838802,Q2,,26,lb/d,01,kg/d,,DD,MAX,,N,12,01/07,ENF,3621391569,02/28/2025,12,01/07,3920643984,Q2,3839823723,12319,26,lb/d,5592.82595301,=,03/14/2025,
3602878711,NM0020583,0,3600584104,001,EXO,3600645646,A,3600891019,3606239980,12/01/2021,11/30/2026,1,1,70295,"Solids, total dissolved",1,,,3610673286,Q2,,26,lb/d,01,kg/d,,DD,MAX,,N,12,01/07,ENF,3621391569,02/28/2025,12,01/07,3920642784,Q2,3839823731,26751,26,lb/d,12144.95389795,=,03/14/2025,
3602878711,NM0020583,0,3600584104,001,EXO,3600645646,A,3600891019,3606350744,12/01/2024,11/30/2026,1,1,70295,"Solids, total dissolved",2,,,3610838803,C2,449,19,mg/L,19,mg/L,449,3C,AVG,<=,N,12,01/07,ENF,3621391569,02/28/2025,12,01/07,3920643981,C2,3839823724,335,19,mg/L,335,=,03/14/2025,
3602878711,NM0020583,0,3600584104,001,EXO,3600645646,A,3600891019,3606239980,12/01/2021,11/30/2026,1,1,70295,"Solids, total dissolved",1,,,3610673287,C2,,19,mg/L,19,mg/L,,3C,AVG,,N,12,01/07,ENF,3621391569,02/28/2025,12,01/07,3920642781,C2,3839823732,726,19,mg/L,726,=,03/14/2025,
3602878711,NM0020583,0,3600584104,001,EXO,3600645646,A,3600891019,3606239980,12/01/2021,11/30/2026,1,1,70295,"Solids, total dissolved",1,,,3610673288,C3,,19,mg/L,19,mg/L,,DD,MAX,,N,12,01/07,ENF,3621391569,02/28/2025,12,01/07,3920642782,C3,3839823733,734,19,mg/L,734,=,03/14/2025,
3602878711,NM0020583,0,3600584104,001,EXO,3600645646,A,3600891019,3606350744,12/01/2024,11/30/2026,1,1,70295,"Solids, total dissolved",2,,,3610838801,Q1,24992,26,lb/d,01,kg/d,11346.36790466,3C,AVG,<=,N,12,01/07,ENF,3621391569,02/28/2025,12,01/07,3920643983,Q1,3839823722,11585,26,lb/d,5259.58995581,=,03/14/2025,
3602878711,NM0020583,0,3600584104,001,EXO,3600645646,A,3600891019,3606239977,12/01/2021,11/30/2026,1,1,70295,"Solids, total dissolved",0,,,3610673273,Q1,,26,lb/d,01,kg/d,,3C,AVG,,N,12,01/07,ENF,3621391569,02/28/2025,12,01/07,3920642779,Q1,3839823749,24819,26,lb/d,11267.82590532,=,03/14/2025,
3602878711,NM0020583,0,3600584104,001,EXO,3600645646,A,3600891019,3606239977,12/01/2021,11/30/2026,1,1,70295,"Solids, total dissolved",0,,,3610673276,C3,,19,mg/L,19,mg/L,,DD,MAX,,N,12,01/07,ENF,3621391569,02/28/2025,12,01/07,3920642778,C3,3839823752,396,19,mg/L,396,=,03/14/2025,
3602878711,NM0020583,0,3600584104,001,EXO,3600645646,A,3600891019,3606239977,12/01/2021,11/30/2026,1,1,70295,"Solids, total dissolved",0,,,3610673274,Q2,,26,lb/d,01,kg/d,,DD,MAX,,N,12,01/07,ENF,3621391569,02/28/2025,12,01/07,3920642780,Q2,3839823750,25889,26,lb/d,11753.60590124,=,03/14/2025,
3602878711,NM0020583,0,3600584104,001,EXO,3600645646,A,3600891019,3606239977,12/01/2021,11/30/2026,1,1,70295,"Solids, total dissolved",0,,,3610673275,C2,,19,mg/L,19,mg/L,,3C,AVG,,N,12,01/07,ENF,3621391569,02/28/2025,12,01/07,3920642777,C2,3839823751,391,19,mg/L,391,=,03/14/2025,
3602878711,NM0020583,0,3600584104,001,EXO,3600645646,A,3600891019,3606350744,12/01/2024,11/30/2026,1,1,70295,"Solids, total dissolved",2,,,3610838804,C3,,19,mg/L,19,mg/L,,DD,MAX,,N,12,01/07,ENF,3621391569,02/28/2025,12,01/07,3920643982,C3,3839823725,345,19,mg/L,345,=,03/14/2025,
3602878711,NM0020583,0,3600584104,001,EXO,3600645646,A,3600891019,3606239980,12/01/2021,11/30/2026,1,1,70295,"Solids, total dissolved",1,,,3610673285,Q1,,26,lb/d,01,kg/d,,3C,AVG,,N,12,01/07,ENF,3621391569,02/28/2025,12,01/07,3920642783,Q1,3839823730,25774,26,lb/d,11701.39590168,=,03/14/2025,
3602878711,NM0020583,0,3600584104,001,EXO,3600645646,A,3600891019,3606239980,12/01/2021,11/30/2026,1,1,70295,"Solids, total dissolved",1,,,3610673285,Q1,,26,lb/d,01,kg/d,,3C,AVG,,N,12,01/07,ENF,3621391570,03/31/2025,12,01/07,3920642815,Q1,3840988742,26750,26,lb/d,12144.49989796,=,04/11/2025,
3602878711,NM0020583,0,3600584104,001,EXO,3600645646,A,3600891019,3606350744,12/01/2024,11/30/2026,1,1,70295,"Solids, total dissolved",2,,,3610838804,C3,,19,mg/L,19,mg/L,,DD,MAX,,N,12,01/07,ENF,3621391570,03/31/2025,12,01/07,3920643986,C3,3840988764,397,19,mg/L,397,=,04/11/2025,
3602878711,NM0020583,0,3600584104,001,EXO,3600645646,A,3600891019,3606239980,12/01/2021,11/30/2026,1,1,70295,"Solids, total dissolved",1,,,3610673287,C2,,19,mg/L,19,mg/L,,3C,AVG,,N,12,01/07,ENF,3621391570,03/31/2025,12,01/07,3920642813,C2,3840988744,744,19,mg/L,744,=,04/11/2025,
3602878711,NM0020583,0,3600584104,001,EXO,3600645646,A,3600891019,3606239980,12/01/2021,11/30/2026,1,1,70295,"Solids, total dissolved",1,,,3610673288,C3,,19,mg/L,19,mg/L,,DD,MAX,,N,12,01/07,ENF,3621391570,03/31/2025,12,01/07,3920642814,C3,3840988745,770,19,mg/L,770,=,04/11/2025,
3602878711,NM0020583,0,3600584104,001,EXO,3600645646,A,3600891019,3606239977,12/01/2021,11/30/2026,1,1,70295,"Solids, total dissolved",0,,,3610673276,C3,,19,mg/L,19,mg/L,,DD,MAX,,N,12,01/07,ENF,3621391570,03/31/2025,12,01/07,3920642810,C3,3840988753,419,19,mg/L,419,=,04/11/2025,
3602878711,NM0020583,0,3600584104,001,EXO,3600645646,A,3600891019,3606239977,12/01/2021,11/30/2026,1,1,70295,"Solids, total dissolved",0,,,3610673273,Q1,,26,lb/d,01,kg/d,,3C,AVG,,N,12,01/07,ENF,3621391570,03/31/2025,12,01/07,3920642811,Q1,3840988750,27872,26,lb/d,12653.88789368,=,04/11/2025,
3602878711,NM0020583,0,3600584104,001,EXO,3600645646,A,3600891019,3606350744,12/01/2024,11/30/2026,1,1,70295,"Solids, total dissolved",2,,,3610838801,Q1,24992,26,lb/d,01,kg/d,11346.36790466,3C,AVG,<=,N,12,01/07,ENF,3621391570,03/31/2025,12,01/07,3920643987,Q1,3840988761,12441,26,lb/d,5648.21395254,=,04/11/2025,
3602878711,NM0020583,0,3600584104,001,EXO,3600645646,A,3600891019,3606239977,12/01/2021,11/30/2026,1,1,70295,"Solids, total dissolved",0,,,3610673275,C2,,19,mg/L,19,mg/L,,3C,AVG,,N,12,01/07,ENF,3621391570,03/31/2025,12,01/07,3920642809,C2,3840988752,395,19,mg/L,395,=,04/11/2025,
3602878711,NM0020583,0,3600584104,001,EXO,3600645646,A,3600891019,3606239977,12/01/2021,11/30/2026,1,1,70295,"Solids, total dissolved",0,,,3610673274,Q2,,26,lb/d,01,kg/d,,DD,MAX,,N,12,01/07,ENF,3621391570,03/31/2025,12,01/07,3920642812,Q2,3840988751,33180,26,lb/d,15063.71987343,=,04/11/2025,
3602878711,NM0020583,0,3600584104,001,EXO,3600645646,A,3600891019,3606350744,12/01/2024,11/30/2026,1,1,70295,"Solids, total dissolved",2,,,3610838803,C2,449,19,mg/L,19,mg/L,449,3C,AVG,<=,N,12,01/07,ENF,3621391570,03/31/2025,12,01/07,3920643985,C2,3840988763,350,19,mg/L,350,=,04/11/2025,
3602878711,NM0020583,0,3600584104,001,EXO,3600645646,A,3600891019,3606239980,12/01/2021,11/30/2026,1,1,70295,"Solids, total dissolved",1,,,3610673286,Q2,,26,lb/d,01,kg/d,,DD,MAX,,N,12,01/07,ENF,3621391570,03/31/2025,12,01/07,3920642816,Q2,3840988743,29540,26,lb/d,13411.15988731,=,04/11/2025,
3602878711,NM0020583,0,3600584104,001,EXO,3600645646,A,3600891019,3606350744,12/01/2024,11/30/2026,1,1,70295,"Solids, total dissolved",2,,,3610838802,Q2,,26,lb/d,01,kg/d,,DD,MAX,,N,12,01/07,ENF,3621391570,03/31/2025,12,01/07,3920643988,Q2,3840988762,15231,26,lb/d,6914.8739419,=,04/11/2025,
3602878711,NM0020583,0,3600584104,001,EXO,3600645646,A,3600891019,3606239980,12/01/2021,11/30/2026,1,1,70295,"Solids, total dissolved",1,,,3610673286,Q2,,26,lb/d,01,kg/d,,DD,MAX,,N,12,01/07,ENF,3621391571,04/30/2025,12,01/07,3920642848,Q2,3845625295,31842,26,lb/d,14456.26787853,=,05/15/2025,
3602878711,NM0020583,0,3600584104,001,EXO,3600645646,A,3600891019,3606350744,12/01/2024,11/30/2026,1,1,70295,"Solids, total dissolved",2,,,3610838803,C2,449,19,mg/L,19,mg/L,449,3C,AVG,<=,N,12,01/07,ENF,3621391571,04/30/2025,12,01/07,3920643989,C2,3845625305,295,19,mg/L,295,=,05/15/2025,
3602878711,NM0020583,0,3600584104,001,EXO,3600645646,A,3600891019,3606350744,12/01/2024,11/30/2026,1,1,70295,"Solids, total dissolved",2,,,3610838801,Q1,24992,26,lb/d,01,kg/d,11346.36790466,3C,AVG,<=,N,12,01/07,ENF,3621391571,04/30/2025,12,01/07,3920643991,Q1,3845625303,12166,26,lb/d,5523.36395359,=,05/15/2025,
3602878711,NM0020583,0,3600584104,001,EXO,3600645646,A,3600891019,3606239977,12/01/2021,11/30/2026,1,1,70295,"Solids, total dissolved",0,,,3610673273,Q1,,26,lb/d,01,kg/d,,3C,AVG,,N,12,01/07,ENF,3621391571,04/30/2025,12,01/07,3920642843,Q1,3845625281,37526,26,lb/d,17036.80385685,=,05/15/2025,
3602878711,NM0020583,0,3600584104,001,EXO,3600645646,A,3600891019,3606239977,12/01/2021,11/30/2026,1,1,70295,"Solids, total dissolved",0,,,3610673276,C3,,19,mg/L,19,mg/L,,DD,MAX,,N,12,01/07,ENF,3621391571,04/30/2025,12,01/07,3920642842,C3,3845625284,387,19,mg/L,387,=,05/15/2025,
3602878711,NM0020583,0,3600584104,001,EXO,3600645646,A,3600891019,3606350744,12/01/2024,11/30/2026,1,1,70295,"Solids, total dissolved",2,,,3610838802,Q2,,26,lb/d,01,kg/d,,DD,MAX,,N,12,01/07,ENF,3621391571,04/30/2025,12,01/07,3920643992,Q2,3845625304,14153,26,lb/d,6425.46194601,=,05/15/2025,
3602878711,NM0020583,0,3600584104,001,EXO,3600645646,A,3600891019,3606239977,12/01/2021,11/30/2026,1,1,70295,"Solids, total dissolved",0,,,3610673275,C2,,19,mg/L,19,mg/L,,3C,AVG,,N,12,01/07,ENF,3621391571,04/30/2025,12,01/07,3920642841,C2,3845625283,382,19,mg/L,382,=,05/15/2025,
3602878711,NM0020583,0,3600584104,001,EXO,3600645646,A,3600891019,3606239977,12/01/2021,11/30/2026,1,1,70295,"Solids, total dissolved",0,,,3610673274,Q2,,26,lb/d,01,kg/d,,DD,MAX,,N,12,01/07,ENF,3621391571,04/30/2025,12,01/07,3920642844,Q2,3845625282,42701,26,lb/d,19386.25383711,=,05/15/2025,
3602878711,NM0020583,0,3600584104,001,EXO,3600645646,A,3600891019,3606239980,12/01/2021,11/30/2026,1,1,70295,"Solids, total dissolved",1,,,3610673285,Q1,,26,lb/d,01,kg/d,,3C,AVG,,N,12,01/07,ENF,3621391571,04/30/2025,12,01/07,3920642847,Q1,3845625294,30001,26,lb/d,13620.45388556,=,05/15/2025,
3602878711,NM0020583,0,3600584104,001,EXO,3600645646,A,3600891019,3606239980,12/01/2021,11/30/2026,1,1,70295,"Solids, total dissolved",1,,,3610673288,C3,,19,mg/L,19,mg/L,,DD,MAX,,N,12,01/07,ENF,3621391571,04/30/2025,12,01/07,3920642846,C3,3845625297,706,19,mg/L,706,=,05/15/2025,
3602878711,NM0020583,0,3600584104,001,EXO,3600645646,A,3600891019,3606239980,12/01/2021,11/30/2026,1,1,70295,"Solids, total dissolved",1,,,3610673287,C2,,19,mg/L,19,mg/L,,3C,AVG,,N,12,01/07,ENF,3621391571,04/30/2025,12,01/07,3920642845,C2,3845625296,677,19,mg/L,677,=,05/15/2025,
3602878711,NM0020583,0,3600584104,001,EXO,3600645646,A,3600891019,3606350744,12/01/2024,11/30/2026,1,1,70295,"Solids, total dissolved",2,,,3610838804,C3,,19,mg/L,19,mg/L,,DD,MAX,,N,12,01/07,ENF,3621391571,04/30/2025,12,01/07,3920643990,C3,3845625306,321,19,mg/L,321,=,05/15/2025,
3602878711,NM0020583,0,3600584104,001,EXO,3600645646,A,3600891019,3606239977,12/01/2021,11/30/2026,1,1,70295,"Solids, total dissolved",0,,,3610673275,C2,,19,mg/L,19,mg/L,,3C,AVG,,N,12,01/07,ENF,3621391572,05/31/2025,12,01/07,3920642873,C2,3847188365,383,19,mg/L,383,=,06/11/2025,
3602878711,NM0020583,0,3600584104,001,EXO,3600645646,A,3600891019,3606239977,12/01/2021,11/30/2026,1,1,70295,"Solids, total dissolved",0,,,3610673274,Q2,,26,lb/d,01,kg/d,,DD,MAX,,N,12,01/07,ENF,3621391572,05/31/2025,12,01/07,3920642876,Q2,3847188364,45228,26,lb/d,20533.51182747,=,06/11/2025,
3602878711,NM0020583,0,3600584104,001,EXO,3600645646,A,3600891019,3606350744,12/01/2024,11/30/2026,1,1,70295,"Solids, total dissolved",2,,,3610838804,C3,,19,mg/L,19,mg/L,,DD,MAX,,N,12,01/07,ENF,3621391572,05/31/2025,12,01/07,3920643994,C3,3847188370,299,19,mg/L,299,=,06/11/2025,
3602878711,NM0020583,0,3600584104,001,EXO,3600645646,A,3600891019,3606239980,12/01/2021,11/30/2026,1,1,70295,"Solids, total dissolved",1,,,3610673285,Q1,,26,lb/d,01,kg/d,,3C,AVG,,N,12,01/07,ENF,3621391572,05/31/2025,12,01/07,3920642879,Q1,3847188381,28638,26,lb/d,13001.65189075,=,06/11/2025,
3602878711,NM0020583,0,3600584104,001,EXO,3600645646,A,3600891019,3606239977,12/01/2021,11/30/2026,1,1,70295,"Solids, total dissolved",0,,,3610673276,C3,,19,mg/L,19,mg/L,,DD,MAX,,N,12,01/07,ENF,3621391572,05/31/2025,12,01/07,3920642874,C3,3847188366,407,19,mg/L,407,=,06/11/2025,
3602878711,NM0020583,0,3600584104,001,EXO,3600645646,A,3600891019,3606239977,12/01/2021,11/30/2026,1,1,70295,"Solids, total dissolved",0,,,3610673273,Q1,,26,lb/d,01,kg/d,,3C,AVG,,N,12,01/07,ENF,3621391572,05/31/2025,12,01/07,3920642875,Q1,3847188363,37801,26,lb/d,17161.6538558,=,06/11/2025,
3602878711,NM0020583,0,3600584104,001,EXO,3600645646,A,3600891019,3606239980,12/01/2021,11/30/2026,1,1,70295,"Solids, total dissolved",1,,,3610673288,C3,,19,mg/L,19,mg/L,,DD,MAX,,N,12,01/07,ENF,3621391572,05/31/2025,12,01/07,3920642878,C3,3847188384,681,19,mg/L,681,=,06/11/2025,
3602878711,NM0020583,0,3600584104,001,EXO,3600645646,A,3600891019,3606239980,12/01/2021,11/30/2026,1,1,70295,"Solids, total dissolved",1,,,3610673287,C2,,19,mg/L,19,mg/L,,3C,AVG,,N,12,01/07,ENF,3621391572,05/31/2025,12,01/07,3920642877,C2,3847188383,669,19,mg/L,669,=,06/11/2025,
3602878711,NM0020583,0,3600584104,001,EXO,3600645646,A,3600891019,3606350744,12/01/2024,11/30/2026,1,1,70295,"Solids, total dissolved",2,,,3610838801,Q1,24992,26,lb/d,01,kg/d,11346.36790466,3C,AVG,<=,N,12,01/07,ENF,3621391572,05/31/2025,12,01/07,3920643995,Q1,3847188367,12017,26,lb/d,5455.71795416,=,06/11/2025,
3602878711,NM0020583,0,3600584104,001,EXO,3600645646,A,3600891019,3606350744,12/01/2024,11/30/2026,1,1,70295,"Solids, total dissolved",2,,,3610838803,C2,449,19,mg/L,19,mg/L,449,3C,AVG,<=,N,12,01/07,ENF,3621391572,05/31/2025,12,01/07,3920643993,C2,3847188369,286,19,mg/L,286,=,06/11/2025,
3602878711,NM0020583,0,3600584104,001,EXO,3600645646,A,3600891019,3606239980,12/01/2021,11/30/2026,1,1,70295,"Solids, total dissolved",1,,,3610673286,Q2,,26,lb/d,01,kg/d,,DD,MAX,,N,12,01/07,ENF,3621391572,05/31/2025,12,01/07,3920642880,Q2,3847188382,30284,26,lb/d,13748.93588448,=,06/11/2025,
3602878711,NM0020583,0,3600584104,001,EXO,3600645646,A,3600891019,3606350744,12/01/2024,11/30/2026,1,1,70295,"Solids, total dissolved",2,,,3610838802,Q2,,26,lb/d,01,kg/d,,DD,MAX,,N,12,01/07,ENF,3621391572,05/31/2025,12,01/07,3920643996,Q2,3847188368,12643,26,lb/d,5739.92195177,=,06/11/2025,
3602878711,NM0020583,0,3600584104,001,EXO,3600645646,A,3600891019,3606350744,12/01/2024,11/30/2026,1,1,70295,"Solids, total dissolved",2,,,3610838802,Q2,,26,lb/d,01,kg/d,,DD,MAX,,N,12,01/07,ENF,3621391573,06/30/2025,12,01/07,3920644000,Q2,3848301354,13780,26,lb/d,6256.11994743,=,07/08/2025,
3602878711,NM0020583,0,3600584104,001,EXO,3600645646,A,3600891019,3606239980,12/01/2021,11/30/2026,1,1,70295,"Solids, total dissolved",1,,,3610673286,Q2,,26,lb/d,01,kg/d,,DD,MAX,,N,12,01/07,ENF,3621391573,06/30/2025,12,01/07,3920642912,Q2,3848301349,30340,26,lb/d,13774.35988426,=,07/08/2025,
3602878711,NM0020583,0,3600584104,001,EXO,3600645646,A,3600891019,3606350744,12/01/2024,11/30/2026,1,1,70295,"Solids, total dissolved",2,,,3610838803,C2,449,19,mg/L,19,mg/L,449,3C,AVG,<=,N,12,01/07,ENF,3621391573,06/30/2025,12,01/07,3920643997,C2,3848301355,281,19,mg/L,281,=,07/08/2025,
3602878711,NM0020583,0,3600584104,001,EXO,3600645646,A,3600891019,3606350744,12/01/2024,11/30/2026,1,1,70295,"Solids, total dissolved",2,,,3610838801,Q1,24992,26,lb/d,01,kg/d,11346.36790466,3C,AVG,<=,N,12,01/07,ENF,3621391573,06/30/2025,12,01/07,3920643999,Q1,3848301353,12788,26,lb/d,5805.75195122,=,07/08/2025,
3602878711,NM0020583,0,3600584104,001,EXO,3600645646,A,3600891019,3606239977,12/01/2021,11/30/2026,1,1,70295,"Solids, total dissolved",0,,,3610673276,C3,,19,mg/L,19,mg/L,,DD,MAX,,N,12,01/07,ENF,3621391573,06/30/2025,12,01/07,3920642906,C3,3848301364,361,19,mg/L,361,=,07/08/2025,
3602878711,NM0020583,0,3600584104,001,EXO,3600645646,A,3600891019,3606239977,12/01/2021,11/30/2026,1,1,70295,"Solids, total dissolved",0,,,3610673273,Q1,,26,lb/d,01,kg/d,,3C,AVG,,N,12,01/07,ENF,3621391573,06/30/2025,12,01/07,3920642907,Q1,3848301361,44302,26,lb/d,20113.107831,=,07/08/2025,
3602878711,NM0020583,0,3600584104,001,EXO,3600645646,A,3600891019,3606350744,12/01/2024,11/30/2026,1,1,70295,"Solids, total dissolved",2,,,3610838804,C3,,19,mg/L,19,mg/L,,DD,MAX,,N,12,01/07,ENF,3621391573,06/30/2025,12,01/07,3920643998,C3,3848301356,299,19,mg/L,299,=,07/08/2025,
3602878711,NM0020583,0,3600584104,001,EXO,3600645646,A,3600891019,3606239980,12/01/2021,11/30/2026,1,1,70295,"Solids, total dissolved",1,,,3610673287,C2,,19,mg/L,19,mg/L,,3C,AVG,,N,12,01/07,ENF,3621391573,06/30/2025,12,01/07,3920642909,C2,3848301350,631,19,mg/L,631,=,07/08/2025,
3602878711,NM0020583,0,3600584104,001,EXO,3600645646,A,3600891019,3606239980,12/01/2021,11/30/2026,1,1,70295,"Solids, total dissolved",1,,,3610673288,C3,,19,mg/L,19,mg/L,,DD,MAX,,N,12,01/07,ENF,3621391573,06/30/2025,12,01/07,3920642910,C3,3848301351,660,19,mg/L,660,=,07/08/2025,
3602878711,NM0020583,0,3600584104,001,EXO,3600645646,A,3600891019,3606239977,12/01/2021,11/30/2026,1,1,70295,"Solids, total dissolved",0,,,3610673274,Q2,,26,lb/d,01,kg/d,,DD,MAX,,N,12,01/07,ENF,3621391573,06/30/2025,12,01/07,3920642908,Q2,3848301362,49417,26,lb/d,22435.31781149,=,07/08/2025,
3602878711,NM0020583,0,3600584104,001,EXO,3600645646,A,3600891019,3606239977,12/01/2021,11/30/2026,1,1,70295,"Solids, total dissolved",0,,,3610673275,C2,,19,mg/L,19,mg/L,,3C,AVG,,N,12,01/07,ENF,3621391573,06/30/2025,12,01/07,3920642905,C2,3848301363,350,19,mg/L,350,=,07/08/2025,
3602878711,NM0020583,0,3600584104,001,EXO,3600645646,A,3600891019,3606239980,12/01/2021,11/30/2026,1,1,70295,"Solids, total dissolved",1,,,3610673285,Q1,,26,lb/d,01,kg/d,,3C,AVG,,N,12,01/07,ENF,3621391573,06/30/2025,12,01/07,3920642911,Q1,3848301348,29468,26,lb/d,13378.47188759,=,07/08/2025,
3602878711,NM0020583,0,3600584104,001,EXO,3600645646,A,3600891019,3606350744,12/01/2024,11/30/2026,1,1,70295,"Solids, total dissolved",2,,,3610838804,C3,,19,mg/L,19,mg/L,,DD,MAX,,N,12,01/07,ENF,3621391574,07/31/2025,12,01/07,3920644002,C3,3851430858,258,19,mg/L,258,=,08/18/2025,
3602878711,NM0020583,0,3600584104,001,EXO,3600645646,A,3600891019,3606239980,12/01/2021,11/30/2026,1,1,70295,"Solids, total dissolved",1,,,3610673285,Q1,,26,lb/d,01,kg/d,,3C,AVG,,N,12,01/07,ENF,3621391574,07/31/2025,12,01/07,3920642943,Q1,3851430851,28614,26,lb/d,12990.75589085,=,08/18/2025,
3602878711,NM0020583,0,3600584104,001,EXO,3600645646,A,3600891019,3606239977,12/01/2021,11/30/2026,1,1,70295,"Solids, total dissolved",0,,,3610673274,Q2,,26,lb/d,01,kg/d,,DD,MAX,,N,12,01/07,ENF,3621391574,07/31/2025,12,01/07,3920642940,Q2,3851430839,57249,26,lb/d,25991.04578161,=,08/18/2025,
3602878711,NM0020583,0,3600584104,001,EXO,3600645646,A,3600891019,3606239977,12/01/2021,11/30/2026,1,1,70295,"Solids, total dissolved",0,,,3610673275,C2,,19,mg/L,19,mg/L,,3C,AVG,,N,12,01/07,ENF,3621391574,07/31/2025,12,01/07,3920642937,C2,3851430840,324,19,mg/L,324,=,08/18/2025,
3602878711,NM0020583,0,3600584104,001,EXO,3600645646,A,3600891019,3606239980,12/01/2021,11/30/2026,1,1,70295,"Solids, total dissolved",1,,,3610673287,C2,,19,mg/L,19,mg/L,,3C,AVG,,N,12,01/07,ENF,3621391574,07/31/2025,12,01/07,3920642941,C2,3851430853,571,19,mg/L,571,=,08/18/2025,
3602878711,NM0020583,0,3600584104,001,EXO,3600645646,A,3600891019,3606239980,12/01/2021,11/30/2026,1,1,70295,"Solids, total dissolved",1,,,3610673288,C3,,19,mg/L,19,mg/L,,DD,MAX,,N,12,01/07,ENF,3621391574,07/31/2025,12,01/07,3920642942,C3,3851430854,583,19,mg/L,583,=,08/18/2025,
3602878711,NM0020583,0,3600584104,001,EXO,3600645646,A,3600891019,3606350744,12/01/2024,11/30/2026,1,1,70295,"Solids, total dissolved",2,,,3610838802,Q2,,26,lb/d,01,kg/d,,DD,MAX,,N,12,01/07,ENF,3621391574,07/31/2025,12,01/07,3920644004,Q2,3851430856,13443,26,lb/d,6103.12194872,=,08/18/2025,
3602878711,NM0020583,0,3600584104,001,EXO,3600645646,A,3600891019,3606239977,12/01/2021,11/30/2026,1,1,70295,"Solids, total dissolved",0,,,3610673276,C3,,19,mg/L,19,mg/L,,DD,MAX,,N,12,01/07,ENF,3621391574,07/31/2025,12,01/07,3920642938,C3,3851430841,330,19,mg/L,330,=,08/18/2025,
3602878711,NM0020583,0,3600584104,001,EXO,3600645646,A,3600891019,3606239977,12/01/2021,11/30/2026,1,1,70295,"Solids, total dissolved",0,,,3610673273,Q1,,26,lb/d,01,kg/d,,3C,AVG,,N,12,01/07,ENF,3621391574,07/31/2025,12,01/07,3920642939,Q1,3851430838,44291,26,lb/d,20108.11383104,=,08/18/2025,
3602878711,NM0020583,0,3600584104,001,EXO,3600645646,A,3600891019,3606350744,12/01/2024,11/30/2026,1,1,70295,"Solids, total dissolved",2,,,3610838801,Q1,24992,26,lb/d,01,kg/d,11346.36790466,3C,AVG,<=,N,12,01/07,ENF,3621391574,07/31/2025,12,01/07,3920644003,Q1,3851430855,12141,26,lb/d,5512.01395369,=,08/18/2025,
3602878711,NM0020583,0,3600584104,001,EXO,3600645646,A,3600891019,3606350744,12/01/2024,11/30/2026,1,1,70295,"Solids, total dissolved",2,,,3610838803,C2,449,19,mg/L,19,mg/L,449,3C,AVG,<=,N,12,01/07,ENF,3621391574,07/31/2025,12,01/07,3920644001,C2,3851430857,247,19,mg/L,247,=,08/18/2025,
3602878711,NM0020583,0,3600584104,001,EXO,3600645646,A,3600891019,3606239980,12/01/2021,11/30/2026,1,1,70295,"Solids, total dissolved",1,,,3610673286,Q2,,26,lb/d,01,kg/d,,DD,MAX,,N,12,01/07,ENF,3621391574,07/31/2025,12,01/07,3920642944,Q2,3851430852,31899,26,lb/d,14482.14587831,=,08/18/2025,
3602878711,NM0020583,0,3600584104,001,EXO,3600645646,A,3600891019,3606350744,12/01/2024,11/30/2026,1,1,70295,"Solids, total dissolved",2,,,3610838802,Q2,,26,lb/d,01,kg/d,,DD,MAX,,N,12,01/07,ENF,3621391575,08/31/2025,12,01/07,3920644008,Q2,3853940586,11697,26,lb/d,5310.43795538,=,09/15/2025,
3602878711,NM0020583,0,3600584104,001,EXO,3600645646,A,3600891019,3606239980,12/01/2021,11/30/2026,1,1,70295,"Solids, total dissolved",1,,,3610673286,Q2,,26,lb/d,01,kg/d,,DD,MAX,,N,12,01/07,ENF,3621391575,08/31/2025,12,01/07,3920642976,Q2,3853940615,28249,26,lb/d,12825.04589224,=,09/15/2025,
3602878711,NM0020583,0,3600584104,001,EXO,3600645646,A,3600891019,3606350744,12/01/2024,11/30/2026,1,1,70295,"Solids, total dissolved",2,,,3610838803,C2,449,19,mg/L,19,mg/L,449,3C,AVG,<=,N,12,01/07,ENF,3621391575,08/31/2025,12,01/07,3920644005,C2,3853940587,219,19,mg/L,219,=,09/15/2025,
3602878711,NM0020583,0,3600584104,001,EXO,3600645646,A,3600891019,3606350744,12/01/2024,11/30/2026,1,1,70295,"Solids, total dissolved",2,,,3610838801,Q1,24992,26,lb/d,01,kg/d,11346.36790466,3C,AVG,<=,N,12,01/07,ENF,3621391575,08/31/2025,12,01/07,3920644007,Q1,3853940583,10296,26,lb/d,4674.38396072,=,09/15/2025,
3602878711,NM0020583,0,3600584104,001,EXO,3600645646,A,3600891019,3606239977,12/01/2021,11/30/2026,1,1,70295,"Solids, total dissolved",0,,,3610673274,Q2,,26,lb/d,01,kg/d,,DD,MAX,,N,12,01/07,ENF,3621391575,08/31/2025,12,01/07,3920642972,Q2,3853940602,59167,26,lb/d,26861.8177743,=,09/15/2025,
3602878711,NM0020583,0,3600584104,001,EXO,3600645646,A,3600891019,3606239977,12/01/2021,11/30/2026,1,1,70295,"Solids, total dissolved",0,,,3610673275,C2,,19,mg/L,19,mg/L,,3C,AVG,,N,12,01/07,ENF,3621391575,08/31/2025,12,01/07,3920642969,C2,3853940604,358,19,mg/L,358,=,09/15/2025,
3602878711,NM0020583,0,3600584104,001,EXO,3600645646,A,3600891019,3606239977,12/01/2021,11/30/2026,1,1,70295,"Solids, total dissolved",0,,,3610673273,Q1,,26,lb/d,01,kg/d,,3C,AVG,,N,12,01/07,ENF,3621391575,08/31/2025,12,01/07,3920642971,Q1,3853940600,41573,26,lb/d,18874.14184141,=,09/15/2025,
3602878711,NM0020583,0,3600584104,001,EXO,3600645646,A,3600891019,3606239977,12/01/2021,11/30/2026,1,1,70295,"Solids, total dissolved",0,,,3610673276,C3,,19,mg/L,19,mg/L,,DD,MAX,,N,12,01/07,ENF,3621391575,08/31/2025,12,01/07,3920642970,C3,3853940605,431,19,mg/L,431,=,09/15/2025,
3602878711,NM0020583,0,3600584104,001,EXO,3600645646,A,3600891019,3606350744,12/01/2024,11/30/2026,1,1,70295,"Solids, total dissolved",2,,,3610838804,C3,,19,mg/L,19,mg/L,,DD,MAX,,N,12,01/07,ENF,3621391575,08/31/2025,12,01/07,3920644006,C3,3853940589,265,19,mg/L,265,=,09/15/2025,
3602878711,NM0020583,0,3600584104,001,EXO,3600645646,A,3600891019,3606239980,12/01/2021,11/30/2026,1,1,70295,"Solids, total dissolved",1,,,3610673285,Q1,,26,lb/d,01,kg/d,,3C,AVG,,N,12,01/07,ENF,3621391575,08/31/2025,12,01/07,3920642975,Q1,3853940614,27367,26,lb/d,12424.6178956,=,09/15/2025,
3602878711,NM0020583,0,3600584104,001,EXO,3600645646,A,3600891019,3606239980,12/01/2021,11/30/2026,1,1,70295,"Solids, total dissolved",1,,,3610673287,C2,,19,mg/L,19,mg/L,,3C,AVG,,N,12,01/07,ENF,3621391575,08/31/2025,12,01/07,3920642973,C2,3853940616,577,19,mg/L,577,=,09/15/2025,
3602878711,NM0020583,0,3600584104,001,EXO,3600645646,A,3600891019,3606239980,12/01/2021,11/30/2026,1,1,70295,"Solids, total dissolved",1,,,3610673288,C3,,19,mg/L,19,mg/L,,DD,MAX,,N,12,01/07,ENF,3621391575,08/31/2025,12,01/07,3920642974,C3,3853940620,606,19,mg/L,606,=,09/15/2025,
3602878711,NM0020583,0,3600584104,001,EXO,3600645646,A,3600891019,3606239980,12/01/2021,11/30/2026,1,1,70295,"Solids, total dissolved",1,,,3610673285,Q1,,26,lb/d,01,kg/d,,3C,AVG,,N,12,01/07,ENF,3621391576,09/30/2025,12,01/07,3920643007,Q1,3855797858,28298,26,lb/d,12847.29189205,=,10/14/2025,
3602878711,NM0020583,0,3600584104,001,EXO,3600645646,A,3600891019,3606350744,12/01/2024,11/30/2026,1,1,70295,"Solids, total dissolved",2,,,3610838804,C3,,19,mg/L,19,mg/L,,DD,MAX,,N,12,01/07,ENF,3621391576,09/30/2025,12,01/07,3920644010,C3,3855797833,276,19,mg/L,276,=,10/14/2025,
3602878711,NM0020583,0,3600584104,001,EXO,3600645646,A,3600891019,3606239980,12/01/2021,11/30/2026,1,1,70295,"Solids, total dissolved",1,,,3610673288,C3,,19,mg/L,19,mg/L,,DD,MAX,,N,12,01/07,ENF,3621391576,09/30/2025,12,01/07,3920643006,C3,3855797861,635,19,mg/L,635,=,10/14/2025,
3602878711,NM0020583,0,3600584104,001,EXO,3600645646,A,3600891019,3606239980,12/01/2021,11/30/2026,1,1,70295,"Solids, total dissolved",1,,,3610673287,C2,,19,mg/L,19,mg/L,,3C,AVG,,N,12,01/07,ENF,3621391576,09/30/2025,12,01/07,3920643005,C2,3855797860,617,19,mg/L,617,=,10/14/2025,
3602878711,NM0020583,0,3600584104,001,EXO,3600645646,A,3600891019,3606239977,12/01/2021,11/30/2026,1,1,70295,"Solids, total dissolved",0,,,3610673275,C2,,19,mg/L,19,mg/L,,3C,AVG,,N,12,01/07,ENF,3621391576,09/30/2025,12,01/07,3920643001,C2,3855797841,357,19,mg/L,357,=,10/14/2025,
3602878711,NM0020583,0,3600584104,001,EXO,3600645646,A,3600891019,3606239977,12/01/2021,11/30/2026,1,1,70295,"Solids, total dissolved",0,,,3610673274,Q2,,26,lb/d,01,kg/d,,DD,MAX,,N,12,01/07,ENF,3621391576,09/30/2025,12,01/07,3920643004,Q2,3855797840,41304,26,lb/d,18752.01584244,=,10/14/2025,
3602878711,NM0020583,0,3600584104,001,EXO,3600645646,A,3600891019,3606239977,12/01/2021,11/30/2026,1,1,70295,"Solids, total dissolved",0,,,3610673273,Q1,,26,lb/d,01,kg/d,,3C,AVG,,N,12,01/07,ENF,3621391576,09/30/2025,12,01/07,3920643003,Q1,3855797839,31537,26,lb/d,14317.7978797,=,10/14/2025,
3602878711,NM0020583,0,3600584104,001,EXO,3600645646,A,3600891019,3606239977,12/01/2021,11/30/2026,1,1,70295,"Solids, total dissolved",0,,,3610673276,C3,,19,mg/L,19,mg/L,,DD,MAX,,N,12,01/07,ENF,3621391576,09/30/2025,12,01/07,3920643002,C3,3855797842,367,19,mg/L,367,=,10/14/2025,
3602878711,NM0020583,0,3600584104,001,EXO,3600645646,A,3600891019,3606350744,12/01/2024,11/30/2026,1,1,70295,"Solids, total dissolved",2,,,3610838801,Q1,24992,26,lb/d,01,kg/d,11346.36790466,3C,AVG,<=,N,12,01/07,ENF,3621391576,09/30/2025,12,01/07,3920644011,Q1,3855797830,11794,26,lb/d,5354.47595501,=,10/14/2025,
3602878711,NM0020583,0,3600584104,001,EXO,3600645646,A,3600891019,3606350744,12/01/2024,11/30/2026,1,1,70295,"Solids, total dissolved",2,,,3610838803,C2,449,19,mg/L,19,mg/L,449,3C,AVG,<=,N,12,01/07,ENF,3621391576,09/30/2025,12,01/07,3920644009,C2,3855797832,261,19,mg/L,261,=,10/14/2025,
3602878711,NM0020583,0,3600584104,001,EXO,3600645646,A,3600891019,3606239980,12/01/2021,11/30/2026,1,1,70295,"Solids, total dissolved",1,,,3610673286,Q2,,26,lb/d,01,kg/d,,DD,MAX,,N,12,01/07,ENF,3621391576,09/30/2025,12,01/07,3920643008,Q2,3855797859,30409,26,lb/d,13805.685884,=,10/14/2025,
3602878711,NM0020583,0,3600584104,001,EXO,3600645646,A,3600891019,3606350744,12/01/2024,11/30/2026,1,1,70295,"Solids, total dissolved",2,,,3610838802,Q2,,26,lb/d,01,kg/d,,DD,MAX,,N,12,01/07,ENF,3621391576,09/30/2025,12,01/07,3920644012,Q2,3855797831,12197,26,lb/d,5537.43795347,=,10/14/2025,
3602944933,NM0028762,0,3600602070,001,EXO,3600657419,Q,3600904606,3606351870,01/01/2022,12/31/2026,3,3,70295,"Solids, total dissolved",1,,,3610840336,Q2,,26,lb/d,01,kg/d,,DD,MAX,,N,GR,01/90,ENF,3621395432,12/31/2024,GR,01/90,3920701168,Q2,3834138392,232.18,26,lb/d,105.40971911,=,01/07/2025,
3602944933,NM0028762,0,3600602070,001,EXO,3600657419,Q,3600904606,3606351870,01/01/2022,12/31/2026,3,3,70295,"Solids, total dissolved",1,,,3610840337,Q1,,26,lb/d,01,kg/d,,MK,AVG,,N,GR,01/90,ENF,3621395432,12/31/2024,GR,01/90,3920701167,Q1,3834138391,232.18,26,lb/d,105.40971911,=,01/07/2025,
3602944933,NM0028762,0,3600602070,001,EXO,3600657419,Q,3600904606,3606351870,01/01/2022,12/31/2026,3,3,70295,"Solids, total dissolved",1,,,3610840338,C2,,19,mg/L,19,mg/L,,MK,AVG,,N,GR,01/90,ENF,3621395432,12/31/2024,GR,01/90,3920701165,C2,3834138393,480,19,mg/L,480,=,01/07/2025,
3602944933,NM0028762,0,3600602070,001,EXO,3600657419,Q,3600904606,3606351870,01/01/2022,12/31/2026,3,3,70295,"Solids, total dissolved",1,,,3610840339,C3,,19,mg/L,19,mg/L,,DD,MAX,,N,GR,01/90,ENF,3621395432,12/31/2024,GR,01/90,3920701166,C3,3834138394,480,19,mg/L,480,=,01/07/2025,
3602944933,NM0028762,0,3600602070,001,EXO,3600657419,Q,3600904606,3606351870,01/01/2022,12/31/2026,3,3,70295,"Solids, total dissolved",1,,,3610840338,C2,,19,mg/L,19,mg/L,,MK,AVG,,N,GR,01/90,ENF,3621395433,03/31/2025,GR,01/90,3920701173,C2,3841570388,550,19,mg/L,550,=,04/21/2025,
3602944933,NM0028762,0,3600602070,001,EXO,3600657419,Q,3600904606,3606351870,01/01/2022,12/31/2026,3,3,70295,"Solids, total dissolved",1,,,3610840339,C3,,19,mg/L,19,mg/L,,DD,MAX,,N,GR,01/90,ENF,3621395433,03/31/2025,GR,01/90,3920701174,C3,3841570390,550,19,mg/L,550,=,04/21/2025,
3602944933,NM0028762,0,3600602070,001,EXO,3600657419,Q,3600904606,3606351870,01/01/2022,12/31/2026,3,3,70295,"Solids, total dissolved",1,,,3610840336,Q2,,26,lb/d,01,kg/d,,DD,MAX,,N,GR,01/90,ENF,3621395433,03/31/2025,GR,01/90,3920701176,Q2,3841570386,119,26,lb/d,54.02599955,=,04/21/2025,
3602944933,NM0028762,0,3600602070,001,EXO,3600657419,Q,3600904606,3606351870,01/01/2022,12/31/2026,3,3,70295,"Solids, total dissolved",1,,,3610840337,Q1,,26,lb/d,01,kg/d,,MK,AVG,,N,GR,01/90,ENF,3621395433,03/31/2025,GR,01/90,3920701175,Q1,3841570383,119,26,lb/d,54.02599955,=,04/21/2025,
3602944933,NM0028762,0,3600602070,001,EXO,3600657419,Q,3600904606,3606351870,01/01/2022,12/31/2026,3,3,70295,"Solids, total dissolved",1,,,3610840339,C3,,19,mg/L,19,mg/L,,DD,MAX,,N,GR,01/90,ENF,3621395434,06/30/2025,GR,01/90,3920701182,C3,3848381215,380,19,mg/L,380,=,07/10/2025,
3602944933,NM0028762,0,3600602070,001,EXO,3600657419,Q,3600904606,3606351870,01/01/2022,12/31/2026,3,3,70295,"Solids, total dissolved",1,,,3610840336,Q2,,26,lb/d,01,kg/d,,DD,MAX,,N,GR,01/90,ENF,3621395434,06/30/2025,GR,01/90,3920701184,Q2,3848381209,274,26,lb/d,124.39599895,=,07/10/2025,
3602944933,NM0028762,0,3600602070,001,EXO,3600657419,Q,3600904606,3606351870,01/01/2022,12/31/2026,3,3,70295,"Solids, total dissolved",1,,,3610840337,Q1,,26,lb/d,01,kg/d,,MK,AVG,,N,GR,01/90,ENF,3621395434,06/30/2025,GR,01/90,3920701183,Q1,3848381206,274,26,lb/d,124.39599895,=,07/10/2025,
3602944933,NM0028762,0,3600602070,001,EXO,3600657419,Q,3600904606,3606351870,01/01/2022,12/31/2026,3,3,70295,"Solids, total dissolved",1,,,3610840338,C2,,19,mg/L,19,mg/L,,MK,AVG,,N,GR,01/90,ENF,3621395434,06/30/2025,GR,01/90,3920701181,C2,3848381212,380,19,mg/L,380,=,07/10/2025,
3602944933,NM0028762,0,3600602070,001,EXO,3600657419,Q,3600904606,3606351870,01/01/2022,12/31/2026,3,3,70295,"Solids, total dissolved",1,,,3610840338,C2,,19,mg/L,19,mg/L,,MK,AVG,,N,GR,01/90,ENF,3621395435,09/30/2025,GR,01/90,3920701189,C2,3855469132,410,19,mg/L,410,=,10/06/2025,
3602944933,NM0028762,0,3600602070,001,EXO,3600657419,Q,3600904606,3606351870,01/01/2022,12/31/2026,3,3,70295,"Solids, total dissolved",1,,,3610840339,C3,,19,mg/L,19,mg/L,,DD,MAX,,N,GR,01/90,ENF,3621395435,09/30/2025,GR,01/90,3920701190,C3,3855469133,410,19,mg/L,410,=,10/06/2025,
3602944933,NM0028762,0,3600602070,001,EXO,3600657419,Q,3600904606,3606351870,01/01/2022,12/31/2026,3,3,70295,"Solids, total dissolved",1,,,3610840336,Q2,,26,lb/d,01,kg/d,,DD,MAX,,N,GR,01/90,ENF,3621395435,09/30/2025,GR,01/90,3920701192,Q2,3855469131,234,26,lb/d,106.23599911,=,10/06/2025,
3602944933,NM0028762,0,3600602070,001,EXO,3600657419,Q,3600904606,3606351870,01/01/2022,12/31/2026,3,3,70295,"Solids, total dissolved",1,,,3610840337,Q1,,26,lb/d,01,kg/d,,MK,AVG,,N,GR,01/90,ENF,3621395435,09/30/2025,GR,01/90,3920701191,Q1,3855469130,234,26,lb/d,106.23599911,=,10/06/2025,
3602878711,NM0020583,0,3600584104,001,EXO,3600645646,A,3600891019,3606239976,12/01/2021,11/30/2026,1,1,51040,E. coli,1,,,3610673270,C3,235,3Z,CFU/100mL,30,MPN/100mL,235,DD,MAX,<=,N,GR,05/WK,ENF,3621391565,10/31/2024,GR,05/WK,3920642646,C3,3831416450,8,3Z,CFU/100mL,8,=,11/14/2024,
3602878711,NM0020583,0,3600584104,001,EXO,3600645646,A,3600891019,3606239976,12/01/2021,11/30/2026,1,1,51040,E. coli,1,,,3610673269,C2,126,3Z,CFU/100mL,30,MPN/100mL,126,3H,AVG,<=,N,GR,05/WK,ENF,3621391565,10/31/2024,GR,05/WK,3920642645,C2,3831416449,2,3Z,CFU/100mL,2,=,11/14/2024,
3602878711,NM0020583,0,3600584104,001,EXO,3600645646,A,3600891019,3606239976,12/01/2021,11/30/2026,1,1,51040,E. coli,1,,,3610673271,Q1,31900,9Z,MCFU/d,9Y,CFU/d,31900000000,3H,AVG,<=,N,GR,05/WK,ENF,3621391565,10/31/2024,GR,05/WK,3920642647,Q1,3831416447,280,9Z,MCFU/d,280000000,=,11/14/2024,
3602878711,NM0020583,0,3600584104,001,EXO,3600645646,A,3600891019,3606239976,12/01/2021,11/30/2026,1,1,51040,E. coli,1,,,3610673272,Q2,31900,9Z,MCFU/d,9Y,CFU/d,31900000000,DD,MAX,<=,N,GR,05/WK,ENF,3621391565,10/31/2024,GR,05/WK,3920642648,Q2,3831416448,1438,9Z,MCFU/d,1438000000,=,11/14/2024,
3602878711,NM0020583,0,3600584104,001,EXO,3600645646,A,3600891019,3606239976,12/01/2021,11/30/2026,1,1,51040,E. coli,1,,,3610673272,Q2,31900,9Z,MCFU/d,9Y,CFU/d,31900000000,DD,MAX,<=,N,GR,05/WK,ENF,3621391566,11/30/2024,GR,05/WK,3920642680,Q2,3832994557,1474,9Z,MCFU/d,1474000000,=,12/16/2024,
3602878711,NM0020583,0,3600584104,001,EXO,3600645646,A,3600891019,3606239976,12/01/2021,11/30/2026,1,1,51040,E. coli,1,,,3610673271,Q1,31900,9Z,MCFU/d,9Y,CFU/d,31900000000,3H,AVG,<=,N,GR,05/WK,ENF,3621391566,11/30/2024,GR,05/WK,3920642679,Q1,3832994556,267,9Z,MCFU/d,267000000,=,12/16/2024,
3602878711,NM0020583,0,3600584104,001,EXO,3600645646,A,3600891019,3606239976,12/01/2021,11/30/2026,1,1,51040,E. coli,1,,,3610673270,C3,235,3Z,CFU/100mL,30,MPN/100mL,235,DD,MAX,<=,N,GR,05/WK,ENF,3621391566,11/30/2024,GR,05/WK,3920642678,C3,3832994559,10,3Z,CFU/100mL,10,=,12/16/2024,
3602878711,NM0020583,0,3600584104,001,EXO,3600645646,A,3600891019,3606239976,12/01/2021,11/30/2026,1,1,51040,E. coli,1,,,3610673269,C2,126,3Z,CFU/100mL,30,MPN/100mL,126,3H,AVG,<=,N,GR,05/WK,ENF,3621391566,11/30/2024,GR,05/WK,3920642677,C2,3832994558,2,3Z,CFU/100mL,2,=,12/16/2024,
3602878711,NM0020583,0,3600584104,001,EXO,3600645646,A,3600891019,3606239976,12/01/2021,11/30/2026,1,1,51040,E. coli,1,,,3610673270,C3,235,3Z,CFU/100mL,30,MPN/100mL,235,DD,MAX,<=,N,GR,05/WK,ENF,3621391567,12/31/2024,GR,05/WK,3920642710,C3,3834617618,208,3Z,CFU/100mL,208,=,01/15/2025,
3602878711,NM0020583,0,3600584104,001,EXO,3600645646,A,3600891019,3606239976,12/01/2021,11/30/2026,1,1,51040,E. coli,1,,,3610673269,C2,126,3Z,CFU/100mL,30,MPN/100mL,126,3H,AVG,<=,N,GR,05/WK,ENF,3621391567,12/31/2024,GR,05/WK,3920642709,C2,3834617617,7,3Z,CFU/100mL,7,=,01/15/2025,
3602878711,NM0020583,0,3600584104,001,EXO,3600645646,A,3600891019,3606239976,12/01/2021,11/30/2026,1,1,51040,E. coli,1,,,3610673272,Q2,31900,9Z,MCFU/d,9Y,CFU/d,31900000000,DD,MAX,<=,N,GR,05/WK,ENF,3621391567,12/31/2024,GR,05/WK,3920642712,Q2,3834617616,26449,9Z,MCFU/d,26449000000,=,01/15/2025,
3602878711,NM0020583,0,3600584104,001,EXO,3600645646,A,3600891019,3606239976,12/01/2021,11/30/2026,1,1,51040,E. coli,1,,,3610673271,Q1,31900,9Z,MCFU/d,9Y,CFU/d,31900000000,3H,AVG,<=,N,GR,05/WK,ENF,3621391567,12/31/2024,GR,05/WK,3920642711,Q1,3834617615,917,9Z,MCFU/d,917000000,=,01/15/2025,
3602878711,NM0020583,0,3600584104,001,EXO,3600645646,A,3600891019,3606239976,12/01/2021,11/30/2026,1,1,51040,E. coli,1,,,3610673271,Q1,31900,9Z,MCFU/d,9Y,CFU/d,31900000000,3H,AVG,<=,N,GR,05/WK,ENF,3621391568,01/31/2025,GR,05/WK,3920642743,Q1,3837049252,214,9Z,MCFU/d,214000000,=,02/18/2025,
3602878711,NM0020583,0,3600584104,001,EXO,3600645646,A,3600891019,3606239976,12/01/2021,11/30/2026,1,1,51040,E. coli,1,,,3610673272,Q2,31900,9Z,MCFU/d,9Y,CFU/d,31900000000,DD,MAX,<=,N,GR,05/WK,ENF,3621391568,01/31/2025,GR,05/WK,3920642744,Q2,3837049253,613,9Z,MCFU/d,613000000,=,02/18/2025,
3602878711,NM0020583,0,3600584104,001,EXO,3600645646,A,3600891019,3606239976,12/01/2021,11/30/2026,1,1,51040,E. coli,1,,,3610673269,C2,126,3Z,CFU/100mL,30,MPN/100mL,126,3H,AVG,<=,N,GR,05/WK,ENF,3621391568,01/31/2025,GR,05/WK,3920642741,C2,3837049254,5,3Z,CFU/100mL,5,=,02/18/2025,
3602878711,NM0020583,0,3600584104,001,EXO,3600645646,A,3600891019,3606239976,12/01/2021,11/30/2026,1,1,51040,E. coli,1,,,3610673270,C3,235,3Z,CFU/100mL,30,MPN/100mL,235,DD,MAX,<=,N,GR,05/WK,ENF,3621391568,01/31/2025,GR,05/WK,3920642742,C3,3837049255,208,3Z,CFU/100mL,208,=,02/18/2025,
3602878711,NM0020583,0,3600584104,001,EXO,3600645646,A,3600891019,3606239976,12/01/2021,11/30/2026,1,1,51040,E. coli,1,,,3610673270,C3,235,3Z,CFU/100mL,30,MPN/100mL,235,DD,MAX,<=,N,GR,05/WK,ENF,3621391569,02/28/2025,GR,05/WK,3920642774,C3,3839823748,15,3Z,CFU/100mL,15,=,03/14/2025,
3602878711,NM0020583,0,3600584104,001,EXO,3600645646,A,3600891019,3606239976,12/01/2021,11/30/2026,1,1,51040,E. coli,1,,,3610673269,C2,126,3Z,CFU/100mL,30,MPN/100mL,126,3H,AVG,<=,N,GR,05/WK,ENF,3621391569,02/28/2025,GR,05/WK,3920642773,C2,3839823747,2,3Z,CFU/100mL,2,=,03/14/2025,
3602878711,NM0020583,0,3600584104,001,EXO,3600645646,A,3600891019,3606239976,12/01/2021,11/30/2026,1,1,51040,E. coli,1,,,3610673272,Q2,31900,9Z,MCFU/d,9Y,CFU/d,31900000000,DD,MAX,<=,N,GR,05/WK,ENF,3621391569,02/28/2025,GR,05/WK,3920642776,Q2,3839823746,2204,9Z,MCFU/d,2204000000,=,03/14/2025,
3602878711,NM0020583,0,3600584104,001,EXO,3600645646,A,3600891019,3606239976,12/01/2021,11/30/2026,1,1,51040,E. coli,1,,,3610673271,Q1,31900,9Z,MCFU/d,9Y,CFU/d,31900000000,3H,AVG,<=,N,GR,05/WK,ENF,3621391569,02/28/2025,GR,05/WK,3920642775,Q1,3839823745,305,9Z,MCFU/d,305000000,=,03/14/2025,
3602878711,NM0020583,0,3600584104,001,EXO,3600645646,A,3600891019,3606239976,12/01/2021,11/30/2026,1,1,51040,E. coli,1,,,3610673272,Q2,31900,9Z,MCFU/d,9Y,CFU/d,31900000000,DD,MAX,<=,N,GR,05/WK,ENF,3621391570,03/31/2025,GR,05/WK,3920642808,Q2,3840988774,2216,9Z,MCFU/d,2216000000,=,04/11/2025,
3602878711,NM0020583,0,3600584104,001,EXO,3600645646,A,3600891019,3606239976,12/01/2021,11/30/2026,1,1,51040,E. coli,1,,,3610673271,Q1,31900,9Z,MCFU/d,9Y,CFU/d,31900000000,3H,AVG,<=,N,GR,05/WK,ENF,3621391570,03/31/2025,GR,05/WK,3920642807,Q1,3840988773,771,9Z,MCFU/d,771000000,=,04/11/2025,
3602878711,NM0020583,0,3600584104,001,EXO,3600645646,A,3600891019,3606239976,12/01/2021,11/30/2026,1,1,51040,E. coli,1,,,3610673269,C2,126,3Z,CFU/100mL,30,MPN/100mL,126,3H,AVG,<=,N,GR,05/WK,ENF,3621391570,03/31/2025,GR,05/WK,3920642805,C2,3840988775,5,3Z,CFU/100mL,5,=,04/11/2025,
3602878711,NM0020583,0,3600584104,001,EXO,3600645646,A,3600891019,3606239976,12/01/2021,11/30/2026,1,1,51040,E. coli,1,,,3610673270,C3,235,3Z,CFU/100mL,30,MPN/100mL,235,DD,MAX,<=,N,GR,05/WK,ENF,3621391570,03/31/2025,GR,05/WK,3920642806,C3,3840988776,13,3Z,CFU/100mL,13,=,04/11/2025,
3602878711,NM0020583,0,3600584104,001,EXO,3600645646,A,3600891019,3606239976,12/01/2021,11/30/2026,1,1,51040,E. coli,1,,,3610673270,C3,235,3Z,CFU/100mL,30,MPN/100mL,235,DD,MAX,<=,N,GR,05/WK,ENF,3621391571,04/30/2025,GR,05/WK,3920642838,C3,3845625293,69,30,MPN/100mL,69,=,05/15/2025,
3602878711,NM0020583,0,3600584104,001,EXO,3600645646,A,3600891019,3606239976,12/01/2021,11/30/2026,1,1,51040,E. coli,1,,,3610673269,C2,126,3Z,CFU/100mL,30,MPN/100mL,126,3H,AVG,<=,N,GR,05/WK,ENF,3621391571,04/30/2025,GR,05/WK,3920642837,C2,3845625292,17,30,MPN/100mL,17,=,05/15/2025,
3602878711,NM0020583,0,3600584104,001,EXO,3600645646,A,3600891019,3606239976,12/01/2021,11/30/2026,1,1,51040,E. coli,1,,,3610673271,Q1,31900,9Z,MCFU/d,9Y,CFU/d,31900000000,3H,AVG,<=,N,GR,05/WK,ENF,3621391571,04/30/2025,GR,05/WK,3920642839,Q1,3845625290,3133,9Z,MCFU/d,3133000000,=,05/15/2025,
3602878711,NM0020583,0,3600584104,001,EXO,3600645646,A,3600891019,3606239976,12/01/2021,11/30/2026,1,1,51040,E. coli,1,,,3610673272,Q2,31900,9Z,MCFU/d,9Y,CFU/d,31900000000,DD,MAX,<=,N,GR,05/WK,ENF,3621391571,04/30/2025,GR,05/WK,3920642840,Q2,3845625291,11951,9Z,MCFU/d,11951000000,=,05/15/2025,
3602878711,NM0020583,0,3600584104,001,EXO,3600645646,A,3600891019,3606239976,12/01/2021,11/30/2026,1,1,51040,E. coli,1,,,3610673272,Q2,31900,9Z,MCFU/d,9Y,CFU/d,31900000000,DD,MAX,<=,N,GR,05/WK,ENF,3621391572,05/31/2025,GR,05/WK,3920642872,Q2,3847188374,1427,9Z,MCFU/d,1427000000,=,06/11/2025,
3602878711,NM0020583,0,3600584104,001,EXO,3600645646,A,3600891019,3606239976,12/01/2021,11/30/2026,1,1,51040,E. coli,1,,,3610673271,Q1,31900,9Z,MCFU/d,9Y,CFU/d,31900000000,3H,AVG,<=,N,GR,05/WK,ENF,3621391572,05/31/2025,GR,05/WK,3920642871,Q1,3847188373,368,9Z,MCFU/d,368000000,=,06/11/2025,
3602878711,NM0020583,0,3600584104,001,EXO,3600645646,A,3600891019,3606239976,12/01/2021,11/30/2026,1,1,51040,E. coli,1,,,3610673269,C2,126,3Z,CFU/100mL,30,MPN/100mL,126,3H,AVG,<=,N,GR,05/WK,ENF,3621391572,05/31/2025,GR,05/WK,3920642869,C2,3847188375,2,3Z,CFU/100mL,2,=,06/11/2025,
3602878711,NM0020583,0,3600584104,001,EXO,3600645646,A,3600891019,3606239976,12/01/2021,11/30/2026,1,1,51040,E. coli,1,,,3610673270,C3,235,3Z,CFU/100mL,30,MPN/100mL,235,DD,MAX,<=,N,GR,05/WK,ENF,3621391572,05/31/2025,GR,05/WK,3920642870,C3,3847188376,8,3Z,CFU/100mL,8,=,06/11/2025,
3602878711,NM0020583,0,3600584104,001,EXO,3600645646,A,3600891019,3606239976,12/01/2021,11/30/2026,1,1,51040,E. coli,1,,,3610673270,C3,235,3Z,CFU/100mL,30,MPN/100mL,235,DD,MAX,<=,N,GR,05/WK,ENF,3621391573,06/30/2025,GR,05/WK,3920642902,C3,3848301368,1414,3Z,CFU/100mL,1414,=,07/08/2025,
3602878711,NM0020583,0,3600584104,001,EXO,3600645646,A,3600891019,3606239976,12/01/2021,11/30/2026,1,1,51040,E. coli,1,,,3610673269,C2,126,3Z,CFU/100mL,30,MPN/100mL,126,3H,AVG,<=,N,GR,05/WK,ENF,3621391573,06/30/2025,GR,05/WK,3920642901,C2,3848301367,4,3Z,CFU/100mL,4,=,07/08/2025,
3602878711,NM0020583,0,3600584104,001,EXO,3600645646,A,3600891019,3606239976,12/01/2021,11/30/2026,1,1,51040,E. coli,1,,,3610673271,Q1,31900,9Z,MCFU/d,9Y,CFU/d,31900000000,3H,AVG,<=,N,GR,05/WK,ENF,3621391573,06/30/2025,GR,05/WK,3920642903,Q1,3848301365,758,9Z,MCFU/d,758000000,=,07/08/2025,
3602878711,NM0020583,0,3600584104,001,EXO,3600645646,A,3600891019,3606239976,12/01/2021,11/30/2026,1,1,51040,E. coli,1,,,3610673272,Q2,31900,9Z,MCFU/d,9Y,CFU/d,31900000000,DD,MAX,<=,N,GR,05/WK,ENF,3621391573,06/30/2025,GR,05/WK,3920642904,Q2,3848301366,270020,9Z,MCFU/d,270020000000,=,07/08/2025,
3602878711,NM0020583,0,3600584104,001,EXO,3600645646,A,3600891019,3606239976,12/01/2021,11/30/2026,1,1,51040,E. coli,1,,,3610673272,Q2,31900,9Z,MCFU/d,9Y,CFU/d,31900000000,DD,MAX,<=,N,GR,05/WK,ENF,3621391574,07/31/2025,GR,05/WK,3920642936,Q2,3851430847,717,9Z,MCFU/d,717000000,=,08/18/2025,
3602878711,NM0020583,0,3600584104,001,EXO,3600645646,A,3600891019,3606239976,12/01/2021,11/30/2026,1,1,51040,E. coli,1,,,3610673271,Q1,31900,9Z,MCFU/d,9Y,CFU/d,31900000000,3H,AVG,<=,N,GR,05/WK,ENF,3621391574,07/31/2025,GR,05/WK,3920642935,Q1,3851430846,320,9Z,MCFU/d,320000000,=,08/18/2025,
3602878711,NM0020583,0,3600584104,001,EXO,3600645646,A,3600891019,3606239976,12/01/2021,11/30/2026,1,1,51040,E. coli,1,,,3610673269,C2,126,3Z,CFU/100mL,30,MPN/100mL,126,3H,AVG,<=,N,GR,05/WK,ENF,3621391574,07/31/2025,GR,05/WK,3920642933,C2,3851430848,1,3Z,CFU/100mL,1,=,08/18/2025,
3602878711,NM0020583,0,3600584104,001,EXO,3600645646,A,3600891019,3606239976,12/01/2021,11/30/2026,1,1,51040,E. coli,1,,,3610673270,C3,235,3Z,CFU/100mL,30,MPN/100mL,235,DD,MAX,<=,N,GR,05/WK,ENF,3621391574,07/31/2025,GR,05/WK,3920642934,C3,3851430849,3,3Z,CFU/100mL,3,=,08/18/2025,
3602878711,NM0020583,0,3600584104,001,EXO,3600645646,A,3600891019,3606239976,12/01/2021,11/30/2026,1,1,51040,E. coli,1,,,3610673270,C3,235,3Z,CFU/100mL,30,MPN/100mL,235,DD,MAX,<=,N,GR,05/WK,ENF,3621391575,08/31/2025,GR,05/WK,3920642966,C3,3853940612,192,3Z,CFU/100mL,192,=,09/15/2025,
3602878711,NM0020583,0,3600584104,001,EXO,3600645646,A,3600891019,3606239976,12/01/2021,11/30/2026,1,1,51040,E. coli,1,,,3610673269,C2,126,3Z,CFU/100mL,30,MPN/100mL,126,3H,AVG,<=,N,GR,05/WK,ENF,3621391575,08/31/2025,GR,05/WK,3920642965,C2,3853940610,2,3Z,CFU/100mL,2,=,09/15/2025,
3602878711,NM0020583,0,3600584104,001,EXO,3600645646,A,3600891019,3606239976,12/01/2021,11/30/2026,1,1,51040,E. coli,1,,,3610673272,Q2,31900,9Z,MCFU/d,9Y,CFU/d,31900000000,DD,MAX,<=,N,GR,05/WK,ENF,3621391575,08/31/2025,GR,05/WK,3920642968,Q2,3853940609,43688,9Z,MCFU/d,43688000000,=,09/15/2025,
3602878711,NM0020583,0,3600584104,001,EXO,3600645646,A,3600891019,3606239976,12/01/2021,11/30/2026,1,1,51040,E. coli,1,,,3610673271,Q1,31900,9Z,MCFU/d,9Y,CFU/d,31900000000,3H,AVG,<=,N,GR,05/WK,ENF,3621391575,08/31/2025,GR,05/WK,3920642967,Q1,3853940608,490,9Z,MCFU/d,490000000,=,09/15/2025,
3602878711,NM0020583,0,3600584104,001,EXO,3600645646,A,3600891019,3606239976,12/01/2021,11/30/2026,1,1,51040,E. coli,1,,,3610673271,Q1,31900,9Z,MCFU/d,9Y,CFU/d,31900000000,3H,AVG,<=,N,GR,05/WK,ENF,3621391576,09/30/2025,GR,05/WK,3920642999,Q1,3855797834,499,9Z,MCFU/d,499000000,=,10/14/2025,
3602878711,NM0020583,0,3600584104,001,EXO,3600645646,A,3600891019,3606239976,12/01/2021,11/30/2026,1,1,51040,E. coli,1,,,3610673272,Q2,31900,9Z,MCFU/d,9Y,CFU/d,31900000000,DD,MAX,<=,N,GR,05/WK,ENF,3621391576,09/30/2025,GR,05/WK,3920643000,Q2,3855797835,26545,9Z,MCFU/d,26545000000,=,10/14/2025,
3602878711,NM0020583,0,3600584104,001,EXO,3600645646,A,3600891019,3606239976,12/01/2021,11/30/2026,1,1,51040,E. coli,1,,,3610673269,C2,126,3Z,CFU/100mL,30,MPN/100mL,126,3H,AVG,<=,N,GR,05/WK,ENF,3621391576,09/30/2025,GR,05/WK,3920642997,C2,3855797836,2,3Z,CFU/100mL,2,=,10/14/2025,
3602878711,NM0020583,0,3600584104,001,EXO,3600645646,A,3600891019,3606239976,12/01/2021,11/30/2026,1,1,51040,E. coli,1,,,3610673270,C3,235,3Z,CFU/100mL,30,MPN/100mL,235,DD,MAX,<=,N,GR,05/WK,ENF,3621391576,09/30/2025,GR,05/WK,3920642998,C3,3855797837,133,3Z,CFU/100mL,133,=,10/14/2025,
3602878711,NM0020583,0,3600584104,001,EXO,3600657304,Q,3600904358,3606350739,12/01/2021,11/30/2026,3,3,34675,"2,3,7,8-Tetrachlorodibenzo-p-dioxin",1,,,3610838796,C3,,28,ug/L,19,mg/L,,7A,AVG,,N,GR,01/90,ENF,3621391617,11/30/2024,GR,01/90,3920643884,C3,3832994579,.0000039,28,ug/L,0,<,12/16/2024,
3602878711,NM0020583,0,3600584104,001,EXO,3600657304,Q,3600904358,3606350739,12/01/2021,11/30/2026,3,3,34675,"2,3,7,8-Tetrachlorodibenzo-p-dioxin",1,,,3610838796,C3,,28,ug/L,19,mg/L,,7A,AVG,,N,GR,01/90,ENF,3621391618,02/28/2025,GR,01/90,3920643885,C3,3839823716,.0000039,28,ug/L,0,<,03/14/2025,
3602878711,NM0020583,0,3600584104,001,EXO,3600657304,Q,3600904358,3606350739,12/01/2021,11/30/2026,3,3,34675,"2,3,7,8-Tetrachlorodibenzo-p-dioxin",1,,,3610838796,C3,,28,ug/L,19,mg/L,,7A,AVG,,N,GR,01/90,ENF,3621391619,05/31/2025,GR,01/90,3920643886,C3,3847407847,.000004,28,ug/L,0,<,06/16/2025,
3602878711,NM0020583,0,3600584104,001,EXO,3600657304,Q,3600904358,3606350739,12/01/2021,11/30/2026,3,3,34675,"2,3,7,8-Tetrachlorodibenzo-p-dioxin",1,,,3610838796,C3,,28,ug/L,19,mg/L,,7A,AVG,,N,GR,01/90,ENF,3621391620,08/31/2025,GR,01/90,3920643887,C3,3853525276,.00000097,28,ug/L,0,<,09/04/2025,
3602720951,NM0000116,0,3600545262,001,EXO,3600598928,A,3600833510,3605908067,06/01/2021,05/31/2026,3,1,50050,"Flow, in conduit or thru treatment plant",1,,,3610129868,Q2,,03,MGD,03,MGD,,DD,MAX,,N,ES,01/01,ENF,3619518333,10/31/2024,,,3896611092,Q2,3835977355,,,,,,01/28/2025,C
3602720951,NM0000116,0,3600545262,001,EXO,3600598928,A,3600833510,3605908067,06/01/2021,05/31/2026,3,1,50050,"Flow, in conduit or thru treatment plant",1,,,3610129869,Q1,,03,MGD,03,MGD,,3C,AVG,,N,ES,01/01,ENF,3619518333,10/31/2024,,,3896611091,Q1,3835977351,,,,,,01/28/2025,C
3602720951,NM0000116,0,3600545262,001,EXO,3600598928,A,3600833510,3605908067,06/01/2021,05/31/2026,3,1,50050,"Flow, in conduit or thru treatment plant",1,,,3610129869,Q1,,03,MGD,03,MGD,,3C,AVG,,N,ES,01/01,ENF,3619518334,11/30/2024,,,3896611100,Q1,3835977381,,,,,,01/28/2025,C
3602720951,NM0000116,0,3600545262,001,EXO,3600598928,A,3600833510,3605908067,06/01/2021,05/31/2026,3,1,50050,"Flow, in conduit or thru treatment plant",1,,,3610129868,Q2,,03,MGD,03,MGD,,DD,MAX,,N,ES,01/01,ENF,3619518334,11/30/2024,,,3896611101,Q2,3835977383,,,,,,01/28/2025,C
3602720951,NM0000116,0,3600545262,001,EXO,3600598928,A,3600833510,3605908067,06/01/2021,05/31/2026,3,1,50050,"Flow, in conduit or thru treatment plant",1,,,3610129868,Q2,,03,MGD,03,MGD,,DD,MAX,,N,ES,01/01,ENF,3619518335,12/31/2024,,,3896611110,Q2,3835977373,,,,,,01/28/2025,C
3602720951,NM0000116,0,3600545262,001,EXO,3600598928,A,3600833510,3605908067,06/01/2021,05/31/2026,3,1,50050,"Flow, in conduit or thru treatment plant",1,,,3610129869,Q1,,03,MGD,03,MGD,,3C,AVG,,N,ES,01/01,ENF,3619518335,12/31/2024,,,3896611109,Q1,3835977366,,,,,,01/28/2025,C
3602720951,NM0000116,0,3600545262,001,EXO,3600598928,A,3600833510,3605908067,06/01/2021,05/31/2026,3,1,50050,"Flow, in conduit or thru treatment plant",1,,,3610129869,Q1,,03,MGD,03,MGD,,3C,AVG,,N,ES,01/01,ENF,3619518336,01/31/2025,,,3896611118,Q1,3842360851,,,,,,04/28/2025,C
3602720951,NM0000116,0,3600545262,001,EXO,3600598928,A,3600833510,3605908067,06/01/2021,05/31/2026,3,1,50050,"Flow, in conduit or thru treatment plant",1,,,3610129868,Q2,,03,MGD,03,MGD,,DD,MAX,,N,ES,01/01,ENF,3619518336,01/31/2025,,,3896611119,Q2,3842360853,,,,,,04/28/2025,C
3602720951,NM0000116,0,3600545262,001,EXO,3600598928,A,3600833510,3605908067,06/01/2021,05/31/2026,3,1,50050,"Flow, in conduit or thru treatment plant",1,,,3610129868,Q2,,03,MGD,03,MGD,,DD,MAX,,N,ES,01/01,ENF,3619518337,02/28/2025,,,3896611128,Q2,3842360911,,,,,,04/28/2025,C
3602720951,NM0000116,0,3600545262,001,EXO,3600598928,A,3600833510,3605908067,06/01/2021,05/31/2026,3,1,50050,"Flow, in conduit or thru treatment plant",1,,,3610129869,Q1,,03,MGD,03,MGD,,3C,AVG,,N,ES,01/01,ENF,3619518337,02/28/2025,,,3896611127,Q1,3842360910,,,,,,04/28/2025,C
3602720951,NM0000116,0,3600545262,001,EXO,3600598928,A,3600833510,3605908067,06/01/2021,05/31/2026,3,1,50050,"Flow, in conduit or thru treatment plant",1,,,3610129869,Q1,,03,MGD,03,MGD,,3C,AVG,,N,ES,01/01,ENF,3619518338,03/31/2025,,,3896611136,Q1,3842360841,,,,,,04/28/2025,C
3602720951,NM0000116,0,3600545262,001,EXO,3600598928,A,3600833510,3605908067,06/01/2021,05/31/2026,3,1,50050,"Flow, in conduit or thru treatment plant",1,,,3610129868,Q2,,03,MGD,03,MGD,,DD,MAX,,N,ES,01/01,ENF,3619518338,03/31/2025,,,3896611137,Q2,3842360843,,,,,,04/28/2025,C
3602720951,NM0000116,0,3600545262,001,EXO,3600598928,A,3600833510,3605908067,06/01/2021,05/31/2026,3,1,50050,"Flow, in conduit or thru treatment plant",1,,,3610129868,Q2,,03,MGD,03,MGD,,DD,MAX,,N,ES,01/01,ENF,3619518339,04/30/2025,,,3896611146,Q2,3850068793,,,,,,07/28/2025,C
3602720951,NM0000116,0,3600545262,001,EXO,3600598928,A,3600833510,3605908067,06/01/2021,05/31/2026,3,1,50050,"Flow, in conduit or thru treatment plant",1,,,3610129869,Q1,,03,MGD,03,MGD,,3C,AVG,,N,ES,01/01,ENF,3619518339,04/30/2025,,,3896611145,Q1,3850068792,,,,,,07/28/2025,C
3602720951,NM0000116,0,3600545262,001,EXO,3600598928,A,3600833510,3605908067,06/01/2021,05/31/2026,3,1,50050,"Flow, in conduit or thru treatment plant",1,,,3610129869,Q1,,03,MGD,03,MGD,,3C,AVG,,N,ES,01/01,ENF,3619518340,05/31/2025,,,3896611154,Q1,3850068801,,,,,,07/28/2025,C
3602720951,NM0000116,0,3600545262,001,EXO,3600598928,A,3600833510,3605908067,06/01/2021,05/31/2026,3,1,50050,"Flow, in conduit or thru treatment plant",1,,,3610129868,Q2,,03,MGD,03,MGD,,DD,MAX,,N,ES,01/01,ENF,3619518340,05/31/2025,,,3896611155,Q2,3850068804,,,,,,07/28/2025,C
3602720951,NM0000116,0,3600545262,001,EXO,3600598928,A,3600833510,3605908067,06/01/2021,05/31/2026,3,1,50050,"Flow, in conduit or thru treatment plant",1,,,3610129868,Q2,,03,MGD,03,MGD,,DD,MAX,,N,ES,01/01,ENF,3619518341,06/30/2025,,,3896611164,Q2,3850068796,,,,,,07/28/2025,C
3602720951,NM0000116,0,3600545262,001,EXO,3600598928,A,3600833510,3605908067,06/01/2021,05/31/2026,3,1,50050,"Flow, in conduit or thru treatment plant",1,,,3610129869,Q1,,03,MGD,03,MGD,,3C,AVG,,N,ES,01/01,ENF,3619518341,06/30/2025,,,3896611163,Q1,3850068791,,,,,,07/28/2025,C
3602720951,NM0000116,0,3600545262,001,EXO,3600598928,A,3600833510,3605908067,06/01/2021,05/31/2026,3,1,50050,"Flow, in conduit or thru treatment plant",1,,,3610129869,Q1,,03,MGD,03,MGD,,3C,AVG,,N,ES,01/01,ENF,3619518342,07/31/2025,ES,01/01,3896611172,Q1,3856101782,.1974,03,MGD,.1974,=,10/17/2025,
3602720951,NM0000116,0,3600545262,001,EXO,3600598928,A,3600833510,3605908067,06/01/2021,05/31/2026,3,1,50050,"Flow, in conduit or thru treatment plant",1,,,3610129868,Q2,,03,MGD,03,MGD,,DD,MAX,,N,ES,01/01,ENF,3619518342,07/31/2025,ES,01/01,3896611173,Q2,3856101783,.2041,03,MGD,.2041,=,10/17/2025,
3602720951,NM0000116,0,3600545262,001,EXO,3600598928,A,3600833510,3605908067,06/01/2021,05/31/2026,3,1,50050,"Flow, in conduit or thru treatment plant",1,,,3610129868,Q2,,03,MGD,03,MGD,,DD,MAX,,N,ES,01/01,ENF,3619518343,08/31/2025,,,3896611182,Q2,3856101746,,,,,,10/17/2025,C
3602720951,NM0000116,0,3600545262,001,EXO,3600598928,A,3600833510,3605908067,06/01/2021,05/31/2026,3,1,50050,"Flow, in conduit or thru treatment plant",1,,,3610129869,Q1,,03,MGD,03,MGD,,3C,AVG,,N,ES,01/01,ENF,3619518343,08/31/2025,,,3896611181,Q1,3856101745,,,,,,10/17/2025,C
3602720951,NM0000116,0,3600545262,001,EXO,3600598928,A,3600833510,3605908067,06/01/2021,05/31/2026,3,1,50050,"Flow, in conduit or thru treatment plant",1,,,3610129869,Q1,,03,MGD,03,MGD,,3C,AVG,,N,ES,01/01,ENF,3619518344,09/30/2025,ES,01/01,3896611190,Q1,3856101762,.325,03,MGD,.325,=,10/17/2025,
3602720951,NM0000116,0,3600545262,001,EXO,3600598928,A,3600833510,3605908067,06/01/2021,05/31/2026,3,1,50050,"Flow, in conduit or thru treatment plant",1,,,3610129868,Q2,,03,MGD,03,MGD,,DD,MAX,,N,ES,01/01,ENF,3619518344,09/30/2025,ES,01/01,3896611191,Q2,3856101763,.335,03,MGD,.335,=,10/17/2025,
3602878711,NM0020583,0,3600584104,001,EXO,3600645646,A,3600891019,3606239985,12/01/2021,11/30/2026,1,1,50050,"Flow, in conduit or thru treatment plant",1,,,3610673294,C1,,03,MGD,03,MGD,,3C,AVG,,N,TM,99/99,ENF,3621391565,10/31/2024,TM,99/99,3920642641,C1,3831416444,4.96,03,MGD,4.96,=,11/14/2024,
3602878711,NM0020583,0,3600584104,001,EXO,3600645646,A,3600891019,3606239985,12/01/2021,11/30/2026,1,1,50050,"Flow, in conduit or thru treatment plant",1,,,3610673295,C2,,03,MGD,03,MGD,,7A,AVG,,N,TM,99/99,ENF,3621391565,10/31/2024,TM,99/99,3920642642,C2,3831416445,5.26,03,MGD,5.26,=,11/14/2024,
3602878711,NM0020583,0,3600584104,001,EXO,3600645646,A,3600891019,3606239985,12/01/2021,11/30/2026,1,1,50050,"Flow, in conduit or thru treatment plant",1,,,3610673296,C3,,03,MGD,03,MGD,,DD,MAX,,N,TM,99/99,ENF,3621391565,10/31/2024,TM,99/99,3920642643,C3,3831416446,5.85,03,MGD,5.85,=,11/14/2024,
3602878711,NM0020583,0,3600584104,001,EXO,3600645646,A,3600891019,3606239985,12/01/2021,11/30/2026,1,1,50050,"Flow, in conduit or thru treatment plant",1,,,3610673296,C3,,03,MGD,03,MGD,,DD,MAX,,N,TM,99/99,ENF,3621391566,11/30/2024,TM,99/99,3920642675,C3,3832994547,4.64,03,MGD,4.64,=,12/16/2024,
3602878711,NM0020583,0,3600584104,001,EXO,3600645646,A,3600891019,3606239985,12/01/2021,11/30/2026,1,1,50050,"Flow, in conduit or thru treatment plant",1,,,3610673295,C2,,03,MGD,03,MGD,,7A,AVG,,N,TM,99/99,ENF,3621391566,11/30/2024,TM,99/99,3920642674,C2,3832994546,4.19,03,MGD,4.19,=,12/16/2024,
3602878711,NM0020583,0,3600584104,001,EXO,3600645646,A,3600891019,3606239985,12/01/2021,11/30/2026,1,1,50050,"Flow, in conduit or thru treatment plant",1,,,3610673294,C1,,03,MGD,03,MGD,,3C,AVG,,N,TM,99/99,ENF,3621391566,11/30/2024,TM,99/99,3920642673,C1,3832994545,3.87,03,MGD,3.87,=,12/16/2024,
3602878711,NM0020583,0,3600584104,001,EXO,3600645646,A,3600891019,3606239985,12/01/2021,11/30/2026,1,1,50050,"Flow, in conduit or thru treatment plant",1,,,3610673294,C1,,03,MGD,03,MGD,,3C,AVG,,N,TM,99/99,ENF,3621391567,12/31/2024,TM,99/99,3920642705,C1,3834617619,3.67,03,MGD,3.67,=,01/15/2025,
3602878711,NM0020583,0,3600584104,001,EXO,3600645646,A,3600891019,3606239985,12/01/2021,11/30/2026,1,1,50050,"Flow, in conduit or thru treatment plant",1,,,3610673296,C3,,03,MGD,03,MGD,,DD,MAX,,N,TM,99/99,ENF,3621391567,12/31/2024,TM,99/99,3920642707,C3,3834617621,4.17,03,MGD,4.17,=,01/15/2025,
3602878711,NM0020583,0,3600584104,001,EXO,3600645646,A,3600891019,3606239985,12/01/2021,11/30/2026,1,1,50050,"Flow, in conduit or thru treatment plant",1,,,3610673295,C2,,03,MGD,03,MGD,,7A,AVG,,N,TM,99/99,ENF,3621391567,12/31/2024,TM,99/99,3920642706,C2,3834617620,3.76,03,MGD,3.76,=,01/15/2025,
3602878711,NM0020583,0,3600584104,001,EXO,3600645646,A,3600891019,3606239985,12/01/2021,11/30/2026,1,1,50050,"Flow, in conduit or thru treatment plant",1,,,3610673296,C3,,03,MGD,03,MGD,,DD,MAX,,N,TM,99/99,ENF,3621391568,01/31/2025,TM,99/99,3920642739,C3,3837049222,4.43,03,MGD,4.43,=,02/18/2025,
3602878711,NM0020583,0,3600584104,001,EXO,3600645646,A,3600891019,3606239985,12/01/2021,11/30/2026,1,1,50050,"Flow, in conduit or thru treatment plant",1,,,3610673295,C2,,03,MGD,03,MGD,,7A,AVG,,N,TM,99/99,ENF,3621391568,01/31/2025,TM,99/99,3920642738,C2,3837049221,4.36,03,MGD,4.36,=,02/18/2025,
3602878711,NM0020583,0,3600584104,001,EXO,3600645646,A,3600891019,3606239985,12/01/2021,11/30/2026,1,1,50050,"Flow, in conduit or thru treatment plant",1,,,3610673294,C1,,03,MGD,03,MGD,,3C,AVG,,N,TM,99/99,ENF,3621391568,01/31/2025,TM,99/99,3920642737,C1,3837049220,3.64,03,MGD,3.64,=,02/18/2025,
3602878711,NM0020583,0,3600584104,001,EXO,3600645646,A,3600891019,3606239985,12/01/2021,11/30/2026,1,1,50050,"Flow, in conduit or thru treatment plant",1,,,3610673294,C1,,03,MGD,03,MGD,,3C,AVG,,N,TM,99/99,ENF,3621391569,02/28/2025,TM,99/99,3920642769,C1,3839823754,4.15,03,MGD,4.15,=,03/14/2025,
3602878711,NM0020583,0,3600584104,001,EXO,3600645646,A,3600891019,3606239985,12/01/2021,11/30/2026,1,1,50050,"Flow, in conduit or thru treatment plant",1,,,3610673295,C2,,03,MGD,03,MGD,,7A,AVG,,N,TM,99/99,ENF,3621391569,02/28/2025,TM,99/99,3920642770,C2,3839823755,4.2,03,MGD,4.2,=,03/14/2025,
3602878711,NM0020583,0,3600584104,001,EXO,3600645646,A,3600891019,3606239985,12/01/2021,11/30/2026,1,1,50050,"Flow, in conduit or thru treatment plant",1,,,3610673296,C3,,03,MGD,03,MGD,,DD,MAX,,N,TM,99/99,ENF,3621391569,02/28/2025,TM,99/99,3920642771,C3,3839823756,4.37,03,MGD,4.37,=,03/14/2025,
3602878711,NM0020583,0,3600584104,001,EXO,3600645646,A,3600891019,3606239985,12/01/2021,11/30/2026,1,1,50050,"Flow, in conduit or thru treatment plant",1,,,3610673296,C3,,03,MGD,03,MGD,,DD,MAX,,N,TM,99/99,ENF,3621391570,03/31/2025,TM,99/99,3920642803,C3,3840988748,5.1,03,MGD,5.1,=,04/11/2025,
3602878711,NM0020583,0,3600584104,001,EXO,3600645646,A,3600891019,3606239985,12/01/2021,11/30/2026,1,1,50050,"Flow, in conduit or thru treatment plant",1,,,3610673295,C2,,03,MGD,03,MGD,,7A,AVG,,N,TM,99/99,ENF,3621391570,03/31/2025,TM,99/99,3920642802,C2,3840988747,4.43,03,MGD,4.43,=,04/11/2025,
3602878711,NM0020583,0,3600584104,001,EXO,3600645646,A,3600891019,3606239985,12/01/2021,11/30/2026,1,1,50050,"Flow, in conduit or thru treatment plant",1,,,3610673294,C1,,03,MGD,03,MGD,,3C,AVG,,N,TM,99/99,ENF,3621391570,03/31/2025,TM,99/99,3920642801,C1,3840988746,4.27,03,MGD,4.27,=,04/11/2025,
3602878711,NM0020583,0,3600584104,001,EXO,3600645646,A,3600891019,3606239985,12/01/2021,11/30/2026,1,1,50050,"Flow, in conduit or thru treatment plant",1,,,3610673294,C1,,03,MGD,03,MGD,,3C,AVG,,N,TM,99/99,ENF,3621391571,04/30/2025,TM,99/99,3920642833,C1,3845625308,4.96,03,MGD,4.96,=,05/15/2025,
3602878711,NM0020583,0,3600584104,001,EXO,3600645646,A,3600891019,3606239985,12/01/2021,11/30/2026,1,1,50050,"Flow, in conduit or thru treatment plant",1,,,3610673296,C3,,03,MGD,03,MGD,,DD,MAX,,N,TM,99/99,ENF,3621391571,04/30/2025,TM,99/99,3920642835,C3,3845625310,5.75,03,MGD,5.75,=,05/15/2025,
3602878711,NM0020583,0,3600584104,001,EXO,3600645646,A,3600891019,3606239985,12/01/2021,11/30/2026,1,1,50050,"Flow, in conduit or thru treatment plant",1,,,3610673295,C2,,03,MGD,03,MGD,,7A,AVG,,N,TM,99/99,ENF,3621391571,04/30/2025,TM,99/99,3920642834,C2,3845625309,5.13,03,MGD,5.13,=,05/15/2025,
3602878711,NM0020583,0,3600584104,001,EXO,3600645646,A,3600891019,3606239985,12/01/2021,11/30/2026,1,1,50050,"Flow, in conduit or thru treatment plant",1,,,3610673295,C2,,03,MGD,03,MGD,,7A,AVG,,N,TM,99/99,ENF,3621391572,05/31/2025,TM,99/99,3920642866,C2,3847188356,5.11,03,MGD,5.11,=,06/11/2025,
3602878711,NM0020583,0,3600584104,001,EXO,3600645646,A,3600891019,3606239985,12/01/2021,11/30/2026,1,1,50050,"Flow, in conduit or thru treatment plant",1,,,3610673296,C3,,03,MGD,03,MGD,,DD,MAX,,N,TM,99/99,ENF,3621391572,05/31/2025,TM,99/99,3920642867,C3,3847188357,5.34,03,MGD,5.34,=,06/11/2025,
3602878711,NM0020583,0,3600584104,001,EXO,3600645646,A,3600891019,3606239985,12/01/2021,11/30/2026,1,1,50050,"Flow, in conduit or thru treatment plant",1,,,3610673294,C1,,03,MGD,03,MGD,,3C,AVG,,N,TM,99/99,ENF,3621391572,05/31/2025,TM,99/99,3920642865,C1,3847188355,5.04,03,MGD,5.04,=,06/11/2025,
3602878711,NM0020583,0,3600584104,001,EXO,3600645646,A,3600891019,3606239985,12/01/2021,11/30/2026,1,1,50050,"Flow, in conduit or thru treatment plant",1,,,3610673295,C2,,03,MGD,03,MGD,,7A,AVG,,N,TM,99/99,ENF,3621391573,06/30/2025,TM,99/99,3920642898,C2,3848301373,5.79,03,MGD,5.79,=,07/08/2025,
3602878711,NM0020583,0,3600584104,001,EXO,3600645646,A,3600891019,3606239985,12/01/2021,11/30/2026,1,1,50050,"Flow, in conduit or thru treatment plant",1,,,3610673296,C3,,03,MGD,03,MGD,,DD,MAX,,N,TM,99/99,ENF,3621391573,06/30/2025,TM,99/99,3920642899,C3,3848301374,5.94,03,MGD,5.94,=,07/08/2025,
3602878711,NM0020583,0,3600584104,001,EXO,3600645646,A,3600891019,3606239985,12/01/2021,11/30/2026,1,1,50050,"Flow, in conduit or thru treatment plant",1,,,3610673294,C1,,03,MGD,03,MGD,,3C,AVG,,N,TM,99/99,ENF,3621391573,06/30/2025,TM,99/99,3920642897,C1,3848301372,5.47,03,MGD,5.47,=,07/08/2025,
3602878711,NM0020583,0,3600584104,001,EXO,3600645646,A,3600891019,3606239985,12/01/2021,11/30/2026,1,1,50050,"Flow, in conduit or thru treatment plant",1,,,3610673296,C3,,03,MGD,03,MGD,,DD,MAX,,N,TM,99/99,ENF,3621391574,07/31/2025,TM,99/99,3920642931,C3,3851430837,6.83,03,MGD,6.83,=,08/18/2025,
3602878711,NM0020583,0,3600584104,001,EXO,3600645646,A,3600891019,3606239985,12/01/2021,11/30/2026,1,1,50050,"Flow, in conduit or thru treatment plant",1,,,3610673295,C2,,03,MGD,03,MGD,,7A,AVG,,N,TM,99/99,ENF,3621391574,07/31/2025,TM,99/99,3920642930,C2,3851430836,6.31,03,MGD,6.31,=,08/18/2025,
3602878711,NM0020583,0,3600584104,001,EXO,3600645646,A,3600891019,3606239985,12/01/2021,11/30/2026,1,1,50050,"Flow, in conduit or thru treatment plant",1,,,3610673294,C1,,03,MGD,03,MGD,,3C,AVG,,N,TM,99/99,ENF,3621391574,07/31/2025,TM,99/99,3920642929,C1,3851430835,5.9,03,MGD,5.9,=,08/18/2025,
3602878711,NM0020583,0,3600584104,001,EXO,3600645646,A,3600891019,3606239985,12/01/2021,11/30/2026,1,1,50050,"Flow, in conduit or thru treatment plant",1,,,3610673294,C1,,03,MGD,03,MGD,,3C,AVG,,N,TM,99/99,ENF,3621391575,08/31/2025,PF,01/HR,3920642961,C1,3853940563,5.65,03,MGD,5.65,=,09/15/2025,
3602878711,NM0020583,0,3600584104,001,EXO,3600645646,A,3600891019,3606239985,12/01/2021,11/30/2026,1,1,50050,"Flow, in conduit or thru treatment plant",1,,,3610673296,C3,,03,MGD,03,MGD,,DD,MAX,,N,TM,99/99,ENF,3621391575,08/31/2025,PF,01/HR,3920642963,C3,3853940566,6.09,03,MGD,6.09,=,09/15/2025,
3602878711,NM0020583,0,3600584104,001,EXO,3600645646,A,3600891019,3606239985,12/01/2021,11/30/2026,1,1,50050,"Flow, in conduit or thru treatment plant",1,,,3610673295,C2,,03,MGD,03,MGD,,7A,AVG,,N,TM,99/99,ENF,3621391575,08/31/2025,PF,01/HR,3920642962,C2,3853940564,5.91,03,MGD,5.91,=,09/15/2025,
3602878711,NM0020583,0,3600584104,001,EXO,3600645646,A,3600891019,3606239985,12/01/2021,11/30/2026,1,1,50050,"Flow, in conduit or thru treatment plant",1,,,3610673296,C3,,03,MGD,03,MGD,,DD,MAX,,N,TM,99/99,ENF,3621391576,09/30/2025,PF,01/HR,3920642995,C3,3855797849,6.23,03,MGD,6.23,=,10/14/2025,
3602878711,NM0020583,0,3600584104,001,EXO,3600645646,A,3600891019,3606239985,12/01/2021,11/30/2026,1,1,50050,"Flow, in conduit or thru treatment plant",1,,,3610673295,C2,,03,MGD,03,MGD,,7A,AVG,,N,TM,99/99,ENF,3621391576,09/30/2025,PF,01/HR,3920642994,C2,3855797848,5.6,03,MGD,5.6,=,10/14/2025,
3602878711,NM0020583,0,3600584104,001,EXO,3600645646,A,3600891019,3606239985,12/01/2021,11/30/2026,1,1,50050,"Flow, in conduit or thru treatment plant",1,,,3610673294,C1,,03,MGD,03,MGD,,3C,AVG,,N,TM,99/99,ENF,3621391576,09/30/2025,PF,01/HR,3920642993,C1,3855797847,5.44,03,MGD,5.44,=,10/14/2025,
3602944933,NM0028762,0,3600602070,001,EXO,3600657420,A,3600904607,3606351874,01/01/2022,12/31/2026,3,1,50050,"Flow, in conduit or thru treatment plant",1,,,3610840349,Q1,,03,MGD,03,MGD,,MK,AVG,,N,ES,02/07,ENF,3621395402,10/31/2024,ES,02/07,3920700846,Q1,3834138399,.14099,03,MGD,.14099,=,01/07/2025,
3602944933,NM0028762,0,3600602070,001,EXO,3600657420,A,3600904607,3606351874,01/01/2022,12/31/2026,3,1,50050,"Flow, in conduit or thru treatment plant",1,,,3610840350,Q2,,03,MGD,03,MGD,,DD,MAX,,N,ES,02/07,ENF,3621395402,10/31/2024,ES,02/07,3920700847,Q2,3834138400,.27726,03,MGD,.27726,=,01/07/2025,
3602944933,NM0028762,0,3600602070,001,EXO,3600657420,A,3600904607,3606351874,01/01/2022,12/31/2026,3,1,50050,"Flow, in conduit or thru treatment plant",1,,,3610840350,Q2,,03,MGD,03,MGD,,DD,MAX,,N,ES,02/07,ENF,3621395403,11/30/2024,ES,02/07,3920700858,Q2,3834138374,.208,03,MGD,.208,=,01/07/2025,
3602944933,NM0028762,0,3600602070,001,EXO,3600657420,A,3600904607,3606351874,01/01/2022,12/31/2026,3,1,50050,"Flow, in conduit or thru treatment plant",1,,,3610840349,Q1,,03,MGD,03,MGD,,MK,AVG,,N,ES,02/07,ENF,3621395403,11/30/2024,ES,02/07,3920700857,Q1,3834138373,.0969,03,MGD,.0969,=,01/07/2025,
3602944933,NM0028762,0,3600602070,001,EXO,3600657420,A,3600904607,3606351874,01/01/2022,12/31/2026,3,1,50050,"Flow, in conduit or thru treatment plant",1,,,3610840349,Q1,,03,MGD,03,MGD,,MK,AVG,,N,ES,02/07,ENF,3621395404,12/31/2024,ES,02/07,3920700868,Q1,3834138383,.0867,03,MGD,.0867,=,01/07/2025,
3602944933,NM0028762,0,3600602070,001,EXO,3600657420,A,3600904607,3606351874,01/01/2022,12/31/2026,3,1,50050,"Flow, in conduit or thru treatment plant",1,,,3610840350,Q2,,03,MGD,03,MGD,,DD,MAX,,N,ES,02/07,ENF,3621395404,12/31/2024,ES,02/07,3920700869,Q2,3834138384,.27,03,MGD,.27,=,01/07/2025,
3602944933,NM0028762,0,3600602070,001,EXO,3600657420,A,3600904607,3606351874,01/01/2022,12/31/2026,3,1,50050,"Flow, in conduit or thru treatment plant",1,,,3610840350,Q2,,03,MGD,03,MGD,,DD,MAX,,N,ES,02/07,ENF,3621395405,01/31/2025,ES,02/07,3920700880,Q2,3841570381,.197,03,MGD,.197,=,04/21/2025,
3602944933,NM0028762,0,3600602070,001,EXO,3600657420,A,3600904607,3606351874,01/01/2022,12/31/2026,3,1,50050,"Flow, in conduit or thru treatment plant",1,,,3610840349,Q1,,03,MGD,03,MGD,,MK,AVG,,N,ES,02/07,ENF,3621395405,01/31/2025,ES,02/07,3920700879,Q1,3841570377,.057,03,MGD,.057,=,04/21/2025,
3602944933,NM0028762,0,3600602070,001,EXO,3600657420,A,3600904607,3606351874,01/01/2022,12/31/2026,3,1,50050,"Flow, in conduit or thru treatment plant",1,,,3610840349,Q1,,03,MGD,03,MGD,,MK,AVG,,N,ES,02/07,ENF,3621395406,02/28/2025,ES,02/07,3920700890,Q1,3841570402,.062,03,MGD,.062,=,04/21/2025,
3602944933,NM0028762,0,3600602070,001,EXO,3600657420,A,3600904607,3606351874,01/01/2022,12/31/2026,3,1,50050,"Flow, in conduit or thru treatment plant",1,,,3610840350,Q2,,03,MGD,03,MGD,,DD,MAX,,N,ES,02/07,ENF,3621395406,02/28/2025,ES,02/07,3920700891,Q2,3841570404,.401,03,MGD,.401,=,04/21/2025,
3602944933,NM0028762,0,3600602070,001,EXO,3600657420,A,3600904607,3606351874,01/01/2022,12/31/2026,3,1,50050,"Flow, in conduit or thru treatment plant",1,,,3610840350,Q2,,03,MGD,03,MGD,,DD,MAX,,N,ES,02/07,ENF,3621395407,03/31/2025,ES,02/07,3920700902,Q2,3841570396,.169,03,MGD,.169,=,04/21/2025,
3602944933,NM0028762,0,3600602070,001,EXO,3600657420,A,3600904607,3606351874,01/01/2022,12/31/2026,3,1,50050,"Flow, in conduit or thru treatment plant",1,,,3610840349,Q1,,03,MGD,03,MGD,,MK,AVG,,N,ES,02/07,ENF,3621395407,03/31/2025,ES,02/07,3920700901,Q1,3841570394,.066,03,MGD,.066,=,04/21/2025,
3602944933,NM0028762,0,3600602070,001,EXO,3600657420,A,3600904607,3606351874,01/01/2022,12/31/2026,3,1,50050,"Flow, in conduit or thru treatment plant",1,,,3610840349,Q1,,03,MGD,03,MGD,,MK,AVG,,N,ES,02/07,ENF,3621395408,04/30/2025,ES,02/07,3920700912,Q1,3848381220,.085,03,MGD,.085,=,07/10/2025,
3602944933,NM0028762,0,3600602070,001,EXO,3600657420,A,3600904607,3606351874,01/01/2022,12/31/2026,3,1,50050,"Flow, in conduit or thru treatment plant",1,,,3610840350,Q2,,03,MGD,03,MGD,,DD,MAX,,N,ES,02/07,ENF,3621395408,04/30/2025,ES,02/07,3920700913,Q2,3848381222,.205,03,MGD,.205,=,07/10/2025,
3602944933,NM0028762,0,3600602070,001,EXO,3600657420,A,3600904607,3606351874,01/01/2022,12/31/2026,3,1,50050,"Flow, in conduit or thru treatment plant",1,,,3610840350,Q2,,03,MGD,03,MGD,,DD,MAX,,N,ES,02/07,ENF,3621395409,05/31/2025,ES,02/07,3920700924,Q2,3848381219,.272,03,MGD,.272,=,07/10/2025,
3602944933,NM0028762,0,3600602070,001,EXO,3600657420,A,3600904607,3606351874,01/01/2022,12/31/2026,3,1,50050,"Flow, in conduit or thru treatment plant",1,,,3610840349,Q1,,03,MGD,03,MGD,,MK,AVG,,N,ES,02/07,ENF,3621395409,05/31/2025,ES,02/07,3920700923,Q1,3848381216,.148,03,MGD,.148,=,07/10/2025,
3602944933,NM0028762,0,3600602070,001,EXO,3600657420,A,3600904607,3606351874,01/01/2022,12/31/2026,3,1,50050,"Flow, in conduit or thru treatment plant",1,,,3610840349,Q1,,03,MGD,03,MGD,,MK,AVG,,N,ES,02/07,ENF,3621395410,06/30/2025,ES,02/07,3920700934,Q1,3848381221,.142,03,MGD,.142,=,07/10/2025,
3602944933,NM0028762,0,3600602070,001,EXO,3600657420,A,3600904607,3606351874,01/01/2022,12/31/2026,3,1,50050,"Flow, in conduit or thru treatment plant",1,,,3610840350,Q2,,03,MGD,03,MGD,,DD,MAX,,N,ES,02/07,ENF,3621395410,06/30/2025,ES,02/07,3920700935,Q2,3848381223,.272,03,MGD,.272,=,07/10/2025,
3602944933,NM0028762,0,3600602070,001,EXO,3600657420,A,3600904607,3606351874,01/01/2022,12/31/2026,3,1,50050,"Flow, in conduit or thru treatment plant",1,,,3610840350,Q2,,03,MGD,03,MGD,,DD,MAX,,N,ES,02/07,ENF,3621395411,07/31/2025,ES,02/07,3920700946,Q2,3855469146,.2588,03,MGD,.2588,=,10/06/2025,
3602944933,NM0028762,0,3600602070,001,EXO,3600657420,A,3600904607,3606351874,01/01/2022,12/31/2026,3,1,50050,"Flow, in conduit or thru treatment plant",1,,,3610840349,Q1,,03,MGD,03,MGD,,MK,AVG,,N,ES,02/07,ENF,3621395411,07/31/2025,ES,02/07,3920700945,Q1,3855469143,.155,03,MGD,.155,=,10/06/2025,
3602944933,NM0028762,0,3600602070,001,EXO,3600657420,A,3600904607,3606351874,01/01/2022,12/31/2026,3,1,50050,"Flow, in conduit or thru treatment plant",1,,,3610840349,Q1,,03,MGD,03,MGD,,MK,AVG,,N,ES,02/07,ENF,3621395412,08/31/2025,ES,02/07,3920700956,Q1,3855469152,.128,03,MGD,.128,=,10/06/2025,
3602944933,NM0028762,0,3600602070,001,EXO,3600657420,A,3600904607,3606351874,01/01/2022,12/31/2026,3,1,50050,"Flow, in conduit or thru treatment plant",1,,,3610840350,Q2,,03,MGD,03,MGD,,DD,MAX,,N,ES,02/07,ENF,3621395412,08/31/2025,ES,02/07,3920700957,Q2,3855469155,.265,03,MGD,.265,=,10/06/2025,
3602944933,NM0028762,0,3600602070,001,EXO,3600657420,A,3600904607,3606351874,01/01/2022,12/31/2026,3,1,50050,"Flow, in conduit or thru treatment plant",1,,,3610840349,Q1,,03,MGD,03,MGD,,MK,AVG,,N,ES,02/07,ENF,3621395413,09/30/2025,ES,02/07,3920700967,Q1,3855469135,.136,03,MGD,.136,=,10/06/2025,
3602944933,NM0028762,0,3600602070,001,EXO,3600657420,A,3600904607,3606351874,01/01/2022,12/31/2026,3,1,50050,"Flow, in conduit or thru treatment plant",1,,,3610840350,Q2,,03,MGD,03,MGD,,DD,MAX,,N,ES,02/07,ENF,3621395413,09/30/2025,ES,02/07,3920700968,Q2,3855469137,.255,03,MGD,.255,=,10/06/2025,
3602878711,NM0020583,0,3600584104,001,EXO,3600645646,A,3600891019,3606239982,12/01/2021,11/30/2026,1,1,50060,"Chlorine, total residual",A,,,3610673291,C3,19,28,ug/L,19,mg/L,.019,IA,MAX,<=,N,GR,01/01,ENF,3621391565,10/31/2024,,,3920642644,C3,3831416455,,,,,,11/14/2024,9
3602878711,NM0020583,0,3600584104,001,EXO,3600645646,A,3600891019,3606239982,12/01/2021,11/30/2026,1,1,50060,"Chlorine, total residual",A,,,3610673291,C3,19,28,ug/L,19,mg/L,.019,IA,MAX,<=,N,GR,01/01,ENF,3621391566,11/30/2024,,,3920642676,C3,3832994544,,,,,,12/16/2024,9
3602878711,NM0020583,0,3600584104,001,EXO,3600645646,A,3600891019,3606239982,12/01/2021,11/30/2026,1,1,50060,"Chlorine, total residual",A,,,3610673291,C3,19,28,ug/L,19,mg/L,.019,IA,MAX,<=,N,GR,01/01,ENF,3621391567,12/31/2024,,,3920642708,C3,3834617611,,,,,,01/15/2025,9
3602878711,NM0020583,0,3600584104,001,EXO,3600645646,A,3600891019,3606239982,12/01/2021,11/30/2026,1,1,50060,"Chlorine, total residual",A,,,3610673291,C3,19,28,ug/L,19,mg/L,.019,IA,MAX,<=,N,GR,01/01,ENF,3621391568,01/31/2025,,,3920642740,C3,3837049240,,,,,,02/18/2025,9
3602878711,NM0020583,0,3600584104,001,EXO,3600645646,A,3600891019,3606239982,12/01/2021,11/30/2026,1,1,50060,"Chlorine, total residual",A,,,3610673291,C3,19,28,ug/L,19,mg/L,.019,IA,MAX,<=,N,GR,01/01,ENF,3621391569,02/28/2025,,,3920642772,C3,3839823742,,,,,,03/14/2025,9
3602878711,NM0020583,0,3600584104,001,EXO,3600645646,A,3600891019,3606239982,12/01/2021,11/30/2026,1,1,50060,"Chlorine, total residual",A,,,3610673291,C3,19,28,ug/L,19,mg/L,.019,IA,MAX,<=,N,GR,01/01,ENF,3621391570,03/31/2025,,,3920642804,C3,3840988754,,,,,,04/11/2025,9
3602878711,NM0020583,0,3600584104,001,EXO,3600645646,A,3600891019,3606239982,12/01/2021,11/30/2026,1,1,50060,"Chlorine, total residual",A,,,3610673291,C3,19,28,ug/L,19,mg/L,.019,IA,MAX,<=,N,GR,01/01,ENF,3621391571,04/30/2025,,,3920642836,C3,3845625302,,,,,,05/15/2025,9
3602878711,NM0020583,0,3600584104,001,EXO,3600645646,A,3600891019,3606239982,12/01/2021,11/30/2026,1,1,50060,"Chlorine, total residual",A,,,3610673291,C3,19,28,ug/L,19,mg/L,.019,IA,MAX,<=,N,GR,01/01,ENF,3621391572,05/31/2025,,,3920642868,C3,3847188354,,,,,,06/11/2025,9
3602878711,NM0020583,0,3600584104,001,EXO,3600645646,A,3600891019,3606239982,12/01/2021,11/30/2026,1,1,50060,"Chlorine, total residual",A,,,3610673291,C3,19,28,ug/L,19,mg/L,.019,IA,MAX,<=,N,GR,01/01,ENF,3621391573,06/30/2025,,,3920642900,C3,3848301369,,,,,,07/08/2025,9
3602878711,NM0020583,0,3600584104,001,EXO,3600645646,A,3600891019,3606239982,12/01/2021,11/30/2026,1,1,50060,"Chlorine, total residual",A,,,3610673291,C3,19,28,ug/L,19,mg/L,.019,IA,MAX,<=,N,GR,01/01,ENF,3621391574,07/31/2025,,,3920642932,C3,3851430850,,,,,,08/18/2025,9
3602878711,NM0020583,0,3600584104,001,EXO,3600645646,A,3600891019,3606239982,12/01/2021,11/30/2026,1,1,50060,"Chlorine, total residual",A,,,3610673291,C3,19,28,ug/L,19,mg/L,.019,IA,MAX,<=,N,GR,01/01,ENF,3621391575,08/31/2025,,,3920642964,C3,3853940561,,,,,,09/15/2025,9
3602878711,NM0020583,0,3600584104,001,EXO,3600645646,A,3600891019,3606239982,12/01/2021,11/30/2026,1,1,50060,"Chlorine, total residual",A,,,3610673291,C3,19,28,ug/L,19,mg/L,.019,IA,MAX,<=,N,GR,01/01,ENF,3621391576,09/30/2025,,,3920642996,C3,3855797845,,,,,,10/14/2025,9
3602944933,NM0028762,0,3600602070,001,EXO,3600657420,A,3600904607,3606351873,01/01/2022,12/31/2026,3,1,50060,"Chlorine, total residual",1,,,3610840348,C3,11,28,ug/L,19,mg/L,.011,DD,MAX,<=,N,GR,01/01,ENF,3621395402,10/31/2024,GR,01/01,3920700848,C3,3834138403,11,28,ug/L,.011,=,01/07/2025,
3602944933,NM0028762,0,3600602070,001,EXO,3600657420,A,3600904607,3606351873,01/01/2022,12/31/2026,3,1,50060,"Chlorine, total residual",1,,,3610840348,C3,11,28,ug/L,19,mg/L,.011,DD,MAX,<=,N,GR,01/01,ENF,3621395403,11/30/2024,GR,01/01,3920700859,C3,3834138375,11,28,ug/L,.011,=,01/07/2025,
3602944933,NM0028762,0,3600602070,001,EXO,3600657420,A,3600904607,3606351873,01/01/2022,12/31/2026,3,1,50060,"Chlorine, total residual",1,,,3610840348,C3,11,28,ug/L,19,mg/L,.011,DD,MAX,<=,N,GR,01/01,ENF,3621395404,12/31/2024,GR,01/01,3920700870,C3,3834138382,10,28,ug/L,.01,=,01/07/2025,
3602944933,NM0028762,0,3600602070,001,EXO,3600657420,A,3600904607,3606351873,01/01/2022,12/31/2026,3,1,50060,"Chlorine, total residual",1,,,3610840348,C3,11,28,ug/L,19,mg/L,.011,DD,MAX,<=,N,GR,01/01,ENF,3621395405,01/31/2025,GR,01/01,3920700881,C3,3841570392,9,28,ug/L,.009,=,04/21/2025,
3602944933,NM0028762,0,3600602070,001,EXO,3600657420,A,3600904607,3606351873,01/01/2022,12/31/2026,3,1,50060,"Chlorine, total residual",1,,,3610840348,C3,11,28,ug/L,19,mg/L,.011,DD,MAX,<=,N,GR,01/01,ENF,3621395406,02/28/2025,GR,01/01,3920700892,C3,3841570398,10,28,ug/L,.01,=,04/21/2025,
3602944933,NM0028762,0,3600602070,001,EXO,3600657420,A,3600904607,3606351873,01/01/2022,12/31/2026,3,1,50060,"Chlorine, total residual",1,,,3610840348,C3,11,28,ug/L,19,mg/L,.011,DD,MAX,<=,N,GR,01/01,ENF,3621395407,03/31/2025,GR,01/01,3920700903,C3,3841570389,9,28,ug/L,.009,=,04/21/2025,
3602944933,NM0028762,0,3600602070,001,EXO,3600657420,A,3600904607,3606351873,01/01/2022,12/31/2026,3,1,50060,"Chlorine, total residual",1,,,3610840348,C3,11,28,ug/L,19,mg/L,.011,DD,MAX,<=,N,GR,01/01,ENF,3621395408,04/30/2025,GR,01/01,3920700914,C3,3848381218,11,28,ug/L,.011,=,07/10/2025,
3602944933,NM0028762,0,3600602070,001,EXO,3600657420,A,3600904607,3606351873,01/01/2022,12/31/2026,3,1,50060,"Chlorine, total residual",1,,,3610840348,C3,11,28,ug/L,19,mg/L,.011,DD,MAX,<=,N,GR,01/01,ENF,3621395409,05/31/2025,GR,01/01,3920700925,C3,3848381208,9,28,ug/L,.009,=,07/10/2025,
3602944933,NM0028762,0,3600602070,001,EXO,3600657420,A,3600904607,3606351873,01/01/2022,12/31/2026,3,1,50060,"Chlorine, total residual",1,,,3610840348,C3,11,28,ug/L,19,mg/L,.011,DD,MAX,<=,N,GR,01/01,ENF,3621395410,06/30/2025,GR,01/01,3920700936,C3,3848381217,11,28,ug/L,.011,=,07/10/2025,
3602944933,NM0028762,0,3600602070,001,EXO,3600657420,A,3600904607,3606351873,01/01/2022,12/31/2026,3,1,50060,"Chlorine, total residual",1,,,3610840348,C3,11,28,ug/L,19,mg/L,.011,DD,MAX,<=,N,GR,01/01,ENF,3621395411,07/31/2025,GR,01/01,3920700947,C3,3855469149,11,28,ug/L,.011,=,10/06/2025,
3602944933,NM0028762,0,3600602070,001,EXO,3600657420,A,3600904607,3606351873,01/01/2022,12/31/2026,3,1,50060,"Chlorine, total residual",1,,,3610840348,C3,11,28,ug/L,19,mg/L,.011,DD,MAX,<=,N,GR,01/01,ENF,3621395412,08/31/2025,GR,01/01,3920700958,C3,3855469148,11,28,ug/L,.011,=,10/06/2025,
3602944933,NM0028762,0,3600602070,001,EXO,3600657420,A,3600904607,3606351873,01/01/2022,12/31/2026,3,1,50060,"Chlorine, total residual",1,,,3610840348,C3,11,28,ug/L,19,mg/L,.011,DD,MAX,<=,N,GR,01/01,ENF,3621395413,09/30/2025,GR,01/01,3920700969,C3,3855469154,11,28,ug/L,.011,=,10/06/2025,
3602878711,NM0020583,0,3600584105,TX1,EXO,3600657354,Q,3600904539,3606351403,12/01/2021,11/30/2026,3,3,TOM3D,NOAEC Lethal Statis Renewal 48 Hr Acute Daphnia pulex,1,,,3610839684,C3,,23,%,23,%,,VA,MAX,,N,24,01/90,ENF,3621392517,11/30/2024,24,01/90,3920662055,C3,3832994490,31,23,%,31,=,12/16/2024,
3602878711,NM0020583,0,3600584105,TX1,EXO,3600657354,Q,3600904539,3606351403,12/01/2021,11/30/2026,3,3,TOM3D,NOAEC Lethal Statis Renewal 48 Hr Acute Daphnia pulex,1,,,3610839684,C3,,23,%,23,%,,VA,MAX,,N,24,01/90,ENF,3621392518,02/28/2025,24,01/90,3920662067,C3,3839823765,31,23,%,31,>,03/14/2025,
3602878711,NM0020583,0,3600584105,TX1,EXO,3600657354,Q,3600904539,3606351403,12/01/2021,11/30/2026,3,3,TOM3D,NOAEC Lethal Statis Renewal 48 Hr Acute Daphnia pulex,1,,,3610839684,C3,,23,%,23,%,,VA,MAX,,N,24,01/90,ENF,3621392519,05/31/2025,24,01/90,3920662079,C3,3847407851,31,23,%,31,>,06/16/2025,
3602878711,NM0020583,0,3600584105,TX1,EXO,3600657354,Q,3600904539,3606351403,12/01/2021,11/30/2026,3,3,TOM3D,NOAEC Lethal Statis Renewal 48 Hr Acute Daphnia pulex,1,,,3610839684,C3,,23,%,23,%,,VA,MAX,,N,24,01/90,ENF,3621392520,08/31/2025,24,01/90,3920662091,C3,3853525266,31,23,%,31,>,09/04/2025,
3602878711,NM0020583,0,3600584105,TX1,EXO,3600657354,Q,3600904539,3606351404,12/01/2021,11/30/2026,3,3,TOM6C,NOAEC Lethal Static Renewal 48Hr acute Pimephales promelas,1,,,3610839685,C3,,23,%,23,%,,VA,MAX,,N,24,01/90,ENF,3621392517,11/30/2024,24,01/90,3920662056,C3,3832994486,31,23,%,31,=,12/16/2024,
3602878711,NM0020583,0,3600584105,TX1,EXO,3600657354,Q,3600904539,3606351404,12/01/2021,11/30/2026,3,3,TOM6C,NOAEC Lethal Static Renewal 48Hr acute Pimephales promelas,1,,,3610839685,C3,,23,%,23,%,,VA,MAX,,N,24,01/90,ENF,3621392518,02/28/2025,24,01/90,3920662068,C3,3839823764,31,23,%,31,>,03/14/2025,
3602878711,NM0020583,0,3600584105,TX1,EXO,3600657354,Q,3600904539,3606351404,12/01/2021,11/30/2026,3,3,TOM6C,NOAEC Lethal Static Renewal 48Hr acute Pimephales promelas,1,,,3610839685,C3,,23,%,23,%,,VA,MAX,,N,24,01/90,ENF,3621392519,05/31/2025,24,01/90,3920662080,C3,3847407844,31,23,%,31,>,06/16/2025,
3602878711,NM0020583,0,3600584105,TX1,EXO,3600657354,Q,3600904539,3606351404,12/01/2021,11/30/2026,3,3,TOM6C,NOAEC Lethal Static Renewal 48Hr acute Pimephales promelas,1,,,3610839685,C3,,23,%,23,%,,VA,MAX,,N,24,01/90,ENF,3621392520,08/31/2025,24,01/90,3920662092,C3,3853525270,31,23,%,31,>,09/04/2025,
3602878711,NM0020583,0,3600584105,TX1,EXO,3600657354,Q,3600904539,3606351401,12/01/2021,11/30/2026,3,3,TEM3D,Low Flow Pass/Fail Static Renewal 48Hr Acute Daphnia pulex,1,,,3610839682,C3,,9A,pass=0;fail=1,9A,pass=0;fail=1,,VA,MAX,,N,24,01/90,ENF,3621392517,11/30/2024,24,01/90,3920662053,C3,3832994493,0,9A,pass=0;fail=1,0,=,12/16/2024,
3602878711,NM0020583,0,3600584105,TX1,EXO,3600657354,Q,3600904539,3606351401,12/01/2021,11/30/2026,3,3,TEM3D,Low Flow Pass/Fail Static Renewal 48Hr Acute Daphnia pulex,1,,,3610839682,C3,,9A,pass=0;fail=1,9A,pass=0;fail=1,,VA,MAX,,N,24,01/90,ENF,3621392518,02/28/2025,24,01/90,3920662065,C3,3839823757,0,9A,pass=0;fail=1,0,=,03/14/2025,
3602878711,NM0020583,0,3600584105,TX1,EXO,3600657354,Q,3600904539,3606351401,12/01/2021,11/30/2026,3,3,TEM3D,Low Flow Pass/Fail Static Renewal 48Hr Acute Daphnia pulex,1,,,3610839682,C3,,9A,pass=0;fail=1,9A,pass=0;fail=1,,VA,MAX,,N,24,01/90,ENF,3621392519,05/31/2025,24,01/90,3920662077,C3,3847407835,0,9A,pass=0;fail=1,0,=,06/16/2025,
3602878711,NM0020583,0,3600584105,TX1,EXO,3600657354,Q,3600904539,3606351401,12/01/2021,11/30/2026,3,3,TEM3D,Low Flow Pass/Fail Static Renewal 48Hr Acute Daphnia pulex,1,,,3610839682,C3,,9A,pass=0;fail=1,9A,pass=0;fail=1,,VA,MAX,,N,24,01/90,ENF,3621392520,08/31/2025,24,01/90,3920662089,C3,3853525263,0,9A,pass=0;fail=1,0,=,09/04/2025,
3602878711,NM0020583,0,3600584105,TX1,EXO,3600657354,Q,3600904539,3606351402,12/01/2021,11/30/2026,3,3,TEM6C,LF Pass/Fail Static Renewal 48Hr Acute Pimephales promelas,1,,,3610839683,C3,,9A,pass=0;fail=1,9A,pass=0;fail=1,,VA,MAX,,N,24,01/90,ENF,3621392517,11/30/2024,24,01/90,3920662054,C3,3832994495,0,9A,pass=0;fail=1,0,=,12/16/2024,
3602878711,NM0020583,0,3600584105,TX1,EXO,3600657354,Q,3600904539,3606351402,12/01/2021,11/30/2026,3,3,TEM6C,LF Pass/Fail Static Renewal 48Hr Acute Pimephales promelas,1,,,3610839683,C3,,9A,pass=0;fail=1,9A,pass=0;fail=1,,VA,MAX,,N,24,01/90,ENF,3621392518,02/28/2025,24,01/90,3920662066,C3,3839823761,0,9A,pass=0;fail=1,0,=,03/14/2025,
3602878711,NM0020583,0,3600584105,TX1,EXO,3600657354,Q,3600904539,3606351402,12/01/2021,11/30/2026,3,3,TEM6C,LF Pass/Fail Static Renewal 48Hr Acute Pimephales promelas,1,,,3610839683,C3,,9A,pass=0;fail=1,9A,pass=0;fail=1,,VA,MAX,,N,24,01/90,ENF,3621392519,05/31/2025,24,01/90,3920662078,C3,3847407834,0,9A,pass=0;fail=1,0,=,06/16/2025,
3602878711,NM0020583,0,3600584105,TX1,EXO,3600657354,Q,3600904539,3606351402,12/01/2021,11/30/2026,3,3,TEM6C,LF Pass/Fail Static Renewal 48Hr Acute Pimephales promelas,1,,,3610839683,C3,,9A,pass=0;fail=1,9A,pass=0;fail=1,,VA,MAX,,N,24,01/90,ENF,3621392520,08/31/2025,24,01/90,3920662090,C3,3853525264,0,9A,pass=0;fail=1,0,=,09/04/2025,
3602878711,NM0020583,0,3600584105,TX1,EXO,3600657354,Q,3600904539,3606351405,12/01/2021,11/30/2026,3,3,TQM3D,Coef Of Var Static Renewal 48Hr Acute D. pulex,1,,,3610839686,C3,,23,%,23,%,,VA,MAX,,N,24,01/90,ENF,3621392517,11/30/2024,24,01/90,3920662057,C3,3832994491,0,23,%,0,=,12/16/2024,
3602878711,NM0020583,0,3600584105,TX1,EXO,3600657354,Q,3600904539,3606351405,12/01/2021,11/30/2026,3,3,TQM3D,Coef Of Var Static Renewal 48Hr Acute D. pulex,1,,,3610839686,C3,,23,%,23,%,,VA,MAX,,N,24,01/90,ENF,3621392518,02/28/2025,24,01/90,3920662069,C3,3839823758,0,23,%,0,=,03/14/2025,
3602878711,NM0020583,0,3600584105,TX1,EXO,3600657354,Q,3600904539,3606351405,12/01/2021,11/30/2026,3,3,TQM3D,Coef Of Var Static Renewal 48Hr Acute D. pulex,1,,,3610839686,C3,,23,%,23,%,,VA,MAX,,N,24,01/90,ENF,3621392519,05/31/2025,24,01/90,3920662081,C3,3847407846,9.26,23,%,9.26,=,06/16/2025,
3602878711,NM0020583,0,3600584105,TX1,EXO,3600657354,Q,3600904539,3606351405,12/01/2021,11/30/2026,3,3,TQM3D,Coef Of Var Static Renewal 48Hr Acute D. pulex,1,,,3610839686,C3,,23,%,23,%,,VA,MAX,,N,24,01/90,ENF,3621392520,08/31/2025,24,01/90,3920662093,C3,3853525268,12.83,23,%,12.83,=,09/04/2025,
3602878711,NM0020583,0,3600584105,TX1,EXO,3600657354,Q,3600904539,3606351406,12/01/2021,11/30/2026,3,3,TQM6C,Coef Of Var Static Renewal 48Hr Acute Pimephales promelas,1,,,3610839687,C3,,23,%,23,%,,VA,MAX,,N,24,01/90,ENF,3621392517,11/30/2024,24,01/90,3920662058,C3,3832994488,7.44,23,%,7.44,=,12/16/2024,
3602878711,NM0020583,0,3600584105,TX1,EXO,3600657354,Q,3600904539,3606351406,12/01/2021,11/30/2026,3,3,TQM6C,Coef Of Var Static Renewal 48Hr Acute Pimephales promelas,1,,,3610839687,C3,,23,%,23,%,,VA,MAX,,N,24,01/90,ENF,3621392518,02/28/2025,24,01/90,3920662070,C3,3839823763,0,23,%,0,=,03/14/2025,
3602878711,NM0020583,0,3600584105,TX1,EXO,3600657354,Q,3600904539,3606351406,12/01/2021,11/30/2026,3,3,TQM6C,Coef Of Var Static Renewal 48Hr Acute Pimephales promelas,1,,,3610839687,C3,,23,%,23,%,,VA,MAX,,N,24,01/90,ENF,3621392519,05/31/2025,24,01/90,3920662082,C3,3847407839,0,23,%,0,=,06/16/2025,
3602878711,NM0020583,0,3600584105,TX1,EXO,3600657354,Q,3600904539,3606351406,12/01/2021,11/30/2026,3,3,TQM6C,Coef Of Var Static Renewal 48Hr Acute Pimephales promelas,1,,,3610839687,C3,,23,%,23,%,,VA,MAX,,N,24,01/90,ENF,3621392520,08/31/2025,24,01/90,3920662094,C3,3853525262,0,23,%,0,=,09/04/2025,
3602944933,NM0028762,0,3600602070,001,EXO,3600657419,Q,3600904606,3606351883,01/01/2022,12/31/2026,3,3,78248,"Cyanide, total recoverable",1,,,3610840370,C3,,19,mg/L,19,mg/L,,DD,MAX,,N,GR,01/90,ENF,3621395432,12/31/2024,GR,01/90,3920701294,C3,3834138398,5,19,mg/L,5,=,01/07/2025,
3602944933,NM0028762,0,3600602070,001,EXO,3600657419,Q,3600904606,3606351883,01/01/2022,12/31/2026,3,3,78248,"Cyanide, total recoverable",1,,,3610840367,Q1,,26,lb/d,01,kg/d,,MK,AVG,,N,GR,01/90,ENF,3621395432,12/31/2024,GR,01/90,3920701295,Q1,3834138395,1.12,26,lb/d,.50848,=,01/07/2025,
3602944933,NM0028762,0,3600602070,001,EXO,3600657419,Q,3600904606,3606351883,01/01/2022,12/31/2026,3,3,78248,"Cyanide, total recoverable",1,,,3610840369,C2,,19,mg/L,19,mg/L,,MK,AVG,,N,GR,01/90,ENF,3621395432,12/31/2024,GR,01/90,3920701293,C2,3834138397,5,19,mg/L,5,=,01/07/2025,
3602944933,NM0028762,0,3600602070,001,EXO,3600657419,Q,3600904606,3606351883,01/01/2022,12/31/2026,3,3,78248,"Cyanide, total recoverable",1,,,3610840368,Q2,,26,lb/d,01,kg/d,,DD,MAX,,N,GR,01/90,ENF,3621395432,12/31/2024,GR,01/90,3920701296,Q2,3834138396,1.12,26,lb/d,.50848,=,01/07/2025,
3602944933,NM0028762,0,3600602070,001,EXO,3600657419,Q,3600904606,3606351883,01/01/2022,12/31/2026,3,3,78248,"Cyanide, total recoverable",1,,,3610840369,C2,,19,mg/L,19,mg/L,,MK,AVG,,N,GR,01/90,ENF,3621395433,03/31/2025,GR,01/90,3920701297,C2,3841570378,5,19,mg/L,5,=,04/21/2025,
3602944933,NM0028762,0,3600602070,001,EXO,3600657419,Q,3600904606,3606351883,01/01/2022,12/31/2026,3,3,78248,"Cyanide, total recoverable",1,,,3610840368,Q2,,26,lb/d,01,kg/d,,DD,MAX,,N,GR,01/90,ENF,3621395433,03/31/2025,GR,01/90,3920701300,Q2,3841570375,1.08,26,lb/d,.49032,=,04/21/2025,
3602944933,NM0028762,0,3600602070,001,EXO,3600657419,Q,3600904606,3606351883,01/01/2022,12/31/2026,3,3,78248,"Cyanide, total recoverable",1,,,3610840367,Q1,,26,lb/d,01,kg/d,,MK,AVG,,N,GR,01/90,ENF,3621395433,03/31/2025,GR,01/90,3920701299,Q1,3841570374,1.08,26,lb/d,.49032,=,04/21/2025,
3602944933,NM0028762,0,3600602070,001,EXO,3600657419,Q,3600904606,3606351883,01/01/2022,12/31/2026,3,3,78248,"Cyanide, total recoverable",1,,,3610840370,C3,,19,mg/L,19,mg/L,,DD,MAX,,N,GR,01/90,ENF,3621395433,03/31/2025,GR,01/90,3920701298,C3,3841570380,5,19,mg/L,5,=,04/21/2025,
3602944933,NM0028762,0,3600602070,001,EXO,3600657419,Q,3600904606,3606351883,01/01/2022,12/31/2026,3,3,78248,"Cyanide, total recoverable",1,,,3610840370,C3,,19,mg/L,19,mg/L,,DD,MAX,,N,GR,01/90,ENF,3621395434,06/30/2025,GR,01/90,3920701302,C3,3848381203,.005,19,mg/L,.005,=,07/10/2025,
3602944933,NM0028762,0,3600602070,001,EXO,3600657419,Q,3600904606,3606351883,01/01/2022,12/31/2026,3,3,78248,"Cyanide, total recoverable",1,,,3610840368,Q2,,26,lb/d,01,kg/d,,DD,MAX,,N,GR,01/90,ENF,3621395434,06/30/2025,GR,01/90,3920701304,Q2,3848381200,.00361,26,lb/d,.00163894,=,07/10/2025,
3602944933,NM0028762,0,3600602070,001,EXO,3600657419,Q,3600904606,3606351883,01/01/2022,12/31/2026,3,3,78248,"Cyanide, total recoverable",1,,,3610840369,C2,,19,mg/L,19,mg/L,,MK,AVG,,N,GR,01/90,ENF,3621395434,06/30/2025,GR,01/90,3920701301,C2,3848381201,.005,19,mg/L,.005,=,07/10/2025,
3602944933,NM0028762,0,3600602070,001,EXO,3600657419,Q,3600904606,3606351883,01/01/2022,12/31/2026,3,3,78248,"Cyanide, total recoverable",1,,,3610840367,Q1,,26,lb/d,01,kg/d,,MK,AVG,,N,GR,01/90,ENF,3621395434,06/30/2025,GR,01/90,3920701303,Q1,3848381198,.00361,26,lb/d,.00163894,=,07/10/2025,
3602944933,NM0028762,0,3600602070,001,EXO,3600657419,Q,3600904606,3606351883,01/01/2022,12/31/2026,3,3,78248,"Cyanide, total recoverable",1,,,3610840368,Q2,,26,lb/d,01,kg/d,,DD,MAX,,N,GR,01/90,ENF,3621395435,09/30/2025,GR,01/90,3920701308,Q2,3855469127,.00285,26,lb/d,.0012939,=,10/06/2025,
3602944933,NM0028762,0,3600602070,001,EXO,3600657419,Q,3600904606,3606351883,01/01/2022,12/31/2026,3,3,78248,"Cyanide, total recoverable",1,,,3610840367,Q1,,26,lb/d,01,kg/d,,MK,AVG,,N,GR,01/90,ENF,3621395435,09/30/2025,GR,01/90,3920701307,Q1,3855469126,.002285,26,lb/d,.00103739,=,10/06/2025,
3602944933,NM0028762,0,3600602070,001,EXO,3600657419,Q,3600904606,3606351883,01/01/2022,12/31/2026,3,3,78248,"Cyanide, total recoverable",1,,,3610840369,C2,,19,mg/L,19,mg/L,,MK,AVG,,N,GR,01/90,ENF,3621395435,09/30/2025,GR,01/90,3920701305,C2,3855469128,.005,19,mg/L,.005,=,10/06/2025,
3602944933,NM0028762,0,3600602070,001,EXO,3600657419,Q,3600904606,3606351883,01/01/2022,12/31/2026,3,3,78248,"Cyanide, total recoverable",1,,,3610840370,C3,,19,mg/L,19,mg/L,,DD,MAX,,N,GR,01/90,ENF,3621395435,09/30/2025,GR,01/90,3920701306,C3,3855469129,.005,19,mg/L,.005,=,10/06/2025,
3602878711,NM0020583,0,3600584104,001,EXO,3600645646,A,3600891019,3606239984,12/01/2021,11/30/2026,1,1,81010,"BOD, 5-day, percent removal",1,,,3610673293,C1,85,23,%,23,%,85,MJ,MIN,>=,N,CA,01/07,ENF,3621391565,10/31/2024,CA,01/07,3920642661,C1,3831416430,98,23,%,98,=,11/14/2024,
3602878711,NM0020583,0,3600584104,001,EXO,3600645646,A,3600891019,3606239984,12/01/2021,11/30/2026,1,1,81010,"BOD, 5-day, percent removal",1,,,3610673293,C1,85,23,%,23,%,85,MJ,MIN,>=,N,CA,01/07,ENF,3621391566,11/30/2024,CA,05/07,3920642693,C1,3832994543,98,23,%,98,=,12/16/2024,
3602878711,NM0020583,0,3600584104,001,EXO,3600645646,A,3600891019,3606239984,12/01/2021,11/30/2026,1,1,81010,"BOD, 5-day, percent removal",1,,,3610673293,C1,85,23,%,23,%,85,MJ,MIN,>=,N,CA,01/07,ENF,3621391567,12/31/2024,CA,05/07,3920642725,C1,3834617612,97,23,%,97,=,01/15/2025,
3602878711,NM0020583,0,3600584104,001,EXO,3600645646,A,3600891019,3606239984,12/01/2021,11/30/2026,1,1,81010,"BOD, 5-day, percent removal",1,,,3610673293,C1,85,23,%,23,%,85,MJ,MIN,>=,N,CA,01/07,ENF,3621391568,01/31/2025,CA,05/07,3920642757,C1,3837049247,98,23,%,98,=,02/18/2025,
3602878711,NM0020583,0,3600584104,001,EXO,3600645646,A,3600891019,3606239984,12/01/2021,11/30/2026,1,1,81010,"BOD, 5-day, percent removal",1,,,3610673293,C1,85,23,%,23,%,85,MJ,MIN,>=,N,CA,01/07,ENF,3621391569,02/28/2025,CA,05/07,3920642789,C1,3839823753,98,23,%,98,=,03/14/2025,
3602878711,NM0020583,0,3600584104,001,EXO,3600645646,A,3600891019,3606239984,12/01/2021,11/30/2026,1,1,81010,"BOD, 5-day, percent removal",1,,,3610673293,C1,85,23,%,23,%,85,MJ,MIN,>=,N,CA,01/07,ENF,3621391570,03/31/2025,CA,05/07,3920642821,C1,3840988741,98,23,%,98,=,04/11/2025,
3602878711,NM0020583,0,3600584104,001,EXO,3600645646,A,3600891019,3606239984,12/01/2021,11/30/2026,1,1,81010,"BOD, 5-day, percent removal",1,,,3610673293,C1,85,23,%,23,%,85,MJ,MIN,>=,N,CA,01/07,ENF,3621391571,04/30/2025,CA,05/07,3920642853,C1,3845625307,98,23,%,98,=,05/15/2025,
3602878711,NM0020583,0,3600584104,001,EXO,3600645646,A,3600891019,3606239984,12/01/2021,11/30/2026,1,1,81010,"BOD, 5-day, percent removal",1,,,3610673293,C1,85,23,%,23,%,85,MJ,MIN,>=,N,CA,01/07,ENF,3621391572,05/31/2025,CA,05/WK,3920642885,C1,3847188358,98,23,%,98,=,06/11/2025,
3602878711,NM0020583,0,3600584104,001,EXO,3600645646,A,3600891019,3606239984,12/01/2021,11/30/2026,1,1,81010,"BOD, 5-day, percent removal",1,,,3610673293,C1,85,23,%,23,%,85,MJ,MIN,>=,N,CA,01/07,ENF,3621391573,06/30/2025,CA,05/WK,3920642917,C1,3848301347,98,23,%,98,=,07/08/2025,
3602878711,NM0020583,0,3600584104,001,EXO,3600645646,A,3600891019,3606239984,12/01/2021,11/30/2026,1,1,81010,"BOD, 5-day, percent removal",1,,,3610673293,C1,85,23,%,23,%,85,MJ,MIN,>=,N,CA,01/07,ENF,3621391574,07/31/2025,CA,05/07,3920642949,C1,3851430859,97,23,%,97,=,08/18/2025,
3602878711,NM0020583,0,3600584104,001,EXO,3600645646,A,3600891019,3606239984,12/01/2021,11/30/2026,1,1,81010,"BOD, 5-day, percent removal",1,,,3610673293,C1,85,23,%,23,%,85,MJ,MIN,>=,N,CA,01/07,ENF,3621391575,08/31/2025,CA,05/07,3920642981,C1,3853940592,98,23,%,98,=,09/15/2025,
3602878711,NM0020583,0,3600584104,001,EXO,3600645646,A,3600891019,3606239984,12/01/2021,11/30/2026,1,1,81010,"BOD, 5-day, percent removal",1,,,3610673293,C1,85,23,%,23,%,85,MJ,MIN,>=,N,CA,01/07,ENF,3621391576,09/30/2025,CA,05/07,3920643013,C1,3855797846,98,23,%,98,=,10/14/2025,
3602878711,NM0020583,0,3600584104,001,EXO,3600645646,A,3600891019,3606239983,12/01/2021,11/30/2026,1,1,81011,"Solids, suspended percent removal",1,,,3610673292,C1,85,23,%,23,%,85,MJ,MIN,>=,N,CA,01/07,ENF,3621391565,10/31/2024,CA,01/07,3920642662,C1,3831416431,99,23,%,99,=,11/14/2024,
3602878711,NM0020583,0,3600584104,001,EXO,3600645646,A,3600891019,3606239983,12/01/2021,11/30/2026,1,1,81011,"Solids, suspended percent removal",1,,,3610673292,C1,85,23,%,23,%,85,MJ,MIN,>=,N,CA,01/07,ENF,3621391566,11/30/2024,CA,05/07,3920642694,C1,3832994572,96,23,%,96,=,12/16/2024,
3602878711,NM0020583,0,3600584104,001,EXO,3600645646,A,3600891019,3606239983,12/01/2021,11/30/2026,1,1,81011,"Solids, suspended percent removal",1,,,3610673292,C1,85,23,%,23,%,85,MJ,MIN,>=,N,CA,01/07,ENF,3621391567,12/31/2024,CA,05/07,3920642726,C1,3834617626,97,23,%,97,=,01/15/2025,
3602878711,NM0020583,0,3600584104,001,EXO,3600645646,A,3600891019,3606239983,12/01/2021,11/30/2026,1,1,81011,"Solids, suspended percent removal",1,,,3610673292,C1,85,23,%,23,%,85,MJ,MIN,>=,N,CA,01/07,ENF,3621391568,01/31/2025,CA,05/07,3920642758,C1,3837049223,98,23,%,98,=,02/18/2025,
3602878711,NM0020583,0,3600584104,001,EXO,3600645646,A,3600891019,3606239983,12/01/2021,11/30/2026,1,1,81011,"Solids, suspended percent removal",1,,,3610673292,C1,85,23,%,23,%,85,MJ,MIN,>=,N,CA,01/07,ENF,3621391569,02/28/2025,CA,05/07,3920642790,C1,3839823721,98,23,%,98,=,03/14/2025,
3602878711,NM0020583,0,3600584104,001,EXO,3600645646,A,3600891019,3606239983,12/01/2021,11/30/2026,1,1,81011,"Solids, suspended percent removal",1,,,3610673292,C1,85,23,%,23,%,85,MJ,MIN,>=,N,CA,01/07,ENF,3621391570,03/31/2025,CA,05/07,3920642822,C1,3840988749,98,23,%,98,=,04/11/2025,
3602878711,NM0020583,0,3600584104,001,EXO,3600645646,A,3600891019,3606239983,12/01/2021,11/30/2026,1,1,81011,"Solids, suspended percent removal",1,,,3610673292,C1,85,23,%,23,%,85,MJ,MIN,>=,N,CA,01/07,ENF,3621391571,04/30/2025,CA,05/07,3920642854,C1,3845625285,98,23,%,98,=,05/15/2025,
3602878711,NM0020583,0,3600584104,001,EXO,3600645646,A,3600891019,3606239983,12/01/2021,11/30/2026,1,1,81011,"Solids, suspended percent removal",1,,,3610673292,C1,85,23,%,23,%,85,MJ,MIN,>=,N,CA,01/07,ENF,3621391572,05/31/2025,CA,05/07,3920642886,C1,3847188385,98,23,%,98,=,06/11/2025,
3602878711,NM0020583,0,3600584104,001,EXO,3600645646,A,3600891019,3606239983,12/01/2021,11/30/2026,1,1,81011,"Solids, suspended percent removal",1,,,3610673292,C1,85,23,%,23,%,85,MJ,MIN,>=,N,CA,01/07,ENF,3621391573,06/30/2025,CA,05/WK,3920642918,C1,3848301352,98,23,%,98,=,07/08/2025,
3602878711,NM0020583,0,3600584104,001,EXO,3600645646,A,3600891019,3606239983,12/01/2021,11/30/2026,1,1,81011,"Solids, suspended percent removal",1,,,3610673292,C1,85,23,%,23,%,85,MJ,MIN,>=,N,CA,01/07,ENF,3621391574,07/31/2025,CA,05/07,3920642950,C1,3851430864,98,23,%,98,=,08/18/2025,
3602878711,NM0020583,0,3600584104,001,EXO,3600645646,A,3600891019,3606239983,12/01/2021,11/30/2026,1,1,81011,"Solids, suspended percent removal",1,,,3610673292,C1,85,23,%,23,%,85,MJ,MIN,>=,N,CA,01/07,ENF,3621391575,08/31/2025,CA,05/07,3920642982,C1,3853940581,99,23,%,99,=,09/15/2025,
3602878711,NM0020583,0,3600584104,001,EXO,3600645646,A,3600891019,3606239983,12/01/2021,11/30/2026,1,1,81011,"Solids, suspended percent removal",1,,,3610673292,C1,85,23,%,23,%,85,MJ,MIN,>=,N,CA,01/07,ENF,3621391576,09/30/2025,CA,05/07,3920643014,C1,3855797838,98,23,%,98,=,10/14/2025,
3602878711,NM0020583,0,3600584104,001,EXO,3600645646,A,3600891019,3606239979,12/01/2021,11/30/2026,1,1,00310,"BOD, 5-day, 20 deg. C",1,,,3610673284,Q1,1669,26,lb/d,01,kg/d,757.72599363,3C,AVG,<=,N,12,05/WK,ENF,3621391565,10/31/2024,12,06/07,3920642633,Q1,3831416440,182,26,lb/d,82.62799931,=,11/14/2024,
3602878711,NM0020583,0,3600584104,001,EXO,3600645646,A,3600891019,3606239979,12/01/2021,11/30/2026,1,1,00310,"BOD, 5-day, 20 deg. C",1,,,3610673281,C3,45,19,mg/L,19,mg/L,45,7A,AVG,<=,N,12,05/WK,ENF,3621391565,10/31/2024,12,06/07,3920642632,C3,3831416443,5,19,mg/L,5,=,11/14/2024,
3602878711,NM0020583,0,3600584104,001,EXO,3600645646,A,3600891019,3606239979,12/01/2021,11/30/2026,1,1,00310,"BOD, 5-day, 20 deg. C",1,,,3610673282,C2,30,19,mg/L,19,mg/L,30,3C,AVG,<=,N,12,05/WK,ENF,3621391565,10/31/2024,12,06/07,3920642631,C2,3831416442,4,19,mg/L,4,=,11/14/2024,
3602878711,NM0020583,0,3600584104,001,EXO,3600645646,A,3600891019,3606239979,12/01/2021,11/30/2026,1,1,00310,"BOD, 5-day, 20 deg. C",1,,,3610673283,Q2,2504,26,lb/d,01,kg/d,1136.81599045,7A,AVG,<=,N,12,05/WK,ENF,3621391565,10/31/2024,12,06/07,3920642634,Q2,3831416441,213,26,lb/d,96.70199919,=,11/14/2024,
3602878711,NM0020583,0,3600584104,001,EXO,3600645646,A,3600891019,3606239979,12/01/2021,11/30/2026,1,1,00310,"BOD, 5-day, 20 deg. C",1,,,3610673284,Q1,1669,26,lb/d,01,kg/d,757.72599363,3C,AVG,<=,N,12,05/WK,ENF,3621391566,11/30/2024,12,06/07,3920642665,Q1,3832994568,220,26,lb/d,99.87999916,=,12/16/2024,
3602878711,NM0020583,0,3600584104,001,EXO,3600645646,A,3600891019,3606239979,12/01/2021,11/30/2026,1,1,00310,"BOD, 5-day, 20 deg. C",1,,,3610673283,Q2,2504,26,lb/d,01,kg/d,1136.81599045,7A,AVG,<=,N,12,05/WK,ENF,3621391566,11/30/2024,12,06/07,3920642666,Q2,3832994569,404,26,lb/d,183.41599846,=,12/16/2024,
3602878711,NM0020583,0,3600584104,001,EXO,3600645646,A,3600891019,3606239979,12/01/2021,11/30/2026,1,1,00310,"BOD, 5-day, 20 deg. C",1,,,3610673282,C2,30,19,mg/L,19,mg/L,30,3C,AVG,<=,N,12,05/WK,ENF,3621391566,11/30/2024,12,06/07,3920642663,C2,3832994570,7,19,mg/L,7,=,12/16/2024,
3602878711,NM0020583,0,3600584104,001,EXO,3600645646,A,3600891019,3606239979,12/01/2021,11/30/2026,1,1,00310,"BOD, 5-day, 20 deg. C",1,,,3610673281,C3,45,19,mg/L,19,mg/L,45,7A,AVG,<=,N,12,05/WK,ENF,3621391566,11/30/2024,12,06/07,3920642664,C3,3832994571,13,19,mg/L,13,=,12/16/2024,
3602878711,NM0020583,0,3600584104,001,EXO,3600645646,A,3600891019,3606239979,12/01/2021,11/30/2026,1,1,00310,"BOD, 5-day, 20 deg. C",1,,,3610673281,C3,45,19,mg/L,19,mg/L,45,7A,AVG,<=,N,12,05/WK,ENF,3621391567,12/31/2024,12,06/07,3920642696,C3,3834617634,13,19,mg/L,13,=,01/15/2025,
3602878711,NM0020583,0,3600584104,001,EXO,3600645646,A,3600891019,3606239979,12/01/2021,11/30/2026,1,1,00310,"BOD, 5-day, 20 deg. C",1,,,3610673283,Q2,2504,26,lb/d,01,kg/d,1136.81599045,7A,AVG,<=,N,12,05/WK,ENF,3621391568,01/31/2025,12,06/07,3920642730,Q2,3837049233,240,26,lb/d,108.95999908,=,02/18/2025,
3602878711,NM0020583,0,3600584104,001,EXO,3600645646,A,3600891019,3606239979,12/01/2021,11/30/2026,1,1,00310,"BOD, 5-day, 20 deg. C",1,,,3610673282,C2,30,19,mg/L,19,mg/L,30,3C,AVG,<=,N,12,05/WK,ENF,3621391567,12/31/2024,12,06/07,3920642695,C2,3834617633,10,19,mg/L,10,=,01/15/2025,
3602878711,NM0020583,0,3600584104,001,EXO,3600645646,A,3600891019,3606239979,12/01/2021,11/30/2026,1,1,00310,"BOD, 5-day, 20 deg. C",1,,,3610673283,Q2,2504,26,lb/d,01,kg/d,1136.81599045,7A,AVG,<=,N,12,05/WK,ENF,3621391567,12/31/2024,12,06/07,3920642698,Q2,3834617632,412,26,lb/d,187.04799843,=,01/15/2025,
3602878711,NM0020583,0,3600584104,001,EXO,3600645646,A,3600891019,3606239979,12/01/2021,11/30/2026,1,1,00310,"BOD, 5-day, 20 deg. C",1,,,3610673284,Q1,1669,26,lb/d,01,kg/d,757.72599363,3C,AVG,<=,N,12,05/WK,ENF,3621391567,12/31/2024,12,06/07,3920642697,Q1,3834617631,293,26,lb/d,133.02199888,=,01/15/2025,
3602878711,NM0020583,0,3600584104,001,EXO,3600645646,A,3600891019,3606239979,12/01/2021,11/30/2026,1,1,00310,"BOD, 5-day, 20 deg. C",1,,,3610673284,Q1,1669,26,lb/d,01,kg/d,757.72599363,3C,AVG,<=,N,12,05/WK,ENF,3621391568,01/31/2025,12,06/07,3920642729,Q1,3837049232,216,26,lb/d,98.06399918,=,02/18/2025,
3602878711,NM0020583,0,3600584104,001,EXO,3600645646,A,3600891019,3606239979,12/01/2021,11/30/2026,1,1,00310,"BOD, 5-day, 20 deg. C",1,,,3610673282,C2,30,19,mg/L,19,mg/L,30,3C,AVG,<=,N,12,05/WK,ENF,3621391568,01/31/2025,12,06/07,3920642727,C2,3837049234,7,19,mg/L,7,=,02/18/2025,
3602878711,NM0020583,0,3600584104,001,EXO,3600645646,A,3600891019,3606239979,12/01/2021,11/30/2026,1,1,00310,"BOD, 5-day, 20 deg. C",1,,,3610673281,C3,45,19,mg/L,19,mg/L,45,7A,AVG,<=,N,12,05/WK,ENF,3621391568,01/31/2025,12,06/07,3920642728,C3,3837049235,8,19,mg/L,8,=,02/18/2025,
3602878711,NM0020583,0,3600584104,001,EXO,3600645646,A,3600891019,3606239979,12/01/2021,11/30/2026,1,1,00310,"BOD, 5-day, 20 deg. C",1,,,3610673281,C3,45,19,mg/L,19,mg/L,45,7A,AVG,<=,N,12,05/WK,ENF,3621391569,02/28/2025,12,06/07,3920642760,C3,3839823741,8,19,mg/L,8,=,03/14/2025,
3602878711,NM0020583,0,3600584104,001,EXO,3600645646,A,3600891019,3606239979,12/01/2021,11/30/2026,1,1,00310,"BOD, 5-day, 20 deg. C",1,,,3610673282,C2,30,19,mg/L,19,mg/L,30,3C,AVG,<=,N,12,05/WK,ENF,3621391569,02/28/2025,12,06/07,3920642759,C2,3839823740,7,19,mg/L,7,=,03/14/2025,
3602878711,NM0020583,0,3600584104,001,EXO,3600645646,A,3600891019,3606239979,12/01/2021,11/30/2026,1,1,00310,"BOD, 5-day, 20 deg. C",1,,,3610673284,Q1,1669,26,lb/d,01,kg/d,757.72599363,3C,AVG,<=,N,12,05/WK,ENF,3621391569,02/28/2025,12,06/07,3920642761,Q1,3839823738,235,26,lb/d,106.6899991,=,03/14/2025,
3602878711,NM0020583,0,3600584104,001,EXO,3600645646,A,3600891019,3606239979,12/01/2021,11/30/2026,1,1,00310,"BOD, 5-day, 20 deg. C",1,,,3610673282,C2,30,19,mg/L,19,mg/L,30,3C,AVG,<=,N,12,05/WK,ENF,3621391570,03/31/2025,12,06/07,3920642791,C2,3840988771,7,19,mg/L,7,=,04/11/2025,
3602878711,NM0020583,0,3600584104,001,EXO,3600645646,A,3600891019,3606239979,12/01/2021,11/30/2026,1,1,00310,"BOD, 5-day, 20 deg. C",1,,,3610673283,Q2,2504,26,lb/d,01,kg/d,1136.81599045,7A,AVG,<=,N,12,05/WK,ENF,3621391569,02/28/2025,12,06/07,3920642762,Q2,3839823739,284,26,lb/d,128.93599892,=,03/14/2025,
3602878711,NM0020583,0,3600584104,001,EXO,3600645646,A,3600891019,3606239979,12/01/2021,11/30/2026,1,1,00310,"BOD, 5-day, 20 deg. C",1,,,3610673283,Q2,2504,26,lb/d,01,kg/d,1136.81599045,7A,AVG,<=,N,12,05/WK,ENF,3621391570,03/31/2025,12,06/07,3920642794,Q2,3840988770,269,26,lb/d,122.12599897,=,04/11/2025,
3602878711,NM0020583,0,3600584104,001,EXO,3600645646,A,3600891019,3606239979,12/01/2021,11/30/2026,1,1,00310,"BOD, 5-day, 20 deg. C",1,,,3610673284,Q1,1669,26,lb/d,01,kg/d,757.72599363,3C,AVG,<=,N,12,05/WK,ENF,3621391570,03/31/2025,12,06/07,3920642793,Q1,3840988769,238,26,lb/d,108.05199909,=,04/11/2025,
3602878711,NM0020583,0,3600584104,001,EXO,3600645646,A,3600891019,3606239979,12/01/2021,11/30/2026,1,1,00310,"BOD, 5-day, 20 deg. C",1,,,3610673281,C3,45,19,mg/L,19,mg/L,45,7A,AVG,<=,N,12,05/WK,ENF,3621391570,03/31/2025,12,06/07,3920642792,C3,3840988772,8,19,mg/L,8,=,04/11/2025,
3602878711,NM0020583,0,3600584104,001,EXO,3600645646,A,3600891019,3606239979,12/01/2021,11/30/2026,1,1,00310,"BOD, 5-day, 20 deg. C",1,,,3610673281,C3,45,19,mg/L,19,mg/L,45,7A,AVG,<=,N,12,05/WK,ENF,3621391571,04/30/2025,12,06/07,3920642824,C3,3845625314,8,19,mg/L,8,=,05/15/2025,
3602878711,NM0020583,0,3600584104,001,EXO,3600645646,A,3600891019,3606239979,12/01/2021,11/30/2026,1,1,00310,"BOD, 5-day, 20 deg. C",1,,,3610673282,C2,30,19,mg/L,19,mg/L,30,3C,AVG,<=,N,12,05/WK,ENF,3621391571,04/30/2025,12,06/07,3920642823,C2,3845625313,6,19,mg/L,6,=,05/15/2025,
3602878711,NM0020583,0,3600584104,001,EXO,3600645646,A,3600891019,3606239979,12/01/2021,11/30/2026,1,1,00310,"BOD, 5-day, 20 deg. C",1,,,3610673284,Q1,1669,26,lb/d,01,kg/d,757.72599363,3C,AVG,<=,N,12,05/WK,ENF,3621391571,04/30/2025,12,06/07,3920642825,Q1,3845625311,262,26,lb/d,118.947999,=,05/15/2025,
3602878711,NM0020583,0,3600584104,001,EXO,3600645646,A,3600891019,3606239979,12/01/2021,11/30/2026,1,1,00310,"BOD, 5-day, 20 deg. C",1,,,3610673283,Q2,2504,26,lb/d,01,kg/d,1136.81599045,7A,AVG,<=,N,12,05/WK,ENF,3621391571,04/30/2025,12,06/07,3920642826,Q2,3845625312,345,26,lb/d,156.62999868,=,05/15/2025,
3602878711,NM0020583,0,3600584104,001,EXO,3600645646,A,3600891019,3606239979,12/01/2021,11/30/2026,1,1,00310,"BOD, 5-day, 20 deg. C",1,,,3610673283,Q2,2504,26,lb/d,01,kg/d,1136.81599045,7A,AVG,<=,N,12,05/WK,ENF,3621391572,05/31/2025,12,06/07,3920642858,Q2,3847188387,222,26,lb/d,100.78799915,=,06/11/2025,
3602878711,NM0020583,0,3600584104,001,EXO,3600645646,A,3600891019,3606239979,12/01/2021,11/30/2026,1,1,00310,"BOD, 5-day, 20 deg. C",1,,,3610673281,C3,45,19,mg/L,19,mg/L,45,7A,AVG,<=,N,12,05/WK,ENF,3621391573,06/30/2025,12,06/07,3920642888,C3,3848301382,8,19,mg/L,8,>,07/08/2025,
3602878711,NM0020583,0,3600584104,001,EXO,3600645646,A,3600891019,3606239979,12/01/2021,11/30/2026,1,1,00310,"BOD, 5-day, 20 deg. C",1,,,3610673284,Q1,1669,26,lb/d,01,kg/d,757.72599363,3C,AVG,<=,N,12,05/WK,ENF,3621391572,05/31/2025,12,06/07,3920642857,Q1,3847188386,206,26,lb/d,93.52399921,=,06/11/2025,
3602878711,NM0020583,0,3600584104,001,EXO,3600645646,A,3600891019,3606239979,12/01/2021,11/30/2026,1,1,00310,"BOD, 5-day, 20 deg. C",1,,,3610673282,C2,30,19,mg/L,19,mg/L,30,3C,AVG,<=,N,12,05/WK,ENF,3621391572,05/31/2025,12,06/07,3920642855,C2,3847188388,5,19,mg/L,5,=,06/11/2025,
3602878711,NM0020583,0,3600584104,001,EXO,3600645646,A,3600891019,3606239979,12/01/2021,11/30/2026,1,1,00310,"BOD, 5-day, 20 deg. C",1,,,3610673281,C3,45,19,mg/L,19,mg/L,45,7A,AVG,<=,N,12,05/WK,ENF,3621391572,05/31/2025,12,06/07,3920642856,C3,3847188389,5,19,mg/L,5,=,06/11/2025,
3602878711,NM0020583,0,3600584104,001,EXO,3600645646,A,3600891019,3606239979,12/01/2021,11/30/2026,1,1,00310,"BOD, 5-day, 20 deg. C",1,,,3610673282,C2,30,19,mg/L,19,mg/L,30,3C,AVG,<=,N,12,05/WK,ENF,3621391573,06/30/2025,12,06/07,3920642887,C2,3848301381,7,19,mg/L,7,>,07/08/2025,
3602878711,NM0020583,0,3600584104,001,EXO,3600645646,A,3600891019,3606239979,12/01/2021,11/30/2026,1,1,00310,"BOD, 5-day, 20 deg. C",1,,,3610673284,Q1,1669,26,lb/d,01,kg/d,757.72599363,3C,AVG,<=,N,12,05/WK,ENF,3621391573,06/30/2025,12,06/07,3920642889,Q1,3848301379,307,26,lb/d,139.37799883,>,07/08/2025,
3602878711,NM0020583,0,3600584104,001,EXO,3600645646,A,3600891019,3606239979,12/01/2021,11/30/2026,1,1,00310,"BOD, 5-day, 20 deg. C",1,,,3610673283,Q2,2504,26,lb/d,01,kg/d,1136.81599045,7A,AVG,<=,N,12,05/WK,ENF,3621391573,06/30/2025,12,06/07,3920642890,Q2,3848301380,380,26,lb/d,172.51999855,>,07/08/2025,
3602878711,NM0020583,0,3600584104,001,EXO,3600645646,A,3600891019,3606239979,12/01/2021,11/30/2026,1,1,00310,"BOD, 5-day, 20 deg. C",1,,,3610673283,Q2,2504,26,lb/d,01,kg/d,1136.81599045,7A,AVG,<=,N,12,05/WK,ENF,3621391574,07/31/2025,12,06/07,3920642922,Q2,3851430868,470,26,lb/d,213.37999821,>,08/18/2025,
3602878711,NM0020583,0,3600584104,001,EXO,3600645646,A,3600891019,3606239979,12/01/2021,11/30/2026,1,1,00310,"BOD, 5-day, 20 deg. C",1,,,3610673281,C3,45,19,mg/L,19,mg/L,45,7A,AVG,<=,N,12,05/WK,ENF,3621391575,08/31/2025,12,06/07,3920642952,C3,3853940571,8,19,mg/L,8,=,09/15/2025,
3602878711,NM0020583,0,3600584104,001,EXO,3600645646,A,3600891019,3606239979,12/01/2021,11/30/2026,1,1,00310,"BOD, 5-day, 20 deg. C",1,,,3610673284,Q1,1669,26,lb/d,01,kg/d,757.72599363,3C,AVG,<=,N,12,05/WK,ENF,3621391574,07/31/2025,12,06/07,3920642921,Q1,3851430867,366,26,lb/d,166.1639986,>,08/18/2025,
3602878711,NM0020583,0,3600584104,001,EXO,3600645646,A,3600891019,3606239979,12/01/2021,11/30/2026,1,1,00310,"BOD, 5-day, 20 deg. C",1,,,3610673282,C2,30,19,mg/L,19,mg/L,30,3C,AVG,<=,N,12,05/WK,ENF,3621391574,07/31/2025,12,06/07,3920642919,C2,3851430869,7,19,mg/L,7,>,08/18/2025,
3602878711,NM0020583,0,3600584104,001,EXO,3600645646,A,3600891019,3606239979,12/01/2021,11/30/2026,1,1,00310,"BOD, 5-day, 20 deg. C",1,,,3610673281,C3,45,19,mg/L,19,mg/L,45,7A,AVG,<=,N,12,05/WK,ENF,3621391574,07/31/2025,12,06/07,3920642920,C3,3851430870,9,19,mg/L,9,>,08/18/2025,
3602878711,NM0020583,0,3600584104,001,EXO,3600645646,A,3600891019,3606239979,12/01/2021,11/30/2026,1,1,00310,"BOD, 5-day, 20 deg. C",1,,,3610673282,C2,30,19,mg/L,19,mg/L,30,3C,AVG,<=,N,12,05/WK,ENF,3621391575,08/31/2025,12,06/07,3920642951,C2,3853940570,6,19,mg/L,6,=,09/15/2025,
3602878711,NM0020583,0,3600584104,001,EXO,3600645646,A,3600891019,3606239979,12/01/2021,11/30/2026,1,1,00310,"BOD, 5-day, 20 deg. C",1,,,3610673284,Q1,1669,26,lb/d,01,kg/d,757.72599363,3C,AVG,<=,N,12,05/WK,ENF,3621391575,08/31/2025,12,06/07,3920642953,Q1,3853940567,299,26,lb/d,135.74599886,=,09/15/2025,
3602878711,NM0020583,0,3600584104,001,EXO,3600645646,A,3600891019,3606239979,12/01/2021,11/30/2026,1,1,00310,"BOD, 5-day, 20 deg. C",1,,,3610673283,Q2,2504,26,lb/d,01,kg/d,1136.81599045,7A,AVG,<=,N,12,05/WK,ENF,3621391575,08/31/2025,12,06/07,3920642954,Q2,3853940568,354,26,lb/d,160.71599865,=,09/15/2025,
3602878711,NM0020583,0,3600584104,001,EXO,3600645646,A,3600891019,3606239979,12/01/2021,11/30/2026,1,1,00310,"BOD, 5-day, 20 deg. C",1,,,3610673284,Q1,1669,26,lb/d,01,kg/d,757.72599363,3C,AVG,<=,N,12,05/WK,ENF,3621391576,09/30/2025,12,06/07,3920642985,Q1,3855797854,223,26,lb/d,101.24199915,=,10/14/2025,
3602878711,NM0020583,0,3600584104,001,EXO,3600645646,A,3600891019,3606239979,12/01/2021,11/30/2026,1,1,00310,"BOD, 5-day, 20 deg. C",1,,,3610673283,Q2,2504,26,lb/d,01,kg/d,1136.81599045,7A,AVG,<=,N,12,05/WK,ENF,3621391576,09/30/2025,12,06/07,3920642986,Q2,3855797855,287,26,lb/d,130.29799891,=,10/14/2025,
3602878711,NM0020583,0,3600584104,001,EXO,3600645646,A,3600891019,3606239979,12/01/2021,11/30/2026,1,1,00310,"BOD, 5-day, 20 deg. C",1,,,3610673282,C2,30,19,mg/L,19,mg/L,30,3C,AVG,<=,N,12,05/WK,ENF,3621391576,09/30/2025,12,06/07,3920642983,C2,3855797856,5,19,mg/L,5,=,10/14/2025,
3602878711,NM0020583,0,3600584104,001,EXO,3600645646,A,3600891019,3606239979,12/01/2021,11/30/2026,1,1,00310,"BOD, 5-day, 20 deg. C",1,,,3610673281,C3,45,19,mg/L,19,mg/L,45,7A,AVG,<=,N,12,05/WK,ENF,3621391576,09/30/2025,12,06/07,3920642984,C3,3855797857,6,19,mg/L,6,=,10/14/2025,
3602720951,NM0000116,0,3600545262,001,EXO,3600598928,A,3600833510,3605908064,06/01/2021,05/31/2026,3,1,00400,pH,1,,,3610129865,C1,6,12,SU,12,SU,6,ME,MIN,>=,N,GR,01/01,ENF,3619518334,11/30/2024,,,3896611093,C1,3835977346,,,,,,01/28/2025,C
3602720951,NM0000116,0,3600545262,001,EXO,3600598928,A,3600833510,3605908064,06/01/2021,05/31/2026,3,1,00400,pH,1,,,3610129865,C1,6,12,SU,12,SU,6,ME,MIN,>=,N,GR,01/01,ENF,3619518333,10/31/2024,,,3896611084,C1,3835977358,,,,,,01/28/2025,C
3602720951,NM0000116,0,3600545262,001,EXO,3600598928,A,3600833510,3605908064,06/01/2021,05/31/2026,3,1,00400,pH,1,,,3610129864,C3,9,12,SU,12,SU,9,MB,MAX,<=,N,GR,01/01,ENF,3619518333,10/31/2024,,,3896611085,C3,3835977360,,,,,,01/28/2025,C
3602720951,NM0000116,0,3600545262,001,EXO,3600598928,A,3600833510,3605908064,06/01/2021,05/31/2026,3,1,00400,pH,1,,,3610129864,C3,9,12,SU,12,SU,9,MB,MAX,<=,N,GR,01/01,ENF,3619518334,11/30/2024,,,3896611094,C3,3835977348,,,,,,01/28/2025,C
3602720951,NM0000116,0,3600545262,001,EXO,3600598928,A,3600833510,3605908064,06/01/2021,05/31/2026,3,1,00400,pH,1,,,3610129865,C1,6,12,SU,12,SU,6,ME,MIN,>=,N,GR,01/01,ENF,3619518335,12/31/2024,,,3896611102,C1,3835977362,,,,,,01/28/2025,C
3602720951,NM0000116,0,3600545262,001,EXO,3600598928,A,3600833510,3605908064,06/01/2021,05/31/2026,3,1,00400,pH,1,,,3610129864,C3,9,12,SU,12,SU,9,MB,MAX,<=,N,GR,01/01,ENF,3619518335,12/31/2024,,,3896611103,C3,3835977364,,,,,,01/28/2025,C
3602720951,NM0000116,0,3600545262,001,EXO,3600598928,A,3600833510,3605908064,06/01/2021,05/31/2026,3,1,00400,pH,1,,,3610129864,C3,9,12,SU,12,SU,9,MB,MAX,<=,N,GR,01/01,ENF,3619518336,01/31/2025,,,3896611112,C3,3842360842,,,,,,04/28/2025,C
3602720951,NM0000116,0,3600545262,001,EXO,3600598928,A,3600833510,3605908064,06/01/2021,05/31/2026,3,1,00400,pH,1,,,3610129865,C1,6,12,SU,12,SU,6,ME,MIN,>=,N,GR,01/01,ENF,3619518336,01/31/2025,,,3896611111,C1,3842360840,,,,,,04/28/2025,C
3602720951,NM0000116,0,3600545262,001,EXO,3600598928,A,3600833510,3605908064,06/01/2021,05/31/2026,3,1,00400,pH,1,,,3610129864,C3,9,12,SU,12,SU,9,MB,MAX,<=,N,GR,01/01,ENF,3619518337,02/28/2025,,,3896611121,C3,3842360905,,,,,,04/28/2025,C
3602720951,NM0000116,0,3600545262,001,EXO,3600598928,A,3600833510,3605908064,06/01/2021,05/31/2026,3,1,00400,pH,1,,,3610129865,C1,6,12,SU,12,SU,6,ME,MIN,>=,N,GR,01/01,ENF,3619518337,02/28/2025,,,3896611120,C1,3842360904,,,,,,04/28/2025,C
3602720951,NM0000116,0,3600545262,001,EXO,3600598928,A,3600833510,3605908064,06/01/2021,05/31/2026,3,1,00400,pH,1,,,3610129865,C1,6,12,SU,12,SU,6,ME,MIN,>=,N,GR,01/01,ENF,3619518338,03/31/2025,,,3896611129,C1,3842360829,,,,,,04/28/2025,C
3602720951,NM0000116,0,3600545262,001,EXO,3600598928,A,3600833510,3605908064,06/01/2021,05/31/2026,3,1,00400,pH,1,,,3610129864,C3,9,12,SU,12,SU,9,MB,MAX,<=,N,GR,01/01,ENF,3619518338,03/31/2025,,,3896611130,C3,3842360830,,,,,,04/28/2025,C
3602720951,NM0000116,0,3600545262,001,EXO,3600598928,A,3600833510,3605908064,06/01/2021,05/31/2026,3,1,00400,pH,1,,,3610129864,C3,9,12,SU,12,SU,9,MB,MAX,<=,N,GR,01/01,ENF,3619518339,04/30/2025,,,3896611139,C3,3850068776,,,,,,07/28/2025,C
3602720951,NM0000116,0,3600545262,001,EXO,3600598928,A,3600833510,3605908064,06/01/2021,05/31/2026,3,1,00400,pH,1,,,3610129865,C1,6,12,SU,12,SU,6,ME,MIN,>=,N,GR,01/01,ENF,3619518339,04/30/2025,,,3896611138,C1,3850068775,,,,,,07/28/2025,C
3602720951,NM0000116,0,3600545262,001,EXO,3600598928,A,3600833510,3605908064,06/01/2021,05/31/2026,3,1,00400,pH,1,,,3610129864,C3,9,12,SU,12,SU,9,MB,MAX,<=,N,GR,01/01,ENF,3619518340,05/31/2025,,,3896611148,C3,3850068787,,,,,,07/28/2025,C
3602720951,NM0000116,0,3600545262,001,EXO,3600598928,A,3600833510,3605908064,06/01/2021,05/31/2026,3,1,00400,pH,1,,,3610129865,C1,6,12,SU,12,SU,6,ME,MIN,>=,N,GR,01/01,ENF,3619518340,05/31/2025,,,3896611147,C1,3850068784,,,,,,07/28/2025,C
3602720951,NM0000116,0,3600545262,001,EXO,3600598928,A,3600833510,3605908064,06/01/2021,05/31/2026,3,1,00400,pH,1,,,3610129865,C1,6,12,SU,12,SU,6,ME,MIN,>=,N,GR,01/01,ENF,3619518341,06/30/2025,,,3896611156,C1,3850068781,,,,,,07/28/2025,C
3602720951,NM0000116,0,3600545262,001,EXO,3600598928,A,3600833510,3605908064,06/01/2021,05/31/2026,3,1,00400,pH,1,,,3610129864,C3,9,12,SU,12,SU,9,MB,MAX,<=,N,GR,01/01,ENF,3619518341,06/30/2025,,,3896611157,C3,3850068782,,,,,,07/28/2025,C
3602720951,NM0000116,0,3600545262,001,EXO,3600598928,A,3600833510,3605908064,06/01/2021,05/31/2026,3,1,00400,pH,1,,,3610129864,C3,9,12,SU,12,SU,9,MB,MAX,<=,N,GR,01/01,ENF,3619518342,07/31/2025,GR,01/01,3896611166,C3,3856101785,8,12,SU,8,=,10/17/2025,
3602720951,NM0000116,0,3600545262,001,EXO,3600598928,A,3600833510,3605908064,06/01/2021,05/31/2026,3,1,00400,pH,1,,,3610129865,C1,6,12,SU,12,SU,6,ME,MIN,>=,N,GR,01/01,ENF,3619518342,07/31/2025,GR,01/01,3896611165,C1,3856101784,8,12,SU,8,=,10/17/2025,
3602720951,NM0000116,0,3600545262,001,EXO,3600598928,A,3600833510,3605908064,06/01/2021,05/31/2026,3,1,00400,pH,1,,,3610129864,C3,9,12,SU,12,SU,9,MB,MAX,<=,N,GR,01/01,ENF,3619518343,08/31/2025,,,3896611175,C3,3856101748,,,,,,10/17/2025,C
3602720951,NM0000116,0,3600545262,001,EXO,3600598928,A,3600833510,3605908064,06/01/2021,05/31/2026,3,1,00400,pH,1,,,3610129865,C1,6,12,SU,12,SU,6,ME,MIN,>=,N,GR,01/01,ENF,3619518343,08/31/2025,,,3896611174,C1,3856101747,,,,,,10/17/2025,C
3602720951,NM0000116,0,3600545262,001,EXO,3600598928,A,3600833510,3605908064,06/01/2021,05/31/2026,3,1,00400,pH,1,,,3610129865,C1,6,12,SU,12,SU,6,ME,MIN,>=,N,GR,01/01,ENF,3619518344,09/30/2025,GR,01/01,3896611183,C1,3856101769,8.4,12,SU,8.4,=,10/17/2025,
3602720951,NM0000116,0,3600545262,001,EXO,3600598928,A,3600833510,3605908064,06/01/2021,05/31/2026,3,1,00400,pH,1,,,3610129864,C3,9,12,SU,12,SU,9,MB,MAX,<=,N,GR,01/01,ENF,3619518344,09/30/2025,GR,01/01,3896611184,C3,3856101770,8.4,12,SU,8.4,=,10/17/2025,
3602878711,NM0020583,0,3600584104,001,EXO,3600645646,A,3600891019,3606239981,12/01/2021,11/30/2026,1,1,00400,pH,1,,,3610673290,C1,6.6,12,SU,12,SU,6.6,ME,MIN,>=,N,GR,05/WK,ENF,3621391565,10/31/2024,GR,05/WK,3920642635,C1,3831416460,7,12,SU,7,=,11/14/2024,
3602878711,NM0020583,0,3600584104,001,EXO,3600645646,A,3600891019,3606239981,12/01/2021,11/30/2026,1,1,00400,pH,1,,,3610673289,C3,9,12,SU,12,SU,9,MB,MAX,<=,N,GR,05/WK,ENF,3621391565,10/31/2024,GR,05/WK,3920642636,C3,3831416461,7.3,12,SU,7.3,=,11/14/2024,
3602878711,NM0020583,0,3600584104,001,EXO,3600645646,A,3600891019,3606239981,12/01/2021,11/30/2026,1,1,00400,pH,1,,,3610673289,C3,9,12,SU,12,SU,9,MB,MAX,<=,N,GR,05/WK,ENF,3621391566,11/30/2024,GR,05/WK,3920642668,C3,3832994538,8.5,12,SU,8.5,=,12/16/2024,
3602878711,NM0020583,0,3600584104,001,EXO,3600645646,A,3600891019,3606239981,12/01/2021,11/30/2026,1,1,00400,pH,1,,,3610673290,C1,6.6,12,SU,12,SU,6.6,ME,MIN,>=,N,GR,05/WK,ENF,3621391566,11/30/2024,GR,05/WK,3920642667,C1,3832994537,6.8,12,SU,6.8,=,12/16/2024,
3602878711,NM0020583,0,3600584104,001,EXO,3600645646,A,3600891019,3606239981,12/01/2021,11/30/2026,1,1,00400,pH,1,,,3610673290,C1,6.6,12,SU,12,SU,6.6,ME,MIN,>=,N,GR,05/WK,ENF,3621391567,12/31/2024,GR,05/WK,3920642699,C1,3834617613,6.8,12,SU,6.8,=,01/15/2025,
3602878711,NM0020583,0,3600584104,001,EXO,3600645646,A,3600891019,3606239981,12/01/2021,11/30/2026,1,1,00400,pH,1,,,3610673289,C3,9,12,SU,12,SU,9,MB,MAX,<=,N,GR,05/WK,ENF,3621391567,12/31/2024,GR,05/WK,3920642700,C3,3834617614,7.2,12,SU,7.2,=,01/15/2025,
3602878711,NM0020583,0,3600584104,001,EXO,3600645646,A,3600891019,3606239981,12/01/2021,11/30/2026,1,1,00400,pH,1,,,3610673289,C3,9,12,SU,12,SU,9,MB,MAX,<=,N,GR,05/WK,ENF,3621391568,01/31/2025,GR,05/WK,3920642732,C3,3837049246,7,12,SU,7,=,02/18/2025,
3602878711,NM0020583,0,3600584104,001,EXO,3600645646,A,3600891019,3606239981,12/01/2021,11/30/2026,1,1,00400,pH,1,,,3610673290,C1,6.6,12,SU,12,SU,6.6,ME,MIN,>=,N,GR,05/WK,ENF,3621391568,01/31/2025,GR,05/WK,3920642731,C1,3837049245,6.8,12,SU,6.8,=,02/18/2025,
3602878711,NM0020583,0,3600584104,001,EXO,3600645646,A,3600891019,3606239981,12/01/2021,11/30/2026,1,1,00400,pH,1,,,3610673290,C1,6.6,12,SU,12,SU,6.6,ME,MIN,>=,N,GR,05/WK,ENF,3621391569,02/28/2025,GR,05/WK,3920642763,C1,3839823743,6.9,12,SU,6.9,=,03/14/2025,
3602878711,NM0020583,0,3600584104,001,EXO,3600645646,A,3600891019,3606239981,12/01/2021,11/30/2026,1,1,00400,pH,1,,,3610673289,C3,9,12,SU,12,SU,9,MB,MAX,<=,N,GR,05/WK,ENF,3621391569,02/28/2025,GR,05/WK,3920642764,C3,3839823744,7.1,12,SU,7.1,=,03/14/2025,
3602878711,NM0020583,0,3600584104,001,EXO,3600645646,A,3600891019,3606239981,12/01/2021,11/30/2026,1,1,00400,pH,1,,,3610673289,C3,9,12,SU,12,SU,9,MB,MAX,<=,N,GR,05/WK,ENF,3621391570,03/31/2025,GR,05/WK,3920642796,C3,3840988756,7.1,12,SU,7.1,=,04/11/2025,
3602878711,NM0020583,0,3600584104,001,EXO,3600645646,A,3600891019,3606239981,12/01/2021,11/30/2026,1,1,00400,pH,1,,,3610673290,C1,6.6,12,SU,12,SU,6.6,ME,MIN,>=,N,GR,05/WK,ENF,3621391570,03/31/2025,GR,05/WK,3920642795,C1,3840988755,6.9,12,SU,6.9,=,04/11/2025,
3602878711,NM0020583,0,3600584104,001,EXO,3600645646,A,3600891019,3606239981,12/01/2021,11/30/2026,1,1,00400,pH,1,,,3610673290,C1,6.6,12,SU,12,SU,6.6,ME,MIN,>=,N,GR,05/WK,ENF,3621391571,04/30/2025,GR,05/WK,3920642827,C1,3845625279,6.8,12,SU,6.8,=,05/15/2025,
3602878711,NM0020583,0,3600584104,001,EXO,3600645646,A,3600891019,3606239981,12/01/2021,11/30/2026,1,1,00400,pH,1,,,3610673289,C3,9,12,SU,12,SU,9,MB,MAX,<=,N,GR,05/WK,ENF,3621391571,04/30/2025,GR,05/WK,3920642828,C3,3845625280,7.1,12,SU,7.1,=,05/15/2025,
3602878711,NM0020583,0,3600584104,001,EXO,3600645646,A,3600891019,3606239981,12/01/2021,11/30/2026,1,1,00400,pH,1,,,3610673289,C3,9,12,SU,12,SU,9,MB,MAX,<=,N,GR,05/WK,ENF,3621391572,05/31/2025,GR,05/WK,3920642860,C3,3847188372,7.4,12,SU,7.4,=,06/11/2025,
3602878711,NM0020583,0,3600584104,001,EXO,3600645646,A,3600891019,3606239981,12/01/2021,11/30/2026,1,1,00400,pH,1,,,3610673290,C1,6.6,12,SU,12,SU,6.6,ME,MIN,>=,N,GR,05/WK,ENF,3621391572,05/31/2025,GR,05/WK,3920642859,C1,3847188371,7.2,12,SU,7.2,=,06/11/2025,
3602878711,NM0020583,0,3600584104,001,EXO,3600645646,A,3600891019,3606239981,12/01/2021,11/30/2026,1,1,00400,pH,1,,,3610673290,C1,6.6,12,SU,12,SU,6.6,ME,MIN,>=,N,GR,05/WK,ENF,3621391573,06/30/2025,GR,05/WK,3920642891,C1,3848301370,7.1,12,SU,7.1,=,07/08/2025,
3602878711,NM0020583,0,3600584104,001,EXO,3600645646,A,3600891019,3606239981,12/01/2021,11/30/2026,1,1,00400,pH,1,,,3610673289,C3,9,12,SU,12,SU,9,MB,MAX,<=,N,GR,05/WK,ENF,3621391573,06/30/2025,GR,05/WK,3920642892,C3,3848301371,7.3,12,SU,7.3,=,07/08/2025,
3602878711,NM0020583,0,3600584104,001,EXO,3600645646,A,3600891019,3606239981,12/01/2021,11/30/2026,1,1,00400,pH,1,,,3610673289,C3,9,12,SU,12,SU,9,MB,MAX,<=,N,GR,05/WK,ENF,3621391574,07/31/2025,GR,05/WK,3920642924,C3,3851430866,7.3,12,SU,7.3,=,08/18/2025,
3602878711,NM0020583,0,3600584104,001,EXO,3600645646,A,3600891019,3606239981,12/01/2021,11/30/2026,1,1,00400,pH,1,,,3610673290,C1,6.6,12,SU,12,SU,6.6,ME,MIN,>=,N,GR,05/WK,ENF,3621391574,07/31/2025,GR,05/WK,3920642923,C1,3851430865,7,12,SU,7,=,08/18/2025,
3602878711,NM0020583,0,3600584104,001,EXO,3600645646,A,3600891019,3606239981,12/01/2021,11/30/2026,1,1,00400,pH,1,,,3610673290,C1,6.6,12,SU,12,SU,6.6,ME,MIN,>=,N,GR,05/WK,ENF,3621391575,08/31/2025,GR,05/WK,3920642955,C1,3853940595,7,12,SU,7,=,09/15/2025,
3602878711,NM0020583,0,3600584104,001,EXO,3600645646,A,3600891019,3606239981,12/01/2021,11/30/2026,1,1,00400,pH,1,,,3610673289,C3,9,12,SU,12,SU,9,MB,MAX,<=,N,GR,05/WK,ENF,3621391575,08/31/2025,GR,05/WK,3920642956,C3,3853940598,7.2,12,SU,7.2,=,09/15/2025,
3602878711,NM0020583,0,3600584104,001,EXO,3600645646,A,3600891019,3606239981,12/01/2021,11/30/2026,1,1,00400,pH,1,,,3610673289,C3,9,12,SU,12,SU,9,MB,MAX,<=,N,GR,05/WK,ENF,3621391576,09/30/2025,GR,05/WK,3920642988,C3,3855797844,7.2,12,SU,7.2,=,10/14/2025,
3602878711,NM0020583,0,3600584104,001,EXO,3600645646,A,3600891019,3606239981,12/01/2021,11/30/2026,1,1,00400,pH,1,,,3610673290,C1,6.6,12,SU,12,SU,6.6,ME,MIN,>=,N,GR,05/WK,ENF,3621391576,09/30/2025,GR,05/WK,3920642987,C1,3855797843,7.1,12,SU,7.1,=,10/14/2025,
3602944933,NM0028762,0,3600602070,001,EXO,3600657420,A,3600904607,3606351872,01/01/2022,12/31/2026,3,1,00400,pH,1,,,3610840345,C3,9,12,SU,12,SU,9,MB,MAX,<=,N,GR,01/07,ENF,3621395403,11/30/2024,GR,01/07,3920700852,C3,3834138381,8.02,12,SU,8.02,=,01/07/2025,
3602944933,NM0028762,0,3600602070,001,EXO,3600657420,A,3600904607,3606351872,01/01/2022,12/31/2026,3,1,00400,pH,1,,,3610840345,C3,9,12,SU,12,SU,9,MB,MAX,<=,N,GR,01/07,ENF,3621395402,10/31/2024,GR,01/07,3920700841,C3,3834138402,8.03,12,SU,8.03,=,01/07/2025,
3602944933,NM0028762,0,3600602070,001,EXO,3600657420,A,3600904607,3606351872,01/01/2022,12/31/2026,3,1,00400,pH,1,,,3610840344,C1,6.6,12,SU,12,SU,6.6,ME,MIN,>=,N,GR,01/07,ENF,3621395402,10/31/2024,GR,01/07,3920700840,C1,3834138401,7.87,12,SU,7.87,=,01/07/2025,
3602944933,NM0028762,0,3600602070,001,EXO,3600657420,A,3600904607,3606351872,01/01/2022,12/31/2026,3,1,00400,pH,1,,,3610840344,C1,6.6,12,SU,12,SU,6.6,ME,MIN,>=,N,GR,01/07,ENF,3621395403,11/30/2024,GR,01/07,3920700851,C1,3834138380,7.97,12,SU,7.97,=,01/07/2025,
3602944933,NM0028762,0,3600602070,001,EXO,3600657420,A,3600904607,3606351872,01/01/2022,12/31/2026,3,1,00400,pH,1,,,3610840345,C3,9,12,SU,12,SU,9,MB,MAX,<=,N,GR,01/07,ENF,3621395404,12/31/2024,GR,01/07,3920700863,C3,3834138390,8,12,SU,8,=,01/07/2025,
3602944933,NM0028762,0,3600602070,001,EXO,3600657420,A,3600904607,3606351872,01/01/2022,12/31/2026,3,1,00400,pH,1,,,3610840344,C1,6.6,12,SU,12,SU,6.6,ME,MIN,>=,N,GR,01/07,ENF,3621395404,12/31/2024,GR,01/07,3920700862,C1,3834138389,7.82,12,SU,7.82,=,01/07/2025,
3602944933,NM0028762,0,3600602070,001,EXO,3600657420,A,3600904607,3606351872,01/01/2022,12/31/2026,3,1,00400,pH,1,,,3610840344,C1,6.6,12,SU,12,SU,6.6,ME,MIN,>=,N,GR,01/07,ENF,3621395405,01/31/2025,GR,01/07,3920700873,C1,3841570385,7.67,12,SU,7.67,=,04/21/2025,
3602944933,NM0028762,0,3600602070,001,EXO,3600657420,A,3600904607,3606351872,01/01/2022,12/31/2026,3,1,00400,pH,1,,,3610840345,C3,9,12,SU,12,SU,9,MB,MAX,<=,N,GR,01/07,ENF,3621395405,01/31/2025,GR,01/07,3920700874,C3,3841570387,8.03,12,SU,8.03,=,04/21/2025,
3602944933,NM0028762,0,3600602070,001,EXO,3600657420,A,3600904607,3606351872,01/01/2022,12/31/2026,3,1,00400,pH,1,,,3610840345,C3,9,12,SU,12,SU,9,MB,MAX,<=,N,GR,01/07,ENF,3621395406,02/28/2025,GR,01/07,3920700885,C3,3841570393,8,12,SU,8,=,04/21/2025,
3602944933,NM0028762,0,3600602070,001,EXO,3600657420,A,3600904607,3606351872,01/01/2022,12/31/2026,3,1,00400,pH,1,,,3610840344,C1,6.6,12,SU,12,SU,6.6,ME,MIN,>=,N,GR,01/07,ENF,3621395406,02/28/2025,GR,01/07,3920700884,C1,3841570391,7.57,12,SU,7.57,=,04/21/2025,
3602944933,NM0028762,0,3600602070,001,EXO,3600657420,A,3600904607,3606351872,01/01/2022,12/31/2026,3,1,00400,pH,1,,,3610840344,C1,6.6,12,SU,12,SU,6.6,ME,MIN,>=,N,GR,01/07,ENF,3621395407,03/31/2025,GR,01/07,3920700895,C1,3841570400,7.69,12,SU,7.69,=,04/21/2025,
3602944933,NM0028762,0,3600602070,001,EXO,3600657420,A,3600904607,3606351872,01/01/2022,12/31/2026,3,1,00400,pH,1,,,3610840345,C3,9,12,SU,12,SU,9,MB,MAX,<=,N,GR,01/07,ENF,3621395407,03/31/2025,GR,01/07,3920700896,C3,3841570403,8.05,12,SU,8.05,=,04/21/2025,
3602944933,NM0028762,0,3600602070,001,EXO,3600657420,A,3600904607,3606351872,01/01/2022,12/31/2026,3,1,00400,pH,1,,,3610840345,C3,9,12,SU,12,SU,9,MB,MAX,<=,N,GR,01/07,ENF,3621395408,04/30/2025,GR,01/07,3920700907,C3,3848381227,7.96,12,SU,7.96,=,07/10/2025,
3602944933,NM0028762,0,3600602070,001,EXO,3600657420,A,3600904607,3606351872,01/01/2022,12/31/2026,3,1,00400,pH,1,,,3610840344,C1,6.6,12,SU,12,SU,6.6,ME,MIN,>=,N,GR,01/07,ENF,3621395408,04/30/2025,GR,01/07,3920700906,C1,3848381224,7.84,12,SU,7.84,=,07/10/2025,
3602944933,NM0028762,0,3600602070,001,EXO,3600657420,A,3600904607,3606351872,01/01/2022,12/31/2026,3,1,00400,pH,1,,,3610840344,C1,6.6,12,SU,12,SU,6.6,ME,MIN,>=,N,GR,01/07,ENF,3621395409,05/31/2025,GR,01/07,3920700917,C1,3848381202,7.82,12,SU,7.82,=,07/10/2025,
3602944933,NM0028762,0,3600602070,001,EXO,3600657420,A,3600904607,3606351872,01/01/2022,12/31/2026,3,1,00400,pH,1,,,3610840344,C1,6.6,12,SU,12,SU,6.6,ME,MIN,>=,N,GR,01/07,ENF,3621395411,07/31/2025,GR,01/07,3920700939,C1,3855469153,7.75,12,SU,7.75,=,10/06/2025,
3602944933,NM0028762,0,3600602070,001,EXO,3600657420,A,3600904607,3606351872,01/01/2022,12/31/2026,3,1,00400,pH,1,,,3610840345,C3,9,12,SU,12,SU,9,MB,MAX,<=,N,GR,01/07,ENF,3621395409,05/31/2025,GR,01/07,3920700918,C3,3848381205,7.93,12,SU,7.93,=,07/10/2025,
3602944933,NM0028762,0,3600602070,001,EXO,3600657420,A,3600904607,3606351872,01/01/2022,12/31/2026,3,1,00400,pH,1,,,3610840345,C3,9,12,SU,12,SU,9,MB,MAX,<=,N,GR,01/07,ENF,3621395410,06/30/2025,GR,01/07,3920700929,C3,3848381214,7.93,12,SU,7.93,=,07/10/2025,
3602944933,NM0028762,0,3600602070,001,EXO,3600657420,A,3600904607,3606351872,01/01/2022,12/31/2026,3,1,00400,pH,1,,,3610840344,C1,6.6,12,SU,12,SU,6.6,ME,MIN,>=,N,GR,01/07,ENF,3621395410,06/30/2025,GR,01/07,3920700928,C1,3848381211,7.64,12,SU,7.64,=,07/10/2025,
3602944933,NM0028762,0,3600602070,001,EXO,3600657420,A,3600904607,3606351872,01/01/2022,12/31/2026,3,1,00400,pH,1,,,3610840345,C3,9,12,SU,12,SU,9,MB,MAX,<=,N,GR,01/07,ENF,3621395411,07/31/2025,GR,01/07,3920700940,C3,3855469157,7.93,12,SU,7.93,=,10/06/2025,
3602944933,NM0028762,0,3600602070,001,EXO,3600657420,A,3600904607,3606351872,01/01/2022,12/31/2026,3,1,00400,pH,1,,,3610840345,C3,9,12,SU,12,SU,9,MB,MAX,<=,N,GR,01/07,ENF,3621395412,08/31/2025,GR,01/07,3920700951,C3,3855469144,8.08,12,SU,8.08,=,10/06/2025,
3602944933,NM0028762,0,3600602070,001,EXO,3600657420,A,3600904607,3606351872,01/01/2022,12/31/2026,3,1,00400,pH,1,,,3610840344,C1,6.6,12,SU,12,SU,6.6,ME,MIN,>=,N,GR,01/07,ENF,3621395412,08/31/2025,GR,01/07,3920700950,C1,3855469141,8.01,12,SU,8.01,=,10/06/2025,
3602944933,NM0028762,0,3600602070,001,EXO,3600657420,A,3600904607,3606351872,01/01/2022,12/31/2026,3,1,00400,pH,1,,,3610840344,C1,6.6,12,SU,12,SU,6.6,ME,MIN,>=,N,GR,01/07,ENF,3621395413,09/30/2025,GR,01/07,3920700961,C1,3855469150,8.01,12,SU,8.01,=,10/06/2025,
3602944933,NM0028762,0,3600602070,001,EXO,3600657420,A,3600904607,3606351872,01/01/2022,12/31/2026,3,1,00400,pH,1,,,3610840345,C3,9,12,SU,12,SU,9,MB,MAX,<=,N,GR,01/07,ENF,3621395413,09/30/2025,GR,01/07,3920700962,C3,3855469151,8.16,12,SU,8.16,=,10/06/2025,
3602878711,NM0020583,0,3600584104,001,EXO,3600657304,Q,3600904358,3606350738,12/01/2021,11/30/2026,3,3,01027,"Cadmium, total [as Cd]",1,,,3610838795,C3,,28,ug/L,19,mg/L,,7A,AVG,,N,GR,01/90,ENF,3621391617,11/30/2024,GR,01/90,3920643864,C3,3832994577,.5,28,ug/L,.0005,<,12/16/2024,
3602878711,NM0020583,0,3600584104,001,EXO,3600657304,Q,3600904358,3606350738,12/01/2021,11/30/2026,3,3,01027,"Cadmium, total [as Cd]",1,,,3610838795,C3,,28,ug/L,19,mg/L,,7A,AVG,,N,GR,01/90,ENF,3621391618,02/28/2025,GR,01/90,3920643865,C3,3839823715,.5,28,ug/L,.0005,<,03/14/2025,
3602878711,NM0020583,0,3600584104,001,EXO,3600657304,Q,3600904358,3606350738,12/01/2021,11/30/2026,3,3,01027,"Cadmium, total [as Cd]",1,,,3610838795,C3,,28,ug/L,19,mg/L,,7A,AVG,,N,GR,01/90,ENF,3621391619,05/31/2025,GR,01/90,3920643866,C3,3847407838,.5,28,ug/L,.0005,<,06/16/2025,
3602878711,NM0020583,0,3600584104,001,EXO,3600657304,Q,3600904358,3606350738,12/01/2021,11/30/2026,3,3,01027,"Cadmium, total [as Cd]",1,,,3610838795,C3,,28,ug/L,19,mg/L,,7A,AVG,,N,GR,01/90,ENF,3621391620,08/31/2025,GR,01/90,3920643867,C3,3853525278,.18,28,ug/L,.00018,<,09/04/2025,
3602878711,NM0020583,0,3600584105,TX1,EXO,3600657354,Q,3600904539,3606351399,12/01/2021,11/30/2026,3,3,51443,Whole Effluent Toxicity - Retest #3,1,,,3610839680,C3,,9A,pass=0;fail=1,9A,pass=0;fail=1,,VA,MAX,,Y,24,09/99,ENF,3621392517,11/30/2024,,,3920662051,C3,3832994496,,,,,,12/16/2024,9
3602878711,NM0020583,0,3600584105,TX1,EXO,3600657354,Q,3600904539,3606351399,12/01/2021,11/30/2026,3,3,51443,Whole Effluent Toxicity - Retest #3,1,,,3610839680,C3,,9A,pass=0;fail=1,9A,pass=0;fail=1,,VA,MAX,,Y,24,09/99,ENF,3621392518,02/28/2025,,,3920662063,C3,3839823759,,,,,,03/14/2025,9
3602878711,NM0020583,0,3600584105,TX1,EXO,3600657354,Q,3600904539,3606351399,12/01/2021,11/30/2026,3,3,51443,Whole Effluent Toxicity - Retest #3,1,,,3610839680,C3,,9A,pass=0;fail=1,9A,pass=0;fail=1,,VA,MAX,,Y,24,09/99,ENF,3621392519,05/31/2025,,,3920662075,C3,3847407849,,,,,,06/16/2025,9
3602878711,NM0020583,0,3600584105,TX1,EXO,3600657354,Q,3600904539,3606351399,12/01/2021,11/30/2026,3,3,51443,Whole Effluent Toxicity - Retest #3,1,,,3610839680,C3,,9A,pass=0;fail=1,9A,pass=0;fail=1,,VA,MAX,,Y,24,09/99,ENF,3621392520,08/31/2025,,,3920662087,C3,3853525271,,,,,,09/04/2025,9
3602878711,NM0020583,0,3600584105,TX1,EXO,3600657354,Q,3600904539,3606351400,12/01/2021,11/30/2026,3,3,51444,"Whole Effluent Toxicity, Sub-Lethal Retest #3",1,,,3610839681,C3,,9A,pass=0;fail=1,9A,pass=0;fail=1,,VA,MAX,,Y,24,09/99,ENF,3621392517,11/30/2024,,,3920662052,C3,3832994485,,,,,,12/16/2024,9
3602878711,NM0020583,0,3600584105,TX1,EXO,3600657354,Q,3600904539,3606351400,12/01/2021,11/30/2026,3,3,51444,"Whole Effluent Toxicity, Sub-Lethal Retest #3",1,,,3610839681,C3,,9A,pass=0;fail=1,9A,pass=0;fail=1,,VA,MAX,,Y,24,09/99,ENF,3621392518,02/28/2025,,,3920662064,C3,3839823766,,,,,,03/14/2025,9
3602878711,NM0020583,0,3600584105,TX1,EXO,3600657354,Q,3600904539,3606351400,12/01/2021,11/30/2026,3,3,51444,"Whole Effluent Toxicity, Sub-Lethal Retest #3",1,,,3610839681,C3,,9A,pass=0;fail=1,9A,pass=0;fail=1,,VA,MAX,,Y,24,09/99,ENF,3621392519,05/31/2025,,,3920662076,C3,3847407848,,,,,,06/16/2025,9
3602878711,NM0020583,0,3600584105,TX1,EXO,3600657354,Q,3600904539,3606351400,12/01/2021,11/30/2026,3,3,51444,"Whole Effluent Toxicity, Sub-Lethal Retest #3",1,,,3610839681,C3,,9A,pass=0;fail=1,9A,pass=0;fail=1,,VA,MAX,,Y,24,09/99,ENF,3621392520,08/31/2025,,,3920662088,C3,3853525269,,,,,,09/04/2025,9
3602720951,NM0000116,0,3600545262,001,EXO,3600598928,A,3600833510,3605908063,06/01/2021,05/31/2026,3,1,01105,"Aluminum, total [as Al]",1,,,3610129904,Q1,.78,26,lb/d,01,kg/d,.35412,3C,AVG,<=,N,GR,01/07,ENF,3619518333,10/31/2024,,,3896613028,Q1,3835977375,,,,,,01/28/2025,C
3602720951,NM0000116,0,3600545262,001,EXO,3600598928,A,3600833510,3605908063,06/01/2021,05/31/2026,3,1,01105,"Aluminum, total [as Al]",1,,,3610129863,C3,.75,28,ug/L,19,mg/L,.00075,DD,MAX,<=,N,GR,01/07,ENF,3619518333,10/31/2024,,,3896611090,C3,3835977380,,,,,,01/28/2025,C
3602720951,NM0000116,0,3600545262,001,EXO,3600598928,A,3600833510,3605908063,06/01/2021,05/31/2026,3,1,01105,"Aluminum, total [as Al]",1,,,3610129906,C2,.75,28,ug/L,19,mg/L,.00075,3C,AVG,<=,N,GR,01/07,ENF,3619518333,10/31/2024,,,3896613027,C2,3835977379,,,,,,01/28/2025,C
3602720951,NM0000116,0,3600545262,001,EXO,3600598928,A,3600833510,3605908063,06/01/2021,05/31/2026,3,1,01105,"Aluminum, total [as Al]",1,,,3610129905,Q2,.78,26,lb/d,01,kg/d,.35412,DD,MAX,<=,N,GR,01/07,ENF,3619518333,10/31/2024,,,3896613029,Q2,3835977377,,,,,,01/28/2025,C
3602720951,NM0000116,0,3600545262,001,EXO,3600598928,A,3600833510,3605908063,06/01/2021,05/31/2026,3,1,01105,"Aluminum, total [as Al]",1,,,3610129905,Q2,.78,26,lb/d,01,kg/d,.35412,DD,MAX,<=,N,GR,01/07,ENF,3619518334,11/30/2024,,,3896613032,Q2,3835977387,,,,,,01/28/2025,C
3602720951,NM0000116,0,3600545262,001,EXO,3600598928,A,3600833510,3605908063,06/01/2021,05/31/2026,3,1,01105,"Aluminum, total [as Al]",1,,,3610129906,C2,.75,28,ug/L,19,mg/L,.00075,3C,AVG,<=,N,GR,01/07,ENF,3619518334,11/30/2024,,,3896613030,C2,3835977389,,,,,,01/28/2025,C
3602720951,NM0000116,0,3600545262,001,EXO,3600598928,A,3600833510,3605908063,06/01/2021,05/31/2026,3,1,01105,"Aluminum, total [as Al]",1,,,3610129863,C3,.75,28,ug/L,19,mg/L,.00075,DD,MAX,<=,N,GR,01/07,ENF,3619518334,11/30/2024,,,3896611099,C3,3835977390,,,,,,01/28/2025,C
3602720951,NM0000116,0,3600545262,001,EXO,3600598928,A,3600833510,3605908063,06/01/2021,05/31/2026,3,1,01105,"Aluminum, total [as Al]",1,,,3610129904,Q1,.78,26,lb/d,01,kg/d,.35412,3C,AVG,<=,N,GR,01/07,ENF,3619518334,11/30/2024,,,3896613031,Q1,3835977385,,,,,,01/28/2025,C
3602720951,NM0000116,0,3600545262,001,EXO,3600598928,A,3600833510,3605908063,06/01/2021,05/31/2026,3,1,01105,"Aluminum, total [as Al]",1,,,3610129904,Q1,.78,26,lb/d,01,kg/d,.35412,3C,AVG,<=,N,GR,01/07,ENF,3619518335,12/31/2024,,,3896613034,Q1,3835977394,,,,,,01/28/2025,C
3602720951,NM0000116,0,3600545262,001,EXO,3600598928,A,3600833510,3605908063,06/01/2021,05/31/2026,3,1,01105,"Aluminum, total [as Al]",1,,,3610129863,C3,.75,28,ug/L,19,mg/L,.00075,DD,MAX,<=,N,GR,01/07,ENF,3619518335,12/31/2024,,,3896611108,C3,3835977397,,,,,,01/28/2025,C
3602720951,NM0000116,0,3600545262,001,EXO,3600598928,A,3600833510,3605908063,06/01/2021,05/31/2026,3,1,01105,"Aluminum, total [as Al]",1,,,3610129906,C2,.75,28,ug/L,19,mg/L,.00075,3C,AVG,<=,N,GR,01/07,ENF,3619518335,12/31/2024,,,3896613033,C2,3835977396,,,,,,01/28/2025,C
3602720951,NM0000116,0,3600545262,001,EXO,3600598928,A,3600833510,3605908063,06/01/2021,05/31/2026,3,1,01105,"Aluminum, total [as Al]",1,,,3610129905,Q2,.78,26,lb/d,01,kg/d,.35412,DD,MAX,<=,N,GR,01/07,ENF,3619518335,12/31/2024,,,3896613035,Q2,3835977395,,,,,,01/28/2025,C
3602720951,NM0000116,0,3600545262,001,EXO,3600598928,A,3600833510,3605908063,06/01/2021,05/31/2026,3,1,01105,"Aluminum, total [as Al]",1,,,3610129905,Q2,.78,26,lb/d,01,kg/d,.35412,DD,MAX,<=,N,GR,01/07,ENF,3619518336,01/31/2025,,,3896613038,Q2,3842360856,,,,,,04/28/2025,C
3602720951,NM0000116,0,3600545262,001,EXO,3600598928,A,3600833510,3605908063,06/01/2021,05/31/2026,3,1,01105,"Aluminum, total [as Al]",1,,,3610129906,C2,.75,28,ug/L,19,mg/L,.00075,3C,AVG,<=,N,GR,01/07,ENF,3619518336,01/31/2025,,,3896613036,C2,3842360858,,,,,,04/28/2025,C
3602720951,NM0000116,0,3600545262,001,EXO,3600598928,A,3600833510,3605908063,06/01/2021,05/31/2026,3,1,01105,"Aluminum, total [as Al]",1,,,3610129863,C3,.75,28,ug/L,19,mg/L,.00075,DD,MAX,<=,N,GR,01/07,ENF,3619518336,01/31/2025,,,3896611117,C3,3842360859,,,,,,04/28/2025,C
3602720951,NM0000116,0,3600545262,001,EXO,3600598928,A,3600833510,3605908063,06/01/2021,05/31/2026,3,1,01105,"Aluminum, total [as Al]",1,,,3610129904,Q1,.78,26,lb/d,01,kg/d,.35412,3C,AVG,<=,N,GR,01/07,ENF,3619518336,01/31/2025,,,3896613037,Q1,3842360855,,,,,,04/28/2025,C
3602720951,NM0000116,0,3600545262,001,EXO,3600598928,A,3600833510,3605908063,06/01/2021,05/31/2026,3,1,01105,"Aluminum, total [as Al]",1,,,3610129904,Q1,.78,26,lb/d,01,kg/d,.35412,3C,AVG,<=,N,GR,01/07,ENF,3619518337,02/28/2025,,,3896613040,Q1,3842360900,,,,,,04/28/2025,C
3602720951,NM0000116,0,3600545262,001,EXO,3600598928,A,3600833510,3605908063,06/01/2021,05/31/2026,3,1,01105,"Aluminum, total [as Al]",1,,,3610129863,C3,.75,28,ug/L,19,mg/L,.00075,DD,MAX,<=,N,GR,01/07,ENF,3619518337,02/28/2025,,,3896611126,C3,3842360903,,,,,,04/28/2025,C
3602720951,NM0000116,0,3600545262,001,EXO,3600598928,A,3600833510,3605908063,06/01/2021,05/31/2026,3,1,01105,"Aluminum, total [as Al]",1,,,3610129906,C2,.75,28,ug/L,19,mg/L,.00075,3C,AVG,<=,N,GR,01/07,ENF,3619518337,02/28/2025,,,3896613039,C2,3842360902,,,,,,04/28/2025,C
3602720951,NM0000116,0,3600545262,001,EXO,3600598928,A,3600833510,3605908063,06/01/2021,05/31/2026,3,1,01105,"Aluminum, total [as Al]",1,,,3610129905,Q2,.78,26,lb/d,01,kg/d,.35412,DD,MAX,<=,N,GR,01/07,ENF,3619518337,02/28/2025,,,3896613041,Q2,3842360901,,,,,,04/28/2025,C
3602720951,NM0000116,0,3600545262,001,EXO,3600598928,A,3600833510,3605908063,06/01/2021,05/31/2026,3,1,01105,"Aluminum, total [as Al]",1,,,3610129905,Q2,.78,26,lb/d,01,kg/d,.35412,DD,MAX,<=,N,GR,01/07,ENF,3619518338,03/31/2025,,,3896613044,Q2,3842360834,,,,,,04/28/2025,C
3602720951,NM0000116,0,3600545262,001,EXO,3600598928,A,3600833510,3605908063,06/01/2021,05/31/2026,3,1,01105,"Aluminum, total [as Al]",1,,,3610129906,C2,.75,28,ug/L,19,mg/L,.00075,3C,AVG,<=,N,GR,01/07,ENF,3619518338,03/31/2025,,,3896613042,C2,3842360835,,,,,,04/28/2025,C
3602720951,NM0000116,0,3600545262,001,EXO,3600598928,A,3600833510,3605908063,06/01/2021,05/31/2026,3,1,01105,"Aluminum, total [as Al]",1,,,3610129863,C3,.75,28,ug/L,19,mg/L,.00075,DD,MAX,<=,N,GR,01/07,ENF,3619518338,03/31/2025,,,3896611135,C3,3842360836,,,,,,04/28/2025,C
3602720951,NM0000116,0,3600545262,001,EXO,3600598928,A,3600833510,3605908063,06/01/2021,05/31/2026,3,1,01105,"Aluminum, total [as Al]",1,,,3610129904,Q1,.78,26,lb/d,01,kg/d,.35412,3C,AVG,<=,N,GR,01/07,ENF,3619518338,03/31/2025,,,3896613043,Q1,3842360833,,,,,,04/28/2025,C
3602720951,NM0000116,0,3600545262,001,EXO,3600598928,A,3600833510,3605908063,06/01/2021,05/31/2026,3,1,01105,"Aluminum, total [as Al]",1,,,3610129863,C3,.75,28,ug/L,19,mg/L,.00075,DD,MAX,<=,N,GR,01/07,ENF,3619518339,04/30/2025,,,3896611144,C3,3850068790,,,,,,07/28/2025,C
3602720951,NM0000116,0,3600545262,001,EXO,3600598928,A,3600833510,3605908063,06/01/2021,05/31/2026,3,1,01105,"Aluminum, total [as Al]",1,,,3610129904,Q1,.78,26,lb/d,01,kg/d,.35412,3C,AVG,<=,N,GR,01/07,ENF,3619518339,04/30/2025,,,3896613046,Q1,3850068785,,,,,,07/28/2025,C
3602720951,NM0000116,0,3600545262,001,EXO,3600598928,A,3600833510,3605908063,06/01/2021,05/31/2026,3,1,01105,"Aluminum, total [as Al]",1,,,3610129906,C2,.75,28,ug/L,19,mg/L,.00075,3C,AVG,<=,N,GR,01/07,ENF,3619518339,04/30/2025,,,3896613045,C2,3850068789,,,,,,07/28/2025,C
3602720951,NM0000116,0,3600545262,001,EXO,3600598928,A,3600833510,3605908063,06/01/2021,05/31/2026,3,1,01105,"Aluminum, total [as Al]",1,,,3610129905,Q2,.78,26,lb/d,01,kg/d,.35412,DD,MAX,<=,N,GR,01/07,ENF,3619518339,04/30/2025,,,3896613047,Q2,3850068786,,,,,,07/28/2025,C
3602720951,NM0000116,0,3600545262,001,EXO,3600598928,A,3600833510,3605908063,06/01/2021,05/31/2026,3,1,01105,"Aluminum, total [as Al]",1,,,3610129905,Q2,.78,26,lb/d,01,kg/d,.35412,DD,MAX,<=,N,GR,01/07,ENF,3619518340,05/31/2025,,,3896613050,Q2,3850068769,,,,,,07/28/2025,C
3602720951,NM0000116,0,3600545262,001,EXO,3600598928,A,3600833510,3605908063,06/01/2021,05/31/2026,3,1,01105,"Aluminum, total [as Al]",1,,,3610129906,C2,.75,28,ug/L,19,mg/L,.00075,3C,AVG,<=,N,GR,01/07,ENF,3619518340,05/31/2025,,,3896613048,C2,3850068772,,,,,,07/28/2025,C
3602720951,NM0000116,0,3600545262,001,EXO,3600598928,A,3600833510,3605908063,06/01/2021,05/31/2026,3,1,01105,"Aluminum, total [as Al]",1,,,3610129863,C3,.75,28,ug/L,19,mg/L,.00075,DD,MAX,<=,N,GR,01/07,ENF,3619518340,05/31/2025,,,3896611153,C3,3850068773,,,,,,07/28/2025,C
3602720951,NM0000116,0,3600545262,001,EXO,3600598928,A,3600833510,3605908063,06/01/2021,05/31/2026,3,1,01105,"Aluminum, total [as Al]",1,,,3610129904,Q1,.78,26,lb/d,01,kg/d,.35412,3C,AVG,<=,N,GR,01/07,ENF,3619518340,05/31/2025,,,3896613049,Q1,3850068768,,,,,,07/28/2025,C
3602720951,NM0000116,0,3600545262,001,EXO,3600598928,A,3600833510,3605908063,06/01/2021,05/31/2026,3,1,01105,"Aluminum, total [as Al]",1,,,3610129904,Q1,.78,26,lb/d,01,kg/d,.35412,3C,AVG,<=,N,GR,01/07,ENF,3619518341,06/30/2025,,,3896613052,Q1,3850068799,,,,,,07/28/2025,C
3602720951,NM0000116,0,3600545262,001,EXO,3600598928,A,3600833510,3605908063,06/01/2021,05/31/2026,3,1,01105,"Aluminum, total [as Al]",1,,,3610129863,C3,.75,28,ug/L,19,mg/L,.00075,DD,MAX,<=,N,GR,01/07,ENF,3619518341,06/30/2025,,,3896611162,C3,3850068803,,,,,,07/28/2025,C
3602720951,NM0000116,0,3600545262,001,EXO,3600598928,A,3600833510,3605908063,06/01/2021,05/31/2026,3,1,01105,"Aluminum, total [as Al]",1,,,3610129906,C2,.75,28,ug/L,19,mg/L,.00075,3C,AVG,<=,N,GR,01/07,ENF,3619518341,06/30/2025,,,3896613051,C2,3850068802,,,,,,07/28/2025,C
3602720951,NM0000116,0,3600545262,001,EXO,3600598928,A,3600833510,3605908063,06/01/2021,05/31/2026,3,1,01105,"Aluminum, total [as Al]",1,,,3610129905,Q2,.78,26,lb/d,01,kg/d,.35412,DD,MAX,<=,N,GR,01/07,ENF,3619518341,06/30/2025,,,3896613053,Q2,3850068800,,,,,,07/28/2025,C
3602720951,NM0000116,0,3600545262,001,EXO,3600598928,A,3600833510,3605908063,06/01/2021,05/31/2026,3,1,01105,"Aluminum, total [as Al]",1,,,3610129905,Q2,.78,26,lb/d,01,kg/d,.35412,DD,MAX,<=,N,GR,01/07,ENF,3619518342,07/31/2025,GR,01/07,3896613056,Q2,3856101779,0,26,lb/d,0,=,10/17/2025,
3602720951,NM0000116,0,3600545262,001,EXO,3600598928,A,3600833510,3605908063,06/01/2021,05/31/2026,3,1,01105,"Aluminum, total [as Al]",1,,,3610129906,C2,.75,28,ug/L,19,mg/L,.00075,3C,AVG,<=,N,GR,01/07,ENF,3619518342,07/31/2025,GR,01/07,3896613054,C2,3856101780,.13,28,ug/L,.00013,=,10/17/2025,
3602720951,NM0000116,0,3600545262,001,EXO,3600598928,A,3600833510,3605908063,06/01/2021,05/31/2026,3,1,01105,"Aluminum, total [as Al]",1,,,3610129863,C3,.75,28,ug/L,19,mg/L,.00075,DD,MAX,<=,N,GR,01/07,ENF,3619518342,07/31/2025,GR,01/07,3896611171,C3,3856101781,.13,28,ug/L,.00013,=,10/17/2025,
3602720951,NM0000116,0,3600545262,001,EXO,3600598928,A,3600833510,3605908063,06/01/2021,05/31/2026,3,1,01105,"Aluminum, total [as Al]",1,,,3610129904,Q1,.78,26,lb/d,01,kg/d,.35412,3C,AVG,<=,N,GR,01/07,ENF,3619518342,07/31/2025,GR,01/07,3896613055,Q1,3856101778,0,26,lb/d,0,=,10/17/2025,
3602720951,NM0000116,0,3600545262,001,EXO,3600598928,A,3600833510,3605908063,06/01/2021,05/31/2026,3,1,01105,"Aluminum, total [as Al]",1,,,3610129904,Q1,.78,26,lb/d,01,kg/d,.35412,3C,AVG,<=,N,GR,01/07,ENF,3619518343,08/31/2025,,,3896613058,Q1,3856101752,,,,,,10/17/2025,C
3602720951,NM0000116,0,3600545262,001,EXO,3600598928,A,3600833510,3605908063,06/01/2021,05/31/2026,3,1,01105,"Aluminum, total [as Al]",1,,,3610129863,C3,.75,28,ug/L,19,mg/L,.00075,DD,MAX,<=,N,GR,01/07,ENF,3619518343,08/31/2025,,,3896611180,C3,3856101755,,,,,,10/17/2025,C
3602720951,NM0000116,0,3600545262,001,EXO,3600598928,A,3600833510,3605908063,06/01/2021,05/31/2026,3,1,01105,"Aluminum, total [as Al]",1,,,3610129906,C2,.75,28,ug/L,19,mg/L,.00075,3C,AVG,<=,N,GR,01/07,ENF,3619518343,08/31/2025,,,3896613057,C2,3856101754,,,,,,10/17/2025,C
3602720951,NM0000116,0,3600545262,001,EXO,3600598928,A,3600833510,3605908063,06/01/2021,05/31/2026,3,1,01105,"Aluminum, total [as Al]",1,,,3610129905,Q2,.78,26,lb/d,01,kg/d,.35412,DD,MAX,<=,N,GR,01/07,ENF,3619518343,08/31/2025,,,3896613059,Q2,3856101753,,,,,,10/17/2025,C
3602720951,NM0000116,0,3600545262,001,EXO,3600598928,A,3600833510,3605908063,06/01/2021,05/31/2026,3,1,01105,"Aluminum, total [as Al]",1,,,3610129905,Q2,.78,26,lb/d,01,kg/d,.35412,DD,MAX,<=,N,GR,01/07,ENF,3619518344,09/30/2025,GR,01/07,3896613062,Q2,3856101765,0,26,lb/d,0,=,10/17/2025,
3602720951,NM0000116,0,3600545262,001,EXO,3600598928,A,3600833510,3605908063,06/01/2021,05/31/2026,3,1,01105,"Aluminum, total [as Al]",1,,,3610129906,C2,.75,28,ug/L,19,mg/L,.00075,3C,AVG,<=,N,GR,01/07,ENF,3619518344,09/30/2025,GR,01/07,3896613060,C2,3856101766,9.9,28,ug/L,.0099,=,10/17/2025,
3602720951,NM0000116,0,3600545262,001,EXO,3600598928,A,3600833510,3605908063,06/01/2021,05/31/2026,3,1,01105,"Aluminum, total [as Al]",1,,,3610129904,Q1,.78,26,lb/d,01,kg/d,.35412,3C,AVG,<=,N,GR,01/07,ENF,3619518344,09/30/2025,GR,01/07,3896613061,Q1,3856101764,0,26,lb/d,0,=,10/17/2025,
3602720951,NM0000116,0,3600545262,001,EXO,3600598928,A,3600833510,3605908063,06/01/2021,05/31/2026,3,1,01105,"Aluminum, total [as Al]",1,,,3610129863,C3,.75,28,ug/L,19,mg/L,.00075,DD,MAX,<=,N,GR,01/07,ENF,3619518344,09/30/2025,GR,01/07,3896611189,C3,3856101767,9.9,28,ug/L,.0099,=,10/17/2025,
3602720951,NM0000116,0,3600545262,001,EXO,3600598928,A,3600833510,3605908069,06/01/2021,05/31/2026,3,1,01040,"Copper, dissolved [as Cu]",1,,,3610129871,C3,,19,mg/L,19,mg/L,,DD,MAX,,N,GR,01/07,ENF,3619518333,10/31/2024,,,3896611088,C3,3835977392,,,,,,01/28/2025,C
3602720951,NM0000116,0,3600545262,001,EXO,3600598928,A,3600833510,3605908069,06/01/2021,05/31/2026,3,1,01040,"Copper, dissolved [as Cu]",1,,,3610129902,C2,,19,mg/L,19,mg/L,,3C,AVG,,N,GR,01/07,ENF,3619518333,10/31/2024,,,3896612827,C2,3835977384,,,,,,01/28/2025,C
3602720951,NM0000116,0,3600545262,001,EXO,3600598928,A,3600833510,3605908069,06/01/2021,05/31/2026,3,1,01040,"Copper, dissolved [as Cu]",1,,,3610129902,C2,,19,mg/L,19,mg/L,,3C,AVG,,N,GR,01/07,ENF,3619518334,11/30/2024,,,3896612828,C2,3835977374,,,,,,01/28/2025,C
3602720951,NM0000116,0,3600545262,001,EXO,3600598928,A,3600833510,3605908069,06/01/2021,05/31/2026,3,1,01040,"Copper, dissolved [as Cu]",1,,,3610129871,C3,,19,mg/L,19,mg/L,,DD,MAX,,N,GR,01/07,ENF,3619518334,11/30/2024,,,3896611097,C3,3835977376,,,,,,01/28/2025,C
3602720951,NM0000116,0,3600545262,001,EXO,3600598928,A,3600833510,3605908069,06/01/2021,05/31/2026,3,1,01040,"Copper, dissolved [as Cu]",1,,,3610129871,C3,,19,mg/L,19,mg/L,,DD,MAX,,N,GR,01/07,ENF,3619518335,12/31/2024,,,3896611106,C3,3835977354,,,,,,01/28/2025,C
3602720951,NM0000116,0,3600545262,001,EXO,3600598928,A,3600833510,3605908069,06/01/2021,05/31/2026,3,1,01040,"Copper, dissolved [as Cu]",1,,,3610129902,C2,,19,mg/L,19,mg/L,,3C,AVG,,N,GR,01/07,ENF,3619518335,12/31/2024,,,3896612829,C2,3835977349,,,,,,01/28/2025,C
3602720951,NM0000116,0,3600545262,001,EXO,3600598928,A,3600833510,3605908069,06/01/2021,05/31/2026,3,1,01040,"Copper, dissolved [as Cu]",1,,,3610129902,C2,,19,mg/L,19,mg/L,,3C,AVG,,N,GR,01/07,ENF,3619518336,01/31/2025,,,3896612830,C2,3842360849,,,,,,04/28/2025,C
3602720951,NM0000116,0,3600545262,001,EXO,3600598928,A,3600833510,3605908069,06/01/2021,05/31/2026,3,1,01040,"Copper, dissolved [as Cu]",1,,,3610129871,C3,,19,mg/L,19,mg/L,,DD,MAX,,N,GR,01/07,ENF,3619518336,01/31/2025,,,3896611115,C3,3842360850,,,,,,04/28/2025,C
3602720951,NM0000116,0,3600545262,001,EXO,3600598928,A,3600833510,3605908069,06/01/2021,05/31/2026,3,1,01040,"Copper, dissolved [as Cu]",1,,,3610129871,C3,,19,mg/L,19,mg/L,,DD,MAX,,N,GR,01/07,ENF,3619518337,02/28/2025,,,3896611124,C3,3842360907,,,,,,04/28/2025,C
3602720951,NM0000116,0,3600545262,001,EXO,3600598928,A,3600833510,3605908069,06/01/2021,05/31/2026,3,1,01040,"Copper, dissolved [as Cu]",1,,,3610129902,C2,,19,mg/L,19,mg/L,,3C,AVG,,N,GR,01/07,ENF,3619518337,02/28/2025,,,3896612831,C2,3842360906,,,,,,04/28/2025,C
3602720951,NM0000116,0,3600545262,001,EXO,3600598928,A,3600833510,3605908069,06/01/2021,05/31/2026,3,1,01040,"Copper, dissolved [as Cu]",1,,,3610129902,C2,,19,mg/L,19,mg/L,,3C,AVG,,N,GR,01/07,ENF,3619518338,03/31/2025,,,3896612832,C2,3842360827,,,,,,04/28/2025,C
3602720951,NM0000116,0,3600545262,001,EXO,3600598928,A,3600833510,3605908069,06/01/2021,05/31/2026,3,1,01040,"Copper, dissolved [as Cu]",1,,,3610129871,C3,,19,mg/L,19,mg/L,,DD,MAX,,N,GR,01/07,ENF,3619518338,03/31/2025,,,3896611133,C3,3842360828,,,,,,04/28/2025,C
3602720951,NM0000116,0,3600545262,001,EXO,3600598928,A,3600833510,3605908069,06/01/2021,05/31/2026,3,1,01040,"Copper, dissolved [as Cu]",1,,,3610129871,C3,,19,mg/L,19,mg/L,,DD,MAX,,N,GR,01/07,ENF,3619518339,04/30/2025,,,3896611142,C3,3850068771,,,,,,07/28/2025,C
3602720951,NM0000116,0,3600545262,001,EXO,3600598928,A,3600833510,3605908069,06/01/2021,05/31/2026,3,1,01040,"Copper, dissolved [as Cu]",1,,,3610129902,C2,,19,mg/L,19,mg/L,,3C,AVG,,N,GR,01/07,ENF,3619518339,04/30/2025,,,3896612833,C2,3850068770,,,,,,07/28/2025,C
3602720951,NM0000116,0,3600545262,001,EXO,3600598928,A,3600833510,3605908069,06/01/2021,05/31/2026,3,1,01040,"Copper, dissolved [as Cu]",1,,,3610129902,C2,,19,mg/L,19,mg/L,,3C,AVG,,N,GR,01/07,ENF,3619518340,05/31/2025,,,3896612834,C2,3850068778,,,,,,07/28/2025,C
3602720951,NM0000116,0,3600545262,001,EXO,3600598928,A,3600833510,3605908069,06/01/2021,05/31/2026,3,1,01040,"Copper, dissolved [as Cu]",1,,,3610129871,C3,,19,mg/L,19,mg/L,,DD,MAX,,N,GR,01/07,ENF,3619518340,05/31/2025,,,3896611151,C3,3850068780,,,,,,07/28/2025,C
3602720951,NM0000116,0,3600545262,001,EXO,3600598928,A,3600833510,3605908069,06/01/2021,05/31/2026,3,1,01040,"Copper, dissolved [as Cu]",1,,,3610129871,C3,,19,mg/L,19,mg/L,,DD,MAX,,N,GR,01/07,ENF,3619518341,06/30/2025,,,3896611160,C3,3850068788,,,,,,07/28/2025,C
3602720951,NM0000116,0,3600545262,001,EXO,3600598928,A,3600833510,3605908069,06/01/2021,05/31/2026,3,1,01040,"Copper, dissolved [as Cu]",1,,,3610129902,C2,,19,mg/L,19,mg/L,,3C,AVG,,N,GR,01/07,ENF,3619518341,06/30/2025,,,3896612835,C2,3850068783,,,,,,07/28/2025,C
3602720951,NM0000116,0,3600545262,001,EXO,3600598928,A,3600833510,3605908069,06/01/2021,05/31/2026,3,1,01040,"Copper, dissolved [as Cu]",1,,,3610129902,C2,,19,mg/L,19,mg/L,,3C,AVG,,N,GR,01/07,ENF,3619518342,07/31/2025,GR,01/07,3896612836,C2,3856101788,.0016,19,mg/L,.0016,=,10/17/2025,
3602720951,NM0000116,0,3600545262,001,EXO,3600598928,A,3600833510,3605908069,06/01/2021,05/31/2026,3,1,01040,"Copper, dissolved [as Cu]",1,,,3610129871,C3,,19,mg/L,19,mg/L,,DD,MAX,,N,GR,01/07,ENF,3619518342,07/31/2025,GR,01/07,3896611169,C3,3856101789,.0016,19,mg/L,.0016,=,10/17/2025,
3602720951,NM0000116,0,3600545262,001,EXO,3600598928,A,3600833510,3605908069,06/01/2021,05/31/2026,3,1,01040,"Copper, dissolved [as Cu]",1,,,3610129871,C3,,19,mg/L,19,mg/L,,DD,MAX,,N,GR,01/07,ENF,3619518343,08/31/2025,,,3896611178,C3,3856101759,,,,,,10/17/2025,C
3602720951,NM0000116,0,3600545262,001,EXO,3600598928,A,3600833510,3605908069,06/01/2021,05/31/2026,3,1,01040,"Copper, dissolved [as Cu]",1,,,3610129902,C2,,19,mg/L,19,mg/L,,3C,AVG,,N,GR,01/07,ENF,3619518343,08/31/2025,,,3896612837,C2,3856101758,,,,,,10/17/2025,C
3602720951,NM0000116,0,3600545262,001,EXO,3600598928,A,3600833510,3605908069,06/01/2021,05/31/2026,3,1,01040,"Copper, dissolved [as Cu]",1,,,3610129902,C2,,19,mg/L,19,mg/L,,3C,AVG,,N,GR,01/07,ENF,3619518344,09/30/2025,GR,01/07,3896612838,C2,3856101760,.0029,19,mg/L,.0029,=,10/17/2025,
3602720951,NM0000116,0,3600545262,001,EXO,3600598928,A,3600833510,3605908069,06/01/2021,05/31/2026,3,1,01040,"Copper, dissolved [as Cu]",1,,,3610129871,C3,,19,mg/L,19,mg/L,,DD,MAX,,N,GR,01/07,ENF,3619518344,09/30/2025,GR,01/07,3896611187,C3,3856101761,.0029,19,mg/L,.0029,=,10/17/2025,
3602720951,NM0000116,0,3600545262,001,EXO,3600598928,A,3600833510,3605908065,06/01/2021,05/31/2026,3,1,01042,"Copper, total [as Cu]",1,,,3610129903,C2,.011,28,ug/L,19,mg/L,.000011,3C,AVG,<=,N,GR,01/07,ENF,3619518333,10/31/2024,,,3896612887,C2,3835977368,,,,,,01/28/2025,C
3602720951,NM0000116,0,3600545262,001,EXO,3600598928,A,3600833510,3605908065,06/01/2021,05/31/2026,3,1,01042,"Copper, total [as Cu]",1,,,3610129866,C3,.011,28,ug/L,19,mg/L,.000011,DD,MAX,<=,N,GR,01/07,ENF,3619518333,10/31/2024,,,3896611089,C3,3835977369,,,,,,01/28/2025,C
3602720951,NM0000116,0,3600545262,001,EXO,3600598928,A,3600833510,3605908065,06/01/2021,05/31/2026,3,1,01042,"Copper, total [as Cu]",1,,,3610129866,C3,.011,28,ug/L,19,mg/L,.000011,DD,MAX,<=,N,GR,01/07,ENF,3619518334,11/30/2024,,,3896611098,C3,3835977372,,,,,,01/28/2025,C
3602720951,NM0000116,0,3600545262,001,EXO,3600598928,A,3600833510,3605908065,06/01/2021,05/31/2026,3,1,01042,"Copper, total [as Cu]",1,,,3610129903,C2,.011,28,ug/L,19,mg/L,.000011,3C,AVG,<=,N,GR,01/07,ENF,3619518334,11/30/2024,,,3896612888,C2,3835977361,,,,,,01/28/2025,C
3602720951,NM0000116,0,3600545262,001,EXO,3600598928,A,3600833510,3605908065,06/01/2021,05/31/2026,3,1,01042,"Copper, total [as Cu]",1,,,3610129866,C3,.011,28,ug/L,19,mg/L,.000011,DD,MAX,<=,N,GR,01/07,ENF,3619518335,12/31/2024,,,3896611107,C3,3835977393,,,,,,01/28/2025,C
3602720951,NM0000116,0,3600545262,001,EXO,3600598928,A,3600833510,3605908065,06/01/2021,05/31/2026,3,1,01042,"Copper, total [as Cu]",1,,,3610129903,C2,.011,28,ug/L,19,mg/L,.000011,3C,AVG,<=,N,GR,01/07,ENF,3619518335,12/31/2024,,,3896612889,C2,3835977391,,,,,,01/28/2025,C
3602720951,NM0000116,0,3600545262,001,EXO,3600598928,A,3600833510,3605908065,06/01/2021,05/31/2026,3,1,01042,"Copper, total [as Cu]",1,,,3610129903,C2,.011,28,ug/L,19,mg/L,.000011,3C,AVG,<=,N,GR,01/07,ENF,3619518336,01/31/2025,,,3896612890,C2,3842360832,,,,,,04/28/2025,C
3602720951,NM0000116,0,3600545262,001,EXO,3600598928,A,3600833510,3605908065,06/01/2021,05/31/2026,3,1,01042,"Copper, total [as Cu]",1,,,3610129866,C3,.011,28,ug/L,19,mg/L,.000011,DD,MAX,<=,N,GR,01/07,ENF,3619518336,01/31/2025,,,3896611116,C3,3842360839,,,,,,04/28/2025,C
3602720951,NM0000116,0,3600545262,001,EXO,3600598928,A,3600833510,3605908065,06/01/2021,05/31/2026,3,1,01042,"Copper, total [as Cu]",1,,,3610129866,C3,.011,28,ug/L,19,mg/L,.000011,DD,MAX,<=,N,GR,01/07,ENF,3619518337,02/28/2025,,,3896611125,C3,3842360909,,,,,,04/28/2025,C
3602720951,NM0000116,0,3600545262,001,EXO,3600598928,A,3600833510,3605908065,06/01/2021,05/31/2026,3,1,01042,"Copper, total [as Cu]",1,,,3610129903,C2,.011,28,ug/L,19,mg/L,.000011,3C,AVG,<=,N,GR,01/07,ENF,3619518337,02/28/2025,,,3896612891,C2,3842360908,,,,,,04/28/2025,C
3602720951,NM0000116,0,3600545262,001,EXO,3600598928,A,3600833510,3605908065,06/01/2021,05/31/2026,3,1,01042,"Copper, total [as Cu]",1,,,3610129903,C2,.011,28,ug/L,19,mg/L,.000011,3C,AVG,<=,N,GR,01/07,ENF,3619518338,03/31/2025,,,3896612892,C2,3842360846,,,,,,04/28/2025,C
3602720951,NM0000116,0,3600545262,001,EXO,3600598928,A,3600833510,3605908065,06/01/2021,05/31/2026,3,1,01042,"Copper, total [as Cu]",1,,,3610129866,C3,.011,28,ug/L,19,mg/L,.000011,DD,MAX,<=,N,GR,01/07,ENF,3619518338,03/31/2025,,,3896611134,C3,3842360847,,,,,,04/28/2025,C
3602720951,NM0000116,0,3600545262,001,EXO,3600598928,A,3600833510,3605908065,06/01/2021,05/31/2026,3,1,01042,"Copper, total [as Cu]",1,,,3610129903,C2,.011,28,ug/L,19,mg/L,.000011,3C,AVG,<=,N,GR,01/07,ENF,3619518339,04/30/2025,,,3896612893,C2,3850068764,,,,,,07/28/2025,C
3602720951,NM0000116,0,3600545262,001,EXO,3600598928,A,3600833510,3605908065,06/01/2021,05/31/2026,3,1,01042,"Copper, total [as Cu]",1,,,3610129866,C3,.011,28,ug/L,19,mg/L,.000011,DD,MAX,<=,N,GR,01/07,ENF,3619518339,04/30/2025,,,3896611143,C3,3850068765,,,,,,07/28/2025,C
3602720951,NM0000116,0,3600545262,001,EXO,3600598928,A,3600833510,3605908065,06/01/2021,05/31/2026,3,1,01042,"Copper, total [as Cu]",1,,,3610129903,C2,.011,28,ug/L,19,mg/L,.000011,3C,AVG,<=,N,GR,01/07,ENF,3619518340,05/31/2025,,,3896612894,C2,3850068762,,,,,,07/28/2025,C
3602720951,NM0000116,0,3600545262,001,EXO,3600598928,A,3600833510,3605908065,06/01/2021,05/31/2026,3,1,01042,"Copper, total [as Cu]",1,,,3610129866,C3,.011,28,ug/L,19,mg/L,.000011,DD,MAX,<=,N,GR,01/07,ENF,3619518340,05/31/2025,,,3896611152,C3,3850068763,,,,,,07/28/2025,C
3602720951,NM0000116,0,3600545262,001,EXO,3600598928,A,3600833510,3605908065,06/01/2021,05/31/2026,3,1,01042,"Copper, total [as Cu]",1,,,3610129866,C3,.011,28,ug/L,19,mg/L,.000011,DD,MAX,<=,N,GR,01/07,ENF,3619518341,06/30/2025,,,3896611161,C3,3850068779,,,,,,07/28/2025,C
3602720951,NM0000116,0,3600545262,001,EXO,3600598928,A,3600833510,3605908065,06/01/2021,05/31/2026,3,1,01042,"Copper, total [as Cu]",1,,,3610129903,C2,.011,28,ug/L,19,mg/L,.000011,3C,AVG,<=,N,GR,01/07,ENF,3619518341,06/30/2025,,,3896612895,C2,3850068777,,,,,,07/28/2025,C
3602720951,NM0000116,0,3600545262,001,EXO,3600598928,A,3600833510,3605908065,06/01/2021,05/31/2026,3,1,01042,"Copper, total [as Cu]",1,,,3610129903,C2,.011,28,ug/L,19,mg/L,.000011,3C,AVG,<=,N,GR,01/07,ENF,3619518342,07/31/2025,GR,01/07,3896612896,C2,3856101776,.0015,28,ug/L,.0000015,=,10/17/2025,
3602720951,NM0000116,0,3600545262,001,EXO,3600598928,A,3600833510,3605908065,06/01/2021,05/31/2026,3,1,01042,"Copper, total [as Cu]",1,,,3610129866,C3,.011,28,ug/L,19,mg/L,.000011,DD,MAX,<=,N,GR,01/07,ENF,3619518342,07/31/2025,GR,01/07,3896611170,C3,3856101777,.0015,28,ug/L,.0000015,=,10/17/2025,
3602720951,NM0000116,0,3600545262,001,EXO,3600598928,A,3600833510,3605908065,06/01/2021,05/31/2026,3,1,01042,"Copper, total [as Cu]",1,,,3610129866,C3,.011,28,ug/L,19,mg/L,.000011,DD,MAX,<=,N,GR,01/07,ENF,3619518343,08/31/2025,,,3896611179,C3,3856101750,,,,,,10/17/2025,C
3602720951,NM0000116,0,3600545262,001,EXO,3600598928,A,3600833510,3605908065,06/01/2021,05/31/2026,3,1,01042,"Copper, total [as Cu]",1,,,3610129903,C2,.011,28,ug/L,19,mg/L,.000011,3C,AVG,<=,N,GR,01/07,ENF,3619518343,08/31/2025,,,3896612897,C2,3856101749,,,,,,10/17/2025,C
3602720951,NM0000116,0,3600545262,001,EXO,3600598928,A,3600833510,3605908065,06/01/2021,05/31/2026,3,1,01042,"Copper, total [as Cu]",1,,,3610129866,C3,.011,28,ug/L,19,mg/L,.000011,DD,MAX,<=,N,GR,01/07,ENF,3619518344,09/30/2025,GR,01/07,3896611188,C3,3856101774,.075,28,ug/L,.000075,=,10/17/2025,
3602720951,NM0000116,0,3600545262,001,EXO,3600598928,A,3600833510,3605908065,06/01/2021,05/31/2026,3,1,01042,"Copper, total [as Cu]",1,,,3610129903,C2,.011,28,ug/L,19,mg/L,.000011,3C,AVG,<=,N,GR,01/07,ENF,3619518344,09/30/2025,GR,01/07,3896612898,C2,3856101773,.075,28,ug/L,.000075,=,10/17/2025,
3602720951,NM0000116,0,3600545262,001,EXO,3600598928,A,3600833510,3605908066,06/01/2021,05/31/2026,3,1,00530,"Solids, total suspended",1,,,3610129901,C2,,19,mg/L,19,mg/L,,3C,AVG,,N,GR,01/07,ENF,3619518333,10/31/2024,,,3896612767,C2,3835977363,,,,,,01/28/2025,C
3602720951,NM0000116,0,3600545262,001,EXO,3600598928,A,3600833510,3605908066,06/01/2021,05/31/2026,3,1,00530,"Solids, total suspended",1,,,3610129867,C3,50,19,mg/L,19,mg/L,50,DD,MAX,<=,N,GR,01/07,ENF,3619518333,10/31/2024,,,3896611086,C3,3835977365,,,,,,01/28/2025,C
3602720951,NM0000116,0,3600545262,001,EXO,3600598928,A,3600833510,3605908066,06/01/2021,05/31/2026,3,1,00530,"Solids, total suspended",1,,,3610129867,C3,50,19,mg/L,19,mg/L,50,DD,MAX,<=,N,GR,01/07,ENF,3619518334,11/30/2024,,,3896611095,C3,3835977342,,,,,,01/28/2025,C
3602720951,NM0000116,0,3600545262,001,EXO,3600598928,A,3600833510,3605908066,06/01/2021,05/31/2026,3,1,00530,"Solids, total suspended",1,,,3610129901,C2,,19,mg/L,19,mg/L,,3C,AVG,,N,GR,01/07,ENF,3619518334,11/30/2024,,,3896612768,C2,3835977340,,,,,,01/28/2025,C
3602720951,NM0000116,0,3600545262,001,EXO,3600598928,A,3600833510,3605908066,06/01/2021,05/31/2026,3,1,00530,"Solids, total suspended",1,,,3610129901,C2,,19,mg/L,19,mg/L,,3C,AVG,,N,GR,01/07,ENF,3619518335,12/31/2024,,,3896612769,C2,3835977386,,,,,,01/28/2025,C
3602720951,NM0000116,0,3600545262,001,EXO,3600598928,A,3600833510,3605908066,06/01/2021,05/31/2026,3,1,00530,"Solids, total suspended",1,,,3610129867,C3,50,19,mg/L,19,mg/L,50,DD,MAX,<=,N,GR,01/07,ENF,3619518335,12/31/2024,,,3896611104,C3,3835977388,,,,,,01/28/2025,C
3602720951,NM0000116,0,3600545262,001,EXO,3600598928,A,3600833510,3605908066,06/01/2021,05/31/2026,3,1,00530,"Solids, total suspended",1,,,3610129867,C3,50,19,mg/L,19,mg/L,50,DD,MAX,<=,N,GR,01/07,ENF,3619518336,01/31/2025,,,3896611113,C3,3842360845,,,,,,04/28/2025,C
3602720951,NM0000116,0,3600545262,001,EXO,3600598928,A,3600833510,3605908066,06/01/2021,05/31/2026,3,1,00530,"Solids, total suspended",1,,,3610129901,C2,,19,mg/L,19,mg/L,,3C,AVG,,N,GR,01/07,ENF,3619518336,01/31/2025,,,3896612770,C2,3842360844,,,,,,04/28/2025,C
3602720951,NM0000116,0,3600545262,001,EXO,3600598928,A,3600833510,3605908066,06/01/2021,05/31/2026,3,1,00530,"Solids, total suspended",1,,,3610129901,C2,,19,mg/L,19,mg/L,,3C,AVG,,N,GR,01/07,ENF,3619518337,02/28/2025,,,3896612771,C2,3842360897,,,,,,04/28/2025,C
3602720951,NM0000116,0,3600545262,001,EXO,3600598928,A,3600833510,3605908066,06/01/2021,05/31/2026,3,1,00530,"Solids, total suspended",1,,,3610129867,C3,50,19,mg/L,19,mg/L,50,DD,MAX,<=,N,GR,01/07,ENF,3619518337,02/28/2025,,,3896611122,C3,3842360898,,,,,,04/28/2025,C
3602720951,NM0000116,0,3600545262,001,EXO,3600598928,A,3600833510,3605908066,06/01/2021,05/31/2026,3,1,00530,"Solids, total suspended",1,,,3610129867,C3,50,19,mg/L,19,mg/L,50,DD,MAX,<=,N,GR,01/07,ENF,3619518338,03/31/2025,,,3896611131,C3,3842360838,,,,,,04/28/2025,C
3602720951,NM0000116,0,3600545262,001,EXO,3600598928,A,3600833510,3605908066,06/01/2021,05/31/2026,3,1,00530,"Solids, total suspended",1,,,3610129901,C2,,19,mg/L,19,mg/L,,3C,AVG,,N,GR,01/07,ENF,3619518338,03/31/2025,,,3896612772,C2,3842360837,,,,,,04/28/2025,C
3602720951,NM0000116,0,3600545262,001,EXO,3600598928,A,3600833510,3605908066,06/01/2021,05/31/2026,3,1,00530,"Solids, total suspended",1,,,3610129901,C2,,19,mg/L,19,mg/L,,3C,AVG,,N,GR,01/07,ENF,3619518339,04/30/2025,,,3896612773,C2,3850068794,,,,,,07/28/2025,C
3602720951,NM0000116,0,3600545262,001,EXO,3600598928,A,3600833510,3605908066,06/01/2021,05/31/2026,3,1,00530,"Solids, total suspended",1,,,3610129867,C3,50,19,mg/L,19,mg/L,50,DD,MAX,<=,N,GR,01/07,ENF,3619518339,04/30/2025,,,3896611140,C3,3850068795,,,,,,07/28/2025,C
3602720951,NM0000116,0,3600545262,001,EXO,3600598928,A,3600833510,3605908066,06/01/2021,05/31/2026,3,1,00530,"Solids, total suspended",1,,,3610129867,C3,50,19,mg/L,19,mg/L,50,DD,MAX,<=,N,GR,01/07,ENF,3619518340,05/31/2025,,,3896611149,C3,3850068806,,,,,,07/28/2025,C
3602720951,NM0000116,0,3600545262,001,EXO,3600598928,A,3600833510,3605908066,06/01/2021,05/31/2026,3,1,00530,"Solids, total suspended",1,,,3610129901,C2,,19,mg/L,19,mg/L,,3C,AVG,,N,GR,01/07,ENF,3619518340,05/31/2025,,,3896612774,C2,3850068805,,,,,,07/28/2025,C
3602720951,NM0000116,0,3600545262,001,EXO,3600598928,A,3600833510,3605908066,06/01/2021,05/31/2026,3,1,00530,"Solids, total suspended",1,,,3610129901,C2,,19,mg/L,19,mg/L,,3C,AVG,,N,GR,01/07,ENF,3619518341,06/30/2025,,,3896612775,C2,3850068797,,,,,,07/28/2025,C
3602720951,NM0000116,0,3600545262,001,EXO,3600598928,A,3600833510,3605908066,06/01/2021,05/31/2026,3,1,00530,"Solids, total suspended",1,,,3610129867,C3,50,19,mg/L,19,mg/L,50,DD,MAX,<=,N,GR,01/07,ENF,3619518341,06/30/2025,,,3896611158,C3,3850068798,,,,,,07/28/2025,C
3602720951,NM0000116,0,3600545262,001,EXO,3600598928,A,3600833510,3605908066,06/01/2021,05/31/2026,3,1,00530,"Solids, total suspended",1,,,3610129867,C3,50,19,mg/L,19,mg/L,50,DD,MAX,<=,N,GR,01/07,ENF,3619518342,07/31/2025,GR,01/07,3896611167,C3,3856101787,0,19,mg/L,0,=,10/17/2025,
3602720951,NM0000116,0,3600545262,001,EXO,3600598928,A,3600833510,3605908066,06/01/2021,05/31/2026,3,1,00530,"Solids, total suspended",1,,,3610129901,C2,,19,mg/L,19,mg/L,,3C,AVG,,N,GR,01/07,ENF,3619518342,07/31/2025,GR,01/07,3896612776,C2,3856101786,0,19,mg/L,0,=,10/17/2025,
3602720951,NM0000116,0,3600545262,001,EXO,3600598928,A,3600833510,3605908066,06/01/2021,05/31/2026,3,1,00530,"Solids, total suspended",1,,,3610129901,C2,,19,mg/L,19,mg/L,,3C,AVG,,N,GR,01/07,ENF,3619518343,08/31/2025,,,3896612777,C2,3856101756,,,,,,10/17/2025,C
3602720951,NM0000116,0,3600545262,001,EXO,3600598928,A,3600833510,3605908066,06/01/2021,05/31/2026,3,1,00530,"Solids, total suspended",1,,,3610129867,C3,50,19,mg/L,19,mg/L,50,DD,MAX,<=,N,GR,01/07,ENF,3619518343,08/31/2025,,,3896611176,C3,3856101757,,,,,,10/17/2025,C
3602720951,NM0000116,0,3600545262,001,EXO,3600598928,A,3600833510,3605908066,06/01/2021,05/31/2026,3,1,00530,"Solids, total suspended",1,,,3610129901,C2,,19,mg/L,19,mg/L,,3C,AVG,,N,GR,01/07,ENF,3619518344,09/30/2025,GR,01/07,3896612778,C2,3856101771,210,19,mg/L,210,=,10/17/2025,
3602720951,NM0000116,0,3600545262,001,EXO,3600598928,A,3600833510,3605908066,06/01/2021,05/31/2026,3,1,00530,"Solids, total suspended",1,,,3610129867,C3,50,19,mg/L,19,mg/L,50,DD,MAX,<=,N,GR,01/07,ENF,3619518344,09/30/2025,GR,01/07,3896611185,C3,3856101772,210,19,mg/L,210,=,10/17/2025,
3602878711,NM0020583,0,3600584104,001,EXO,3600645646,A,3600891019,3606239978,12/01/2021,11/30/2026,1,1,00530,"Solids, total suspended",1,,,3610673277,C3,45,19,mg/L,19,mg/L,45,7A,AVG,<=,N,12,05/WK,ENF,3621391565,10/31/2024,12,06/07,3920642638,C3,3831416454,6,19,mg/L,6,=,11/14/2024,
3602878711,NM0020583,0,3600584104,001,EXO,3600645646,A,3600891019,3606239978,12/01/2021,11/30/2026,1,1,00530,"Solids, total suspended",1,,,3610673280,Q1,1669,26,lb/d,01,kg/d,757.72599363,3C,AVG,<=,N,12,05/WK,ENF,3621391565,10/31/2024,12,06/07,3920642639,Q1,3831416451,160,26,lb/d,72.63999939,=,11/14/2024,
3602878711,NM0020583,0,3600584104,001,EXO,3600645646,A,3600891019,3606239978,12/01/2021,11/30/2026,1,1,00530,"Solids, total suspended",1,,,3610673279,Q2,2504,26,lb/d,01,kg/d,1136.81599045,7A,AVG,<=,N,12,05/WK,ENF,3621391565,10/31/2024,12,06/07,3920642640,Q2,3831416452,218,26,lb/d,98.97199917,=,11/14/2024,
3602878711,NM0020583,0,3600584104,001,EXO,3600645646,A,3600891019,3606239978,12/01/2021,11/30/2026,1,1,00530,"Solids, total suspended",1,,,3610673278,C2,30,19,mg/L,19,mg/L,30,3C,AVG,<=,N,12,05/WK,ENF,3621391565,10/31/2024,12,06/07,3920642637,C2,3831416453,4,19,mg/L,4,=,11/14/2024,
3602878711,NM0020583,0,3600584104,001,EXO,3600645646,A,3600891019,3606239978,12/01/2021,11/30/2026,1,1,00530,"Solids, total suspended",1,,,3610673278,C2,30,19,mg/L,19,mg/L,30,3C,AVG,<=,N,12,05/WK,ENF,3621391566,11/30/2024,12,06/07,3920642669,C2,3832994541,12,19,mg/L,12,=,12/16/2024,
3602878711,NM0020583,0,3600584104,001,EXO,3600645646,A,3600891019,3606239978,12/01/2021,11/30/2026,1,1,00530,"Solids, total suspended",1,,,3610673279,Q2,2504,26,lb/d,01,kg/d,1136.81599045,7A,AVG,<=,N,12,05/WK,ENF,3621391566,11/30/2024,12,06/07,3920642672,Q2,3832994540,607,26,lb/d,275.57799768,=,12/16/2024,
3602878711,NM0020583,0,3600584104,001,EXO,3600645646,A,3600891019,3606239978,12/01/2021,11/30/2026,1,1,00530,"Solids, total suspended",1,,,3610673280,Q1,1669,26,lb/d,01,kg/d,757.72599363,3C,AVG,<=,N,12,05/WK,ENF,3621391566,11/30/2024,12,06/07,3920642671,Q1,3832994539,376,26,lb/d,170.70399857,=,12/16/2024,
3602878711,NM0020583,0,3600584104,001,EXO,3600645646,A,3600891019,3606239978,12/01/2021,11/30/2026,1,1,00530,"Solids, total suspended",1,,,3610673277,C3,45,19,mg/L,19,mg/L,45,7A,AVG,<=,N,12,05/WK,ENF,3621391566,11/30/2024,12,06/07,3920642670,C3,3832994542,19,19,mg/L,19,=,12/16/2024,
3602878711,NM0020583,0,3600584104,001,EXO,3600645646,A,3600891019,3606239978,12/01/2021,11/30/2026,1,1,00530,"Solids, total suspended",1,,,3610673280,Q1,1669,26,lb/d,01,kg/d,757.72599363,3C,AVG,<=,N,12,05/WK,ENF,3621391567,12/31/2024,12,06/07,3920642703,Q1,3834617607,377,26,lb/d,171.15799856,=,01/15/2025,
3602878711,NM0020583,0,3600584104,001,EXO,3600645646,A,3600891019,3606239978,12/01/2021,11/30/2026,1,1,00530,"Solids, total suspended",1,,,3610673279,Q2,2504,26,lb/d,01,kg/d,1136.81599045,7A,AVG,<=,N,12,05/WK,ENF,3621391567,12/31/2024,12,06/07,3920642704,Q2,3834617608,567,26,lb/d,257.41799784,=,01/15/2025,
3602878711,NM0020583,0,3600584104,001,EXO,3600645646,A,3600891019,3606239978,12/01/2021,11/30/2026,1,1,00530,"Solids, total suspended",1,,,3610673277,C3,45,19,mg/L,19,mg/L,45,7A,AVG,<=,N,12,05/WK,ENF,3621391567,12/31/2024,12,06/07,3920642702,C3,3834617610,18,19,mg/L,18,=,01/15/2025,
3602878711,NM0020583,0,3600584104,001,EXO,3600645646,A,3600891019,3606239978,12/01/2021,11/30/2026,1,1,00530,"Solids, total suspended",1,,,3610673278,C2,30,19,mg/L,19,mg/L,30,3C,AVG,<=,N,12,05/WK,ENF,3621391567,12/31/2024,12,06/07,3920642701,C2,3834617609,12,19,mg/L,12,=,01/15/2025,
3602878711,NM0020583,0,3600584104,001,EXO,3600645646,A,3600891019,3606239978,12/01/2021,11/30/2026,1,1,00530,"Solids, total suspended",1,,,3610673278,C2,30,19,mg/L,19,mg/L,30,3C,AVG,<=,N,12,05/WK,ENF,3621391568,01/31/2025,12,06/07,3920642733,C2,3837049250,7,19,mg/L,7,=,02/18/2025,
3602878711,NM0020583,0,3600584104,001,EXO,3600645646,A,3600891019,3606239978,12/01/2021,11/30/2026,1,1,00530,"Solids, total suspended",1,,,3610673277,C3,45,19,mg/L,19,mg/L,45,7A,AVG,<=,N,12,05/WK,ENF,3621391568,01/31/2025,12,06/07,3920642734,C3,3837049251,8,19,mg/L,8,=,02/18/2025,
3602878711,NM0020583,0,3600584104,001,EXO,3600645646,A,3600891019,3606239978,12/01/2021,11/30/2026,1,1,00530,"Solids, total suspended",1,,,3610673279,Q2,2504,26,lb/d,01,kg/d,1136.81599045,7A,AVG,<=,N,12,05/WK,ENF,3621391568,01/31/2025,12,06/07,3920642736,Q2,3837049249,240,26,lb/d,108.95999908,=,02/18/2025,
3602878711,NM0020583,0,3600584104,001,EXO,3600645646,A,3600891019,3606239978,12/01/2021,11/30/2026,1,1,00530,"Solids, total suspended",1,,,3610673280,Q1,1669,26,lb/d,01,kg/d,757.72599363,3C,AVG,<=,N,12,05/WK,ENF,3621391568,01/31/2025,12,06/07,3920642735,Q1,3837049248,218,26,lb/d,98.97199917,=,02/18/2025,
3602878711,NM0020583,0,3600584104,001,EXO,3600645646,A,3600891019,3606239978,12/01/2021,11/30/2026,1,1,00530,"Solids, total suspended",1,,,3610673279,Q2,2504,26,lb/d,01,kg/d,1136.81599045,7A,AVG,<=,N,12,05/WK,ENF,3621391569,02/28/2025,12,06/07,3920642768,Q2,3839823735,286,26,lb/d,129.84399891,=,03/14/2025,
3602878711,NM0020583,0,3600584104,001,EXO,3600645646,A,3600891019,3606239978,12/01/2021,11/30/2026,1,1,00530,"Solids, total suspended",1,,,3610673280,Q1,1669,26,lb/d,01,kg/d,757.72599363,3C,AVG,<=,N,12,05/WK,ENF,3621391569,02/28/2025,12,06/07,3920642767,Q1,3839823734,234,26,lb/d,106.23599911,=,03/14/2025,
3602878711,NM0020583,0,3600584104,001,EXO,3600645646,A,3600891019,3606239978,12/01/2021,11/30/2026,1,1,00530,"Solids, total suspended",1,,,3610673277,C3,45,19,mg/L,19,mg/L,45,7A,AVG,<=,N,12,05/WK,ENF,3621391569,02/28/2025,12,06/07,3920642766,C3,3839823737,8,19,mg/L,8,=,03/14/2025,
3602878711,NM0020583,0,3600584104,001,EXO,3600645646,A,3600891019,3606239978,12/01/2021,11/30/2026,1,1,00530,"Solids, total suspended",1,,,3610673278,C2,30,19,mg/L,19,mg/L,30,3C,AVG,<=,N,12,05/WK,ENF,3621391569,02/28/2025,12,06/07,3920642765,C2,3839823736,7,19,mg/L,7,=,03/14/2025,
3602878711,NM0020583,0,3600584104,001,EXO,3600645646,A,3600891019,3606239978,12/01/2021,11/30/2026,1,1,00530,"Solids, total suspended",1,,,3610673278,C2,30,19,mg/L,19,mg/L,30,3C,AVG,<=,N,12,05/WK,ENF,3621391570,03/31/2025,12,06/07,3920642797,C2,3840988759,5,19,mg/L,5,=,04/11/2025,
3602878711,NM0020583,0,3600584104,001,EXO,3600645646,A,3600891019,3606239978,12/01/2021,11/30/2026,1,1,00530,"Solids, total suspended",1,,,3610673280,Q1,1669,26,lb/d,01,kg/d,757.72599363,3C,AVG,<=,N,12,05/WK,ENF,3621391570,03/31/2025,12,06/07,3920642799,Q1,3840988757,192,26,lb/d,87.16799927,=,04/11/2025,
3602878711,NM0020583,0,3600584104,001,EXO,3600645646,A,3600891019,3606239978,12/01/2021,11/30/2026,1,1,00530,"Solids, total suspended",1,,,3610673279,Q2,2504,26,lb/d,01,kg/d,1136.81599045,7A,AVG,<=,N,12,05/WK,ENF,3621391570,03/31/2025,12,06/07,3920642800,Q2,3840988758,230,26,lb/d,104.41999912,=,04/11/2025,
3602878711,NM0020583,0,3600584104,001,EXO,3600645646,A,3600891019,3606239978,12/01/2021,11/30/2026,1,1,00530,"Solids, total suspended",1,,,3610673277,C3,45,19,mg/L,19,mg/L,45,7A,AVG,<=,N,12,05/WK,ENF,3621391570,03/31/2025,12,06/07,3920642798,C3,3840988760,6,19,mg/L,6,=,04/11/2025,
3602878711,NM0020583,0,3600584104,001,EXO,3600645646,A,3600891019,3606239978,12/01/2021,11/30/2026,1,1,00530,"Solids, total suspended",1,,,3610673277,C3,45,19,mg/L,19,mg/L,45,7A,AVG,<=,N,12,05/WK,ENF,3621391571,04/30/2025,12,06/07,3920642830,C3,3845625301,8,19,mg/L,8,=,05/15/2025,
3602878711,NM0020583,0,3600584104,001,EXO,3600645646,A,3600891019,3606239978,12/01/2021,11/30/2026,1,1,00530,"Solids, total suspended",1,,,3610673280,Q1,1669,26,lb/d,01,kg/d,757.72599363,3C,AVG,<=,N,12,05/WK,ENF,3621391571,04/30/2025,12,06/07,3920642831,Q1,3845625298,235,26,lb/d,106.6899991,=,05/15/2025,
3602878711,NM0020583,0,3600584104,001,EXO,3600645646,A,3600891019,3606239978,12/01/2021,11/30/2026,1,1,00530,"Solids, total suspended",1,,,3610673279,Q2,2504,26,lb/d,01,kg/d,1136.81599045,7A,AVG,<=,N,12,05/WK,ENF,3621391571,04/30/2025,12,06/07,3920642832,Q2,3845625299,359,26,lb/d,162.98599863,=,05/15/2025,
3602878711,NM0020583,0,3600584104,001,EXO,3600645646,A,3600891019,3606239978,12/01/2021,11/30/2026,1,1,00530,"Solids, total suspended",1,,,3610673278,C2,30,19,mg/L,19,mg/L,30,3C,AVG,<=,N,12,05/WK,ENF,3621391571,04/30/2025,12,06/07,3920642829,C2,3845625300,6,19,mg/L,6,=,05/15/2025,
3602878711,NM0020583,0,3600584104,001,EXO,3600645646,A,3600891019,3606239978,12/01/2021,11/30/2026,1,1,00530,"Solids, total suspended",1,,,3610673278,C2,30,19,mg/L,19,mg/L,30,3C,AVG,<=,N,12,05/WK,ENF,3621391572,05/31/2025,12,06/07,3920642861,C2,3847188379,5,19,mg/L,5,=,06/11/2025,
3602878711,NM0020583,0,3600584104,001,EXO,3600645646,A,3600891019,3606239978,12/01/2021,11/30/2026,1,1,00530,"Solids, total suspended",1,,,3610673280,Q1,1669,26,lb/d,01,kg/d,757.72599363,3C,AVG,<=,N,12,05/WK,ENF,3621391572,05/31/2025,12,06/07,3920642863,Q1,3847188377,223,26,lb/d,101.24199915,=,06/11/2025,
3602878711,NM0020583,0,3600584104,001,EXO,3600645646,A,3600891019,3606239978,12/01/2021,11/30/2026,1,1,00530,"Solids, total suspended",1,,,3610673279,Q2,2504,26,lb/d,01,kg/d,1136.81599045,7A,AVG,<=,N,12,05/WK,ENF,3621391572,05/31/2025,12,06/07,3920642864,Q2,3847188378,344,26,lb/d,156.17599869,=,06/11/2025,
3602878711,NM0020583,0,3600584104,001,EXO,3600645646,A,3600891019,3606239978,12/01/2021,11/30/2026,1,1,00530,"Solids, total suspended",1,,,3610673277,C3,45,19,mg/L,19,mg/L,45,7A,AVG,<=,N,12,05/WK,ENF,3621391572,05/31/2025,12,06/07,3920642862,C3,3847188380,8,19,mg/L,8,=,06/11/2025,
3602878711,NM0020583,0,3600584104,001,EXO,3600645646,A,3600891019,3606239978,12/01/2021,11/30/2026,1,1,00530,"Solids, total suspended",1,,,3610673277,C3,45,19,mg/L,19,mg/L,45,7A,AVG,<=,N,12,05/WK,ENF,3621391573,06/30/2025,12,06/07,3920642894,C3,3848301378,10,19,mg/L,10,=,07/08/2025,
3602878711,NM0020583,0,3600584104,001,EXO,3600645646,A,3600891019,3606239978,12/01/2021,11/30/2026,1,1,00530,"Solids, total suspended",1,,,3610673279,Q2,2504,26,lb/d,01,kg/d,1136.81599045,7A,AVG,<=,N,12,05/WK,ENF,3621391573,06/30/2025,12,06/07,3920642896,Q2,3848301376,361,26,lb/d,163.89399862,=,07/08/2025,
3602878711,NM0020583,0,3600584104,001,EXO,3600645646,A,3600891019,3606239978,12/01/2021,11/30/2026,1,1,00530,"Solids, total suspended",1,,,3610673280,Q1,1669,26,lb/d,01,kg/d,757.72599363,3C,AVG,<=,N,12,05/WK,ENF,3621391573,06/30/2025,12,06/07,3920642895,Q1,3848301375,314,26,lb/d,142.5559988,=,07/08/2025,
3602878711,NM0020583,0,3600584104,001,EXO,3600645646,A,3600891019,3606239978,12/01/2021,11/30/2026,1,1,00530,"Solids, total suspended",1,,,3610673278,C2,30,19,mg/L,19,mg/L,30,3C,AVG,<=,N,12,05/WK,ENF,3621391573,06/30/2025,12,06/07,3920642893,C2,3848301377,7,19,mg/L,7,=,07/08/2025,
3602878711,NM0020583,0,3600584104,001,EXO,3600645646,A,3600891019,3606239978,12/01/2021,11/30/2026,1,1,00530,"Solids, total suspended",1,,,3610673278,C2,30,19,mg/L,19,mg/L,30,3C,AVG,<=,N,12,05/WK,ENF,3621391574,07/31/2025,12,06/07,3920642925,C2,3851430844,5,19,mg/L,5,=,08/18/2025,
3602878711,NM0020583,0,3600584104,001,EXO,3600645646,A,3600891019,3606239978,12/01/2021,11/30/2026,1,1,00530,"Solids, total suspended",1,,,3610673280,Q1,1669,26,lb/d,01,kg/d,757.72599363,3C,AVG,<=,N,12,05/WK,ENF,3621391574,07/31/2025,12,06/07,3920642927,Q1,3851430842,239,26,lb/d,108.50599909,=,08/18/2025,
3602878711,NM0020583,0,3600584104,001,EXO,3600645646,A,3600891019,3606239978,12/01/2021,11/30/2026,1,1,00530,"Solids, total suspended",1,,,3610673279,Q2,2504,26,lb/d,01,kg/d,1136.81599045,7A,AVG,<=,N,12,05/WK,ENF,3621391574,07/31/2025,12,06/07,3920642928,Q2,3851430843,434,26,lb/d,197.03599834,=,08/18/2025,
3602878711,NM0020583,0,3600584104,001,EXO,3600645646,A,3600891019,3606239978,12/01/2021,11/30/2026,1,1,00530,"Solids, total suspended",1,,,3610673277,C3,45,19,mg/L,19,mg/L,45,7A,AVG,<=,N,12,05/WK,ENF,3621391574,07/31/2025,12,06/07,3920642926,C3,3851430845,9,19,mg/L,9,=,08/18/2025,
3602878711,NM0020583,0,3600584104,001,EXO,3600645646,A,3600891019,3606239978,12/01/2021,11/30/2026,1,1,00530,"Solids, total suspended",1,,,3610673277,C3,45,19,mg/L,19,mg/L,45,7A,AVG,<=,N,12,05/WK,ENF,3621391575,08/31/2025,12,06/07,3920642958,C3,3853940560,4,19,mg/L,4,=,09/15/2025,
3602878711,NM0020583,0,3600584104,001,EXO,3600645646,A,3600891019,3606239978,12/01/2021,11/30/2026,1,1,00530,"Solids, total suspended",1,,,3610673280,Q1,1669,26,lb/d,01,kg/d,757.72599363,3C,AVG,<=,N,12,05/WK,ENF,3621391575,08/31/2025,12,06/07,3920642959,Q1,3853940557,146,26,lb/d,66.28399944,=,09/15/2025,
3602878711,NM0020583,0,3600584104,001,EXO,3600645646,A,3600891019,3606239978,12/01/2021,11/30/2026,1,1,00530,"Solids, total suspended",1,,,3610673279,Q2,2504,26,lb/d,01,kg/d,1136.81599045,7A,AVG,<=,N,12,05/WK,ENF,3621391575,08/31/2025,12,06/07,3920642960,Q2,3853940558,192,26,lb/d,87.16799927,=,09/15/2025,
3602878711,NM0020583,0,3600584104,001,EXO,3600645646,A,3600891019,3606239978,12/01/2021,11/30/2026,1,1,00530,"Solids, total suspended",1,,,3610673278,C2,30,19,mg/L,19,mg/L,30,3C,AVG,<=,N,12,05/WK,ENF,3621391575,08/31/2025,12,06/07,3920642957,C2,3853940559,3,19,mg/L,3,=,09/15/2025,
3602878711,NM0020583,0,3600584104,001,EXO,3600645646,A,3600891019,3606239978,12/01/2021,11/30/2026,1,1,00530,"Solids, total suspended",1,,,3610673278,C2,30,19,mg/L,19,mg/L,30,3C,AVG,<=,N,12,05/WK,ENF,3621391576,09/30/2025,12,06/07,3920642989,C2,3855797864,4,19,mg/L,4,=,10/14/2025,
3602878711,NM0020583,0,3600584104,001,EXO,3600645646,A,3600891019,3606239978,12/01/2021,11/30/2026,1,1,00530,"Solids, total suspended",1,,,3610673277,C3,45,19,mg/L,19,mg/L,45,7A,AVG,<=,N,12,05/WK,ENF,3621391576,09/30/2025,12,06/07,3920642990,C3,3855797865,6,19,mg/L,6,=,10/14/2025,
3602878711,NM0020583,0,3600584104,001,EXO,3600645646,A,3600891019,3606239978,12/01/2021,11/30/2026,1,1,00530,"Solids, total suspended",1,,,3610673280,Q1,1669,26,lb/d,01,kg/d,757.72599363,3C,AVG,<=,N,12,05/WK,ENF,3621391576,09/30/2025,12,06/07,3920642991,Q1,3855797862,179,26,lb/d,81.26599932,=,10/14/2025,
3602878711,NM0020583,0,3600584104,001,EXO,3600645646,A,3600891019,3606239978,12/01/2021,11/30/2026,1,1,00530,"Solids, total suspended",1,,,3610673279,Q2,2504,26,lb/d,01,kg/d,1136.81599045,7A,AVG,<=,N,12,05/WK,ENF,3621391576,09/30/2025,12,06/07,3920642992,Q2,3855797863,293,26,lb/d,133.02199888,=,10/14/2025,
3602944933,NM0028762,0,3600602070,001,EXO,3600657420,A,3600904607,3606351871,01/01/2022,12/31/2026,3,1,00530,"Solids, total suspended",1,,,3610840340,Q1,,26,lb/d,01,kg/d,,MK,AVG,,N,GR,01/07,ENF,3621395402,10/31/2024,GR,01/07,3920700844,Q1,3834138404,4.75,26,lb/d,2.15649998,=,01/07/2025,
3602944933,NM0028762,0,3600602070,001,EXO,3600657420,A,3600904607,3606351871,01/01/2022,12/31/2026,3,1,00530,"Solids, total suspended",1,,,3610840343,C3,30,19,mg/L,19,mg/L,30,DD,MAX,<=,N,GR,01/07,ENF,3621395402,10/31/2024,GR,01/07,3920700843,C3,3834138407,4,19,mg/L,4,=,01/07/2025,
3602944933,NM0028762,0,3600602070,001,EXO,3600657420,A,3600904607,3606351871,01/01/2022,12/31/2026,3,1,00530,"Solids, total suspended",1,,,3610840341,Q2,,26,lb/d,01,kg/d,,DD,MAX,,N,GR,01/07,ENF,3621395402,10/31/2024,GR,01/07,3920700845,Q2,3834138405,9.25,26,lb/d,4.19949996,=,01/07/2025,
3602944933,NM0028762,0,3600602070,001,EXO,3600657420,A,3600904607,3606351871,01/01/2022,12/31/2026,3,1,00530,"Solids, total suspended",1,,,3610840342,C2,20,19,mg/L,19,mg/L,20,MK,AVG,<=,N,GR,01/07,ENF,3621395402,10/31/2024,GR,01/07,3920700842,C2,3834138406,4,19,mg/L,4,=,01/07/2025,
3602944933,NM0028762,0,3600602070,001,EXO,3600657420,A,3600904607,3606351871,01/01/2022,12/31/2026,3,1,00530,"Solids, total suspended",1,,,3610840342,C2,20,19,mg/L,19,mg/L,20,MK,AVG,<=,N,GR,01/07,ENF,3621395403,11/30/2024,GR,01/07,3920700853,C2,3834138378,6.75,19,mg/L,6.75,=,01/07/2025,
3602944933,NM0028762,0,3600602070,001,EXO,3600657420,A,3600904607,3606351871,01/01/2022,12/31/2026,3,1,00530,"Solids, total suspended",1,,,3610840341,Q2,,26,lb/d,01,kg/d,,DD,MAX,,N,GR,01/07,ENF,3621395403,11/30/2024,GR,01/07,3920700856,Q2,3834138377,4.7704,26,lb/d,2.16576158,=,01/07/2025,
3602944933,NM0028762,0,3600602070,001,EXO,3600657420,A,3600904607,3606351871,01/01/2022,12/31/2026,3,1,00530,"Solids, total suspended",1,,,3610840343,C3,30,19,mg/L,19,mg/L,30,DD,MAX,<=,N,GR,01/07,ENF,3621395403,11/30/2024,GR,01/07,3920700854,C3,3834138379,11,19,mg/L,11,=,01/07/2025,
3602944933,NM0028762,0,3600602070,001,EXO,3600657420,A,3600904607,3606351871,01/01/2022,12/31/2026,3,1,00530,"Solids, total suspended",1,,,3610840340,Q1,,26,lb/d,01,kg/d,,MK,AVG,,N,GR,01/07,ENF,3621395403,11/30/2024,GR,01/07,3920700855,Q1,3834138376,3.4141,26,lb/d,1.55000139,=,01/07/2025,
3602944933,NM0028762,0,3600602070,001,EXO,3600657420,A,3600904607,3606351871,01/01/2022,12/31/2026,3,1,00530,"Solids, total suspended",1,,,3610840343,C3,30,19,mg/L,19,mg/L,30,DD,MAX,<=,N,GR,01/07,ENF,3621395404,12/31/2024,GR,01/07,3920700865,C3,3834138388,9,19,mg/L,9,=,01/07/2025,
3602944933,NM0028762,0,3600602070,001,EXO,3600657420,A,3600904607,3606351871,01/01/2022,12/31/2026,3,1,00530,"Solids, total suspended",1,,,3610840340,Q1,,26,lb/d,01,kg/d,,MK,AVG,,N,GR,01/07,ENF,3621395404,12/31/2024,GR,01/07,3920700866,Q1,3834138385,3.6899,26,lb/d,1.67521459,=,01/07/2025,
3602944933,NM0028762,0,3600602070,001,EXO,3600657420,A,3600904607,3606351871,01/01/2022,12/31/2026,3,1,00530,"Solids, total suspended",1,,,3610840341,Q2,,26,lb/d,01,kg/d,,DD,MAX,,N,GR,01/07,ENF,3621395404,12/31/2024,GR,01/07,3920700867,Q2,3834138386,6.7617,26,lb/d,3.06981177,=,01/07/2025,
3602944933,NM0028762,0,3600602070,001,EXO,3600657420,A,3600904607,3606351871,01/01/2022,12/31/2026,3,1,00530,"Solids, total suspended",1,,,3610840342,C2,20,19,mg/L,19,mg/L,20,MK,AVG,<=,N,GR,01/07,ENF,3621395404,12/31/2024,GR,01/07,3920700864,C2,3834138387,6.5,19,mg/L,6.5,=,01/07/2025,
3602944933,NM0028762,0,3600602070,001,EXO,3600657420,A,3600904607,3606351871,01/01/2022,12/31/2026,3,1,00530,"Solids, total suspended",1,,,3610840342,C2,20,19,mg/L,19,mg/L,20,MK,AVG,<=,N,GR,01/07,ENF,3621395405,01/31/2025,GR,01/07,3920700875,C2,3841570399,7.4,19,mg/L,7.4,=,04/21/2025,
3602944933,NM0028762,0,3600602070,001,EXO,3600657420,A,3600904607,3606351871,01/01/2022,12/31/2026,3,1,00530,"Solids, total suspended",1,,,3610840341,Q2,,26,lb/d,01,kg/d,,DD,MAX,,N,GR,01/07,ENF,3621395405,01/31/2025,GR,01/07,3920700878,Q2,3841570397,13.82,26,lb/d,6.27427995,=,04/21/2025,
3602944933,NM0028762,0,3600602070,001,EXO,3600657420,A,3600904607,3606351871,01/01/2022,12/31/2026,3,1,00530,"Solids, total suspended",1,,,3610840343,C3,30,19,mg/L,19,mg/L,30,DD,MAX,<=,N,GR,01/07,ENF,3621395405,01/31/2025,GR,01/07,3920700876,C3,3841570401,16,19,mg/L,16,=,04/21/2025,
3602944933,NM0028762,0,3600602070,001,EXO,3600657420,A,3600904607,3606351871,01/01/2022,12/31/2026,3,1,00530,"Solids, total suspended",1,,,3610840340,Q1,,26,lb/d,01,kg/d,,MK,AVG,,N,GR,01/07,ENF,3621395405,01/31/2025,GR,01/07,3920700877,Q1,3841570395,4.31,26,lb/d,1.95673998,=,04/21/2025,
3602944933,NM0028762,0,3600602070,001,EXO,3600657420,A,3600904607,3606351871,01/01/2022,12/31/2026,3,1,00530,"Solids, total suspended",1,,,3610840340,Q1,,26,lb/d,01,kg/d,,MK,AVG,,N,GR,01/07,ENF,3621395406,02/28/2025,GR,01/07,3920700888,Q1,3841570405,1.96,26,lb/d,.88983999,=,04/21/2025,
3602944933,NM0028762,0,3600602070,001,EXO,3600657420,A,3600904607,3606351871,01/01/2022,12/31/2026,3,1,00530,"Solids, total suspended",1,,,3610840343,C3,30,19,mg/L,19,mg/L,30,DD,MAX,<=,N,GR,01/07,ENF,3621395406,02/28/2025,GR,01/07,3920700887,C3,3841570408,14,19,mg/L,14,=,04/21/2025,
3602944933,NM0028762,0,3600602070,001,EXO,3600657420,A,3600904607,3606351871,01/01/2022,12/31/2026,3,1,00530,"Solids, total suspended",1,,,3610840341,Q2,,26,lb/d,01,kg/d,,DD,MAX,,N,GR,01/07,ENF,3621395406,02/28/2025,GR,01/07,3920700889,Q2,3841570406,3.04,26,lb/d,1.38015999,=,04/21/2025,
3602944933,NM0028762,0,3600602070,001,EXO,3600657420,A,3600904607,3606351871,01/01/2022,12/31/2026,3,1,00530,"Solids, total suspended",1,,,3610840342,C2,20,19,mg/L,19,mg/L,20,MK,AVG,<=,N,GR,01/07,ENF,3621395406,02/28/2025,GR,01/07,3920700886,C2,3841570407,6.5,19,mg/L,6.5,=,04/21/2025,
3602944933,NM0028762,0,3600602070,001,EXO,3600657420,A,3600904607,3606351871,01/01/2022,12/31/2026,3,1,00530,"Solids, total suspended",1,,,3610840342,C2,20,19,mg/L,19,mg/L,20,MK,AVG,<=,N,GR,01/07,ENF,3621395407,03/31/2025,GR,01/07,3920700897,C2,3841570382,4,19,mg/L,4,=,04/21/2025,
3602944933,NM0028762,0,3600602070,001,EXO,3600657420,A,3600904607,3606351871,01/01/2022,12/31/2026,3,1,00530,"Solids, total suspended",1,,,3610840341,Q2,,26,lb/d,01,kg/d,,DD,MAX,,N,GR,01/07,ENF,3621395407,03/31/2025,GR,01/07,3920700900,Q2,3841570379,4.77,26,lb/d,2.16557998,=,04/21/2025,
3602944933,NM0028762,0,3600602070,001,EXO,3600657420,A,3600904607,3606351871,01/01/2022,12/31/2026,3,1,00530,"Solids, total suspended",1,,,3610840340,Q1,,26,lb/d,01,kg/d,,MK,AVG,,N,GR,01/07,ENF,3621395407,03/31/2025,GR,01/07,3920700899,Q1,3841570376,2.46,26,lb/d,1.11683999,=,04/21/2025,
3602944933,NM0028762,0,3600602070,001,EXO,3600657420,A,3600904607,3606351871,01/01/2022,12/31/2026,3,1,00530,"Solids, total suspended",1,,,3610840343,C3,30,19,mg/L,19,mg/L,30,DD,MAX,<=,N,GR,01/07,ENF,3621395407,03/31/2025,GR,01/07,3920700898,C3,3841570384,4,19,mg/L,4,=,04/21/2025,
3602944933,NM0028762,0,3600602070,001,EXO,3600657420,A,3600904607,3606351871,01/01/2022,12/31/2026,3,1,00530,"Solids, total suspended",1,,,3610840340,Q1,,26,lb/d,01,kg/d,,MK,AVG,,N,GR,01/07,ENF,3621395408,04/30/2025,GR,01/07,3920700910,Q1,3848381204,3.55,26,lb/d,1.61169999,=,07/10/2025,
3602944933,NM0028762,0,3600602070,001,EXO,3600657420,A,3600904607,3606351871,01/01/2022,12/31/2026,3,1,00530,"Solids, total suspended",1,,,3610840343,C3,30,19,mg/L,19,mg/L,30,DD,MAX,<=,N,GR,01/07,ENF,3621395408,04/30/2025,GR,01/07,3920700909,C3,3848381213,6,19,mg/L,6,=,07/10/2025,
3602944933,NM0028762,0,3600602070,001,EXO,3600657420,A,3600904607,3606351871,01/01/2022,12/31/2026,3,1,00530,"Solids, total suspended",1,,,3610840341,Q2,,26,lb/d,01,kg/d,,DD,MAX,,N,GR,01/07,ENF,3621395408,04/30/2025,GR,01/07,3920700911,Q2,3848381207,5.53,26,lb/d,2.51061998,=,07/10/2025,
3602944933,NM0028762,0,3600602070,001,EXO,3600657420,A,3600904607,3606351871,01/01/2022,12/31/2026,3,1,00530,"Solids, total suspended",1,,,3610840342,C2,20,19,mg/L,19,mg/L,20,MK,AVG,<=,N,GR,01/07,ENF,3621395408,04/30/2025,GR,01/07,3920700908,C2,3848381210,4.4,19,mg/L,4.4,=,07/10/2025,
3602944933,NM0028762,0,3600602070,001,EXO,3600657420,A,3600904607,3606351871,01/01/2022,12/31/2026,3,1,00530,"Solids, total suspended",1,,,3610840342,C2,20,19,mg/L,19,mg/L,20,MK,AVG,<=,N,GR,01/07,ENF,3621395409,05/31/2025,GR,01/07,3920700919,C2,3848381197,4,19,mg/L,4,=,07/10/2025,
3602944933,NM0028762,0,3600602070,001,EXO,3600657420,A,3600904607,3606351871,01/01/2022,12/31/2026,3,1,00530,"Solids, total suspended",1,,,3610840341,Q2,,26,lb/d,01,kg/d,,DD,MAX,,N,GR,01/07,ENF,3621395409,05/31/2025,GR,01/07,3920700922,Q2,3848381196,5.69,26,lb/d,2.58325998,=,07/10/2025,
3602944933,NM0028762,0,3600602070,001,EXO,3600657420,A,3600904607,3606351871,01/01/2022,12/31/2026,3,1,00530,"Solids, total suspended",1,,,3610840340,Q1,,26,lb/d,01,kg/d,,MK,AVG,,N,GR,01/07,ENF,3621395409,05/31/2025,GR,01/07,3920700921,Q1,3848381195,4.08,26,lb/d,1.85231998,=,07/10/2025,
3602944933,NM0028762,0,3600602070,001,EXO,3600657420,A,3600904607,3606351871,01/01/2022,12/31/2026,3,1,00530,"Solids, total suspended",1,,,3610840343,C3,30,19,mg/L,19,mg/L,30,DD,MAX,<=,N,GR,01/07,ENF,3621395409,05/31/2025,GR,01/07,3920700920,C3,3848381199,4,19,mg/L,4,=,07/10/2025,
3602944933,NM0028762,0,3600602070,001,EXO,3600657420,A,3600904607,3606351871,01/01/2022,12/31/2026,3,1,00530,"Solids, total suspended",1,,,3610840343,C3,30,19,mg/L,19,mg/L,30,DD,MAX,<=,N,GR,01/07,ENF,3621395410,06/30/2025,GR,01/07,3920700931,C3,3848381229,4,19,mg/L,4,=,07/10/2025,
3602944933,NM0028762,0,3600602070,001,EXO,3600657420,A,3600904607,3606351871,01/01/2022,12/31/2026,3,1,00530,"Solids, total suspended",1,,,3610840340,Q1,,26,lb/d,01,kg/d,,MK,AVG,,N,GR,01/07,ENF,3621395410,06/30/2025,GR,01/07,3920700932,Q1,3848381225,4.28,26,lb/d,1.94311998,=,07/10/2025,
3602944933,NM0028762,0,3600602070,001,EXO,3600657420,A,3600904607,3606351871,01/01/2022,12/31/2026,3,1,00530,"Solids, total suspended",1,,,3610840341,Q2,,26,lb/d,01,kg/d,,DD,MAX,,N,GR,01/07,ENF,3621395410,06/30/2025,GR,01/07,3920700933,Q2,3848381226,6.54,26,lb/d,2.96915998,=,07/10/2025,
3602944933,NM0028762,0,3600602070,001,EXO,3600657420,A,3600904607,3606351871,01/01/2022,12/31/2026,3,1,00530,"Solids, total suspended",1,,,3610840342,C2,20,19,mg/L,19,mg/L,20,MK,AVG,<=,N,GR,01/07,ENF,3621395410,06/30/2025,GR,01/07,3920700930,C2,3848381228,4,19,mg/L,4,=,07/10/2025,
3602944933,NM0028762,0,3600602070,001,EXO,3600657420,A,3600904607,3606351871,01/01/2022,12/31/2026,3,1,00530,"Solids, total suspended",1,,,3610840342,C2,20,19,mg/L,19,mg/L,20,MK,AVG,<=,N,GR,01/07,ENF,3621395411,07/31/2025,GR,01/07,3920700941,C2,3855469138,4,19,mg/L,4,=,10/06/2025,
3602944933,NM0028762,0,3600602070,001,EXO,3600657420,A,3600904607,3606351871,01/01/2022,12/31/2026,3,1,00530,"Solids, total suspended",1,,,3610840341,Q2,,26,lb/d,01,kg/d,,DD,MAX,,N,GR,01/07,ENF,3621395411,07/31/2025,GR,01/07,3920700944,Q2,3855469136,7.73,26,lb/d,3.50941997,=,10/06/2025,
3602944933,NM0028762,0,3600602070,001,EXO,3600657420,A,3600904607,3606351871,01/01/2022,12/31/2026,3,1,00530,"Solids, total suspended",1,,,3610840340,Q1,,26,lb/d,01,kg/d,,MK,AVG,,N,GR,01/07,ENF,3621395411,07/31/2025,GR,01/07,3920700943,Q1,3855469134,6.3,26,lb/d,2.86019998,=,10/06/2025,
3602944933,NM0028762,0,3600602070,001,EXO,3600657420,A,3600904607,3606351871,01/01/2022,12/31/2026,3,1,00530,"Solids, total suspended",1,,,3610840343,C3,30,19,mg/L,19,mg/L,30,DD,MAX,<=,N,GR,01/07,ENF,3621395411,07/31/2025,GR,01/07,3920700942,C3,3855469139,4,19,mg/L,4,=,10/06/2025,
3602944933,NM0028762,0,3600602070,001,EXO,3600657420,A,3600904607,3606351871,01/01/2022,12/31/2026,3,1,00530,"Solids, total suspended",1,,,3610840343,C3,30,19,mg/L,19,mg/L,30,DD,MAX,<=,N,GR,01/07,ENF,3621395412,08/31/2025,GR,01/07,3920700953,C3,3855469160,8.8,19,mg/L,8.8,=,10/06/2025,
3602944933,NM0028762,0,3600602070,001,EXO,3600657420,A,3600904607,3606351871,01/01/2022,12/31/2026,3,1,00530,"Solids, total suspended",1,,,3610840340,Q1,,26,lb/d,01,kg/d,,MK,AVG,,N,GR,01/07,ENF,3621395412,08/31/2025,GR,01/07,3920700954,Q1,3855469156,7.07,26,lb/d,3.20977997,=,10/06/2025,
3602944933,NM0028762,0,3600602070,001,EXO,3600657420,A,3600904607,3606351871,01/01/2022,12/31/2026,3,1,00530,"Solids, total suspended",1,,,3610840341,Q2,,26,lb/d,01,kg/d,,DD,MAX,,N,GR,01/07,ENF,3621395412,08/31/2025,GR,01/07,3920700955,Q2,3855469158,18.67,26,lb/d,8.47617993,=,10/06/2025,
3602944933,NM0028762,0,3600602070,001,EXO,3600657420,A,3600904607,3606351871,01/01/2022,12/31/2026,3,1,00530,"Solids, total suspended",1,,,3610840342,C2,20,19,mg/L,19,mg/L,20,MK,AVG,<=,N,GR,01/07,ENF,3621395412,08/31/2025,GR,01/07,3920700952,C2,3855469159,5.8,19,mg/L,5.8,=,10/06/2025,
3602944933,NM0028762,0,3600602070,001,EXO,3600657420,A,3600904607,3606351871,01/01/2022,12/31/2026,3,1,00530,"Solids, total suspended",1,,,3610840342,C2,20,19,mg/L,19,mg/L,20,MK,AVG,<=,N,GR,01/07,ENF,3621395413,09/30/2025,GR,01/07,3920700963,C2,3855469145,5.82,19,mg/L,5.82,=,10/06/2025,
3602944933,NM0028762,0,3600602070,001,EXO,3600657420,A,3600904607,3606351871,01/01/2022,12/31/2026,3,1,00530,"Solids, total suspended",1,,,3610840340,Q1,,26,lb/d,01,kg/d,,MK,AVG,,N,GR,01/07,ENF,3621395413,09/30/2025,GR,01/07,3920700965,Q1,3855469140,7.89,26,lb/d,3.58205997,=,10/06/2025,
3602944933,NM0028762,0,3600602070,001,EXO,3600657420,A,3600904607,3606351871,01/01/2022,12/31/2026,3,1,00530,"Solids, total suspended",1,,,3610840343,C3,30,19,mg/L,19,mg/L,30,DD,MAX,<=,N,GR,01/07,ENF,3621395413,09/30/2025,GR,01/07,3920700964,C3,3855469147,7.6,19,mg/L,7.6,=,10/06/2025,
3602944933,NM0028762,0,3600602070,001,EXO,3600657420,A,3600904607,3606351871,01/01/2022,12/31/2026,3,1,00530,"Solids, total suspended",1,,,3610840341,Q2,,26,lb/d,01,kg/d,,DD,MAX,,N,GR,01/07,ENF,3621395413,09/30/2025,GR,01/07,3920700966,Q2,3855469142,10.92,26,lb/d,4.95767996,=,10/06/2025,
3602878711,NM0020583,0,3600584104,001,EXO,3600645646,A,3600891019,3606350737,12/01/2021,11/30/2026,1,1,00720,"Cyanide, total [as CN]",1,,,3610838794,C3,22,28,ug/L,19,mg/L,.022,DD,MAX,<=,N,GR,02/30,ENF,3621391565,10/31/2024,GR,02/30,3920643750,C3,3831416439,5,28,ug/L,.005,<,11/14/2024,
3602878711,NM0020583,0,3600584104,001,EXO,3600645646,A,3600891019,3606350737,12/01/2021,11/30/2026,1,1,00720,"Cyanide, total [as CN]",1,,,3610838792,Q2,1.225,26,lb/d,01,kg/d,.55615,DD,MAX,<=,N,GR,02/30,ENF,3621391565,10/31/2024,GR,02/30,3920643752,Q2,3831416437,.219,26,lb/d,.099426,<,11/14/2024,
3602878711,NM0020583,0,3600584104,001,EXO,3600645646,A,3600891019,3606350737,12/01/2021,11/30/2026,1,1,00720,"Cyanide, total [as CN]",1,,,3610838793,C2,14.67,28,ug/L,19,mg/L,.01467,3C,AVG,<=,N,GR,02/30,ENF,3621391565,10/31/2024,GR,02/30,3920643749,C2,3831416438,5,28,ug/L,.005,<,11/14/2024,
3602878711,NM0020583,0,3600584104,001,EXO,3600645646,A,3600891019,3606350737,12/01/2021,11/30/2026,1,1,00720,"Cyanide, total [as CN]",1,,,3610838791,Q1,.817,26,lb/d,01,kg/d,.370918,3C,AVG,<=,N,GR,02/30,ENF,3621391565,10/31/2024,GR,02/30,3920643751,Q1,3831416436,.217,26,lb/d,.098518,<,11/14/2024,
3602878711,NM0020583,0,3600584104,001,EXO,3600645646,A,3600891019,3606350737,12/01/2021,11/30/2026,1,1,00720,"Cyanide, total [as CN]",1,,,3610838792,Q2,1.225,26,lb/d,01,kg/d,.55615,DD,MAX,<=,N,GR,02/30,ENF,3621391566,11/30/2024,GR,02/30,3920643756,Q2,3832994565,.183,26,lb/d,.083082,<,12/16/2024,
3602878711,NM0020583,0,3600584104,001,EXO,3600645646,A,3600891019,3606350737,12/01/2021,11/30/2026,1,1,00720,"Cyanide, total [as CN]",1,,,3610838791,Q1,.817,26,lb/d,01,kg/d,.370918,3C,AVG,<=,N,GR,02/30,ENF,3621391566,11/30/2024,GR,02/30,3920643755,Q1,3832994564,.173,26,lb/d,.078542,<,12/16/2024,
3602878711,NM0020583,0,3600584104,001,EXO,3600645646,A,3600891019,3606350737,12/01/2021,11/30/2026,1,1,00720,"Cyanide, total [as CN]",1,,,3610838793,C2,14.67,28,ug/L,19,mg/L,.01467,3C,AVG,<=,N,GR,02/30,ENF,3621391566,11/30/2024,GR,02/30,3920643753,C2,3832994566,5,28,ug/L,.005,<,12/16/2024,
3602878711,NM0020583,0,3600584104,001,EXO,3600645646,A,3600891019,3606350737,12/01/2021,11/30/2026,1,1,00720,"Cyanide, total [as CN]",1,,,3610838794,C3,22,28,ug/L,19,mg/L,.022,DD,MAX,<=,N,GR,02/30,ENF,3621391566,11/30/2024,GR,02/30,3920643754,C3,3832994567,5,28,ug/L,.005,<,12/16/2024,
3602878711,NM0020583,0,3600584104,001,EXO,3600645646,A,3600891019,3606350737,12/01/2021,11/30/2026,1,1,00720,"Cyanide, total [as CN]",1,,,3610838794,C3,22,28,ug/L,19,mg/L,.022,DD,MAX,<=,N,GR,02/30,ENF,3621391567,12/31/2024,GR,02/30,3920643758,C3,3834617625,48,28,ug/L,.048,=,01/15/2025,
3602878711,NM0020583,0,3600584104,001,EXO,3600645646,A,3600891019,3606350737,12/01/2021,11/30/2026,1,1,00720,"Cyanide, total [as CN]",1,,,3610838792,Q2,1.225,26,lb/d,01,kg/d,.55615,DD,MAX,<=,N,GR,02/30,ENF,3621391567,12/31/2024,GR,02/30,3920643760,Q2,3834617623,1.609,26,lb/d,.73048599,=,01/15/2025,
3602878711,NM0020583,0,3600584104,001,EXO,3600645646,A,3600891019,3606350737,12/01/2021,11/30/2026,1,1,00720,"Cyanide, total [as CN]",1,,,3610838791,Q1,.817,26,lb/d,01,kg/d,.370918,3C,AVG,<=,N,GR,02/30,ENF,3621391567,12/31/2024,GR,02/30,3920643759,Q1,3834617622,1.358,26,lb/d,.61653199,=,01/15/2025,
3602878711,NM0020583,0,3600584104,001,EXO,3600645646,A,3600891019,3606350737,12/01/2021,11/30/2026,1,1,00720,"Cyanide, total [as CN]",1,,,3610838793,C2,14.67,28,ug/L,19,mg/L,.01467,3C,AVG,<=,N,GR,02/30,ENF,3621391567,12/31/2024,GR,02/30,3920643757,C2,3834617624,41,28,ug/L,.041,=,01/15/2025,
3602878711,NM0020583,0,3600584104,001,EXO,3600645646,A,3600891019,3606350737,12/01/2021,11/30/2026,1,1,00720,"Cyanide, total [as CN]",1,,,3610838791,Q1,.817,26,lb/d,01,kg/d,.370918,3C,AVG,<=,N,GR,02/30,ENF,3621391568,01/31/2025,GR,02/30,3920643763,Q1,3837049228,1.573,26,lb/d,.71414199,=,02/18/2025,
3602878711,NM0020583,0,3600584104,001,EXO,3600645646,A,3600891019,3606350737,12/01/2021,11/30/2026,1,1,00720,"Cyanide, total [as CN]",1,,,3610838792,Q2,1.225,26,lb/d,01,kg/d,.55615,DD,MAX,<=,N,GR,02/30,ENF,3621391568,01/31/2025,GR,02/30,3920643764,Q2,3837049229,1.73,26,lb/d,.78541999,=,02/18/2025,
3602878711,NM0020583,0,3600584104,001,EXO,3600645646,A,3600891019,3606350737,12/01/2021,11/30/2026,1,1,00720,"Cyanide, total [as CN]",1,,,3610838793,C2,14.67,28,ug/L,19,mg/L,.01467,3C,AVG,<=,N,GR,02/30,ENF,3621391568,01/31/2025,GR,02/30,3920643761,C2,3837049230,59,28,ug/L,.059,=,02/18/2025,
3602878711,NM0020583,0,3600584104,001,EXO,3600645646,A,3600891019,3606350737,12/01/2021,11/30/2026,1,1,00720,"Cyanide, total [as CN]",1,,,3610838794,C3,22,28,ug/L,19,mg/L,.022,DD,MAX,<=,N,GR,02/30,ENF,3621391568,01/31/2025,GR,02/30,3920643762,C3,3837049231,61,28,ug/L,.061,=,02/18/2025,
3602878711,NM0020583,0,3600584104,001,EXO,3600645646,A,3600891019,3606350737,12/01/2021,11/30/2026,1,1,00720,"Cyanide, total [as CN]",1,,,3610838794,C3,22,28,ug/L,19,mg/L,.022,DD,MAX,<=,N,GR,02/30,ENF,3621391569,02/28/2025,GR,02/30,3920643766,C3,3839823729,51,28,ug/L,.051,=,03/14/2025,
3602878711,NM0020583,0,3600584104,001,EXO,3600645646,A,3600891019,3606350737,12/01/2021,11/30/2026,1,1,00720,"Cyanide, total [as CN]",1,,,3610838791,Q1,.817,26,lb/d,01,kg/d,.370918,3C,AVG,<=,N,GR,02/30,ENF,3621391569,02/28/2025,GR,02/30,3920643767,Q1,3839823726,1.577,26,lb/d,.71595799,=,03/14/2025,
3602878711,NM0020583,0,3600584104,001,EXO,3600645646,A,3600891019,3606350737,12/01/2021,11/30/2026,1,1,00720,"Cyanide, total [as CN]",1,,,3610838792,Q2,1.225,26,lb/d,01,kg/d,.55615,DD,MAX,<=,N,GR,02/30,ENF,3621391569,02/28/2025,GR,02/30,3920643768,Q2,3839823727,1.735,26,lb/d,.78768999,=,03/14/2025,
3602878711,NM0020583,0,3600584104,001,EXO,3600645646,A,3600891019,3606350737,12/01/2021,11/30/2026,1,1,00720,"Cyanide, total [as CN]",1,,,3610838793,C2,14.67,28,ug/L,19,mg/L,.01467,3C,AVG,<=,N,GR,02/30,ENF,3621391569,02/28/2025,GR,02/30,3920643765,C2,3839823728,46,28,ug/L,.046,=,03/14/2025,
3602878711,NM0020583,0,3600584104,001,EXO,3600645646,A,3600891019,3606350737,12/01/2021,11/30/2026,1,1,00720,"Cyanide, total [as CN]",1,,,3610838791,Q1,.817,26,lb/d,01,kg/d,.370918,3C,AVG,<=,N,GR,02/30,ENF,3621391570,03/31/2025,GR,02/30,3920643771,Q1,3840988765,1.607,26,lb/d,.72957799,=,04/11/2025,
3602878711,NM0020583,0,3600584104,001,EXO,3600645646,A,3600891019,3606350737,12/01/2021,11/30/2026,1,1,00720,"Cyanide, total [as CN]",1,,,3610838792,Q2,1.225,26,lb/d,01,kg/d,.55615,DD,MAX,<=,N,GR,02/30,ENF,3621391570,03/31/2025,GR,02/30,3920643772,Q2,3840988766,1.743,26,lb/d,.79132199,=,04/11/2025,
3602878711,NM0020583,0,3600584104,001,EXO,3600645646,A,3600891019,3606350737,12/01/2021,11/30/2026,1,1,00720,"Cyanide, total [as CN]",1,,,3610838793,C2,14.67,28,ug/L,19,mg/L,.01467,3C,AVG,<=,N,GR,02/30,ENF,3621391570,03/31/2025,GR,02/30,3920643769,C2,3840988767,45.5,28,ug/L,.0455,=,04/11/2025,
3602878711,NM0020583,0,3600584104,001,EXO,3600645646,A,3600891019,3606350737,12/01/2021,11/30/2026,1,1,00720,"Cyanide, total [as CN]",1,,,3610838794,C3,22,28,ug/L,19,mg/L,.022,DD,MAX,<=,N,GR,02/30,ENF,3621391570,03/31/2025,GR,02/30,3920643770,C3,3840988768,50,28,ug/L,.05,=,04/11/2025,
3602878711,NM0020583,0,3600584104,001,EXO,3600645646,A,3600891019,3606350737,12/01/2021,11/30/2026,1,1,00720,"Cyanide, total [as CN]",1,,,3610838794,C3,22,28,ug/L,19,mg/L,.022,DD,MAX,<=,N,GR,02/30,ENF,3621391571,04/30/2025,GR,02/30,3920643774,C3,3845625289,5,28,ug/L,.005,<,05/15/2025,
3602878711,NM0020583,0,3600584104,001,EXO,3600645646,A,3600891019,3606350737,12/01/2021,11/30/2026,1,1,00720,"Cyanide, total [as CN]",1,,,3610838793,C2,14.67,28,ug/L,19,mg/L,.01467,3C,AVG,<=,N,GR,02/30,ENF,3621391571,04/30/2025,GR,02/30,3920643773,C2,3845625288,5,28,ug/L,.005,<,05/15/2025,
3602878711,NM0020583,0,3600584104,001,EXO,3600645646,A,3600891019,3606350737,12/01/2021,11/30/2026,1,1,00720,"Cyanide, total [as CN]",1,,,3610838792,Q2,1.225,26,lb/d,01,kg/d,.55615,DD,MAX,<=,N,GR,02/30,ENF,3621391571,04/30/2025,GR,02/30,3920643776,Q2,3845625287,.193,26,lb/d,.087622,<,05/15/2025,
3602878711,NM0020583,0,3600584104,001,EXO,3600645646,A,3600891019,3606350737,12/01/2021,11/30/2026,1,1,00720,"Cyanide, total [as CN]",1,,,3610838791,Q1,.817,26,lb/d,01,kg/d,.370918,3C,AVG,<=,N,GR,02/30,ENF,3621391571,04/30/2025,GR,02/30,3920643775,Q1,3845625286,.188,26,lb/d,.085352,<,05/15/2025,
3602878711,NM0020583,0,3600584104,001,EXO,3600645646,A,3600891019,3606350737,12/01/2021,11/30/2026,1,1,00720,"Cyanide, total [as CN]",1,,,3610838792,Q2,1.225,26,lb/d,01,kg/d,.55615,DD,MAX,<=,N,GR,02/30,ENF,3621391572,05/31/2025,GR,02/30,3920643780,Q2,3847188360,.214,26,lb/d,.097156,=,06/11/2025,
3602878711,NM0020583,0,3600584104,001,EXO,3600645646,A,3600891019,3606350737,12/01/2021,11/30/2026,1,1,00720,"Cyanide, total [as CN]",1,,,3610838791,Q1,.817,26,lb/d,01,kg/d,.370918,3C,AVG,<=,N,GR,02/30,ENF,3621391572,05/31/2025,GR,02/30,3920643779,Q1,3847188359,.139,26,lb/d,.063106,=,06/11/2025,
3602878711,NM0020583,0,3600584104,001,EXO,3600645646,A,3600891019,3606350737,12/01/2021,11/30/2026,1,1,00720,"Cyanide, total [as CN]",1,,,3610838793,C2,14.67,28,ug/L,19,mg/L,.01467,3C,AVG,<=,N,GR,02/30,ENF,3621391572,05/31/2025,GR,02/30,3920643777,C2,3847188361,3.233,28,ug/L,.003233,<,06/11/2025,
3602878711,NM0020583,0,3600584104,001,EXO,3600645646,A,3600891019,3606350737,12/01/2021,11/30/2026,1,1,00720,"Cyanide, total [as CN]",1,,,3610838794,C3,22,28,ug/L,19,mg/L,.022,DD,MAX,<=,N,GR,02/30,ENF,3621391572,05/31/2025,GR,02/30,3920643778,C3,3847188362,5,28,ug/L,.005,<,06/11/2025,
3602878711,NM0020583,0,3600584104,001,EXO,3600645646,A,3600891019,3606350737,12/01/2021,11/30/2026,1,1,00720,"Cyanide, total [as CN]",1,,,3610838794,C3,22,28,ug/L,19,mg/L,.022,DD,MAX,<=,N,GR,02/30,ENF,3621391573,06/30/2025,GR,02/30,3920643782,C3,3848301360,11,28,ug/L,.011,=,07/08/2025,
3602878711,NM0020583,0,3600584104,001,EXO,3600645646,A,3600891019,3606350737,12/01/2021,11/30/2026,1,1,00720,"Cyanide, total [as CN]",1,,,3610838793,C2,14.67,28,ug/L,19,mg/L,.01467,3C,AVG,<=,N,GR,02/30,ENF,3621391573,06/30/2025,GR,02/30,3920643781,C2,3848301359,11,28,ug/L,.011,<,07/08/2025,
3602878711,NM0020583,0,3600584104,001,EXO,3600645646,A,3600891019,3606350737,12/01/2021,11/30/2026,1,1,00720,"Cyanide, total [as CN]",1,,,3610838792,Q2,1.225,26,lb/d,01,kg/d,.55615,DD,MAX,<=,N,GR,02/30,ENF,3621391573,06/30/2025,GR,02/30,3920643784,Q2,3848301358,.475,26,lb/d,.21565,=,07/08/2025,
3602878711,NM0020583,0,3600584104,001,EXO,3600645646,A,3600891019,3606350737,12/01/2021,11/30/2026,1,1,00720,"Cyanide, total [as CN]",1,,,3610838791,Q1,.817,26,lb/d,01,kg/d,.370918,3C,AVG,<=,N,GR,02/30,ENF,3621391573,06/30/2025,GR,02/30,3920643783,Q1,3848301357,.348,26,lb/d,.157992,=,07/08/2025,
3602878711,NM0020583,0,3600584104,001,EXO,3600645646,A,3600891019,3606350737,12/01/2021,11/30/2026,1,1,00720,"Cyanide, total [as CN]",1,,,3610838792,Q2,1.225,26,lb/d,01,kg/d,.55615,DD,MAX,<=,N,GR,02/30,ENF,3621391574,07/31/2025,GR,02/30,3920643788,Q2,3851430861,2.879,26,lb/d,1.30706599,=,08/18/2025,
3602878711,NM0020583,0,3600584104,001,EXO,3600645646,A,3600891019,3606350737,12/01/2021,11/30/2026,1,1,00720,"Cyanide, total [as CN]",1,,,3610838791,Q1,.817,26,lb/d,01,kg/d,.370918,3C,AVG,<=,N,GR,02/30,ENF,3621391574,07/31/2025,GR,02/30,3920643787,Q1,3851430860,1.546,26,lb/d,.70188399,=,08/18/2025,
3602878711,NM0020583,0,3600584104,001,EXO,3600645646,A,3600891019,3606350737,12/01/2021,11/30/2026,1,1,00720,"Cyanide, total [as CN]",1,,,3610838793,C2,14.67,28,ug/L,19,mg/L,.01467,3C,AVG,<=,N,GR,02/30,ENF,3621391574,07/31/2025,GR,02/30,3920643785,C2,3851430862,31.7,28,ug/L,.0317,=,08/18/2025,
3602878711,NM0020583,0,3600584104,001,EXO,3600645646,A,3600891019,3606350737,12/01/2021,11/30/2026,1,1,00720,"Cyanide, total [as CN]",1,,,3610838794,C3,22,28,ug/L,19,mg/L,.022,DD,MAX,<=,N,GR,02/30,ENF,3621391574,07/31/2025,GR,02/30,3920643786,C3,3851430863,59,28,ug/L,.059,=,08/18/2025,
3602878711,NM0020583,0,3600584104,001,EXO,3600645646,A,3600891019,3606350737,12/01/2021,11/30/2026,1,1,00720,"Cyanide, total [as CN]",1,,,3610838794,C3,22,28,ug/L,19,mg/L,.022,DD,MAX,<=,N,GR,02/30,ENF,3621391575,08/31/2025,GR,02/30,3920643790,C3,3853940579,4.2,28,ug/L,.0042,=,09/15/2025,
3602878711,NM0020583,0,3600584104,001,EXO,3600645646,A,3600891019,3606350737,12/01/2021,11/30/2026,1,1,00720,"Cyanide, total [as CN]",1,,,3610838793,C2,14.67,28,ug/L,19,mg/L,.01467,3C,AVG,<=,N,GR,02/30,ENF,3621391575,08/31/2025,GR,02/30,3920643789,C2,3853940577,3.95,28,ug/L,.00395,=,09/15/2025,
3602878711,NM0020583,0,3600584104,001,EXO,3600645646,A,3600891019,3606350737,12/01/2021,11/30/2026,1,1,00720,"Cyanide, total [as CN]",1,,,3610838791,Q1,.817,26,lb/d,01,kg/d,.370918,3C,AVG,<=,N,GR,02/30,ENF,3621391575,08/31/2025,GR,02/30,3920643791,Q1,3853940574,.194,26,lb/d,.088076,=,09/15/2025,
3602878711,NM0020583,0,3600584104,001,EXO,3600645646,A,3600891019,3606350737,12/01/2021,11/30/2026,1,1,00720,"Cyanide, total [as CN]",1,,,3610838792,Q2,1.225,26,lb/d,01,kg/d,.55615,DD,MAX,<=,N,GR,02/30,ENF,3621391575,08/31/2025,GR,02/30,3920643792,Q2,3853940575,.207,26,lb/d,.093978,=,09/15/2025,
3602878711,NM0020583,0,3600584104,001,EXO,3600645646,A,3600891019,3606350737,12/01/2021,11/30/2026,1,1,00720,"Cyanide, total [as CN]",1,,,3610838791,Q1,.817,26,lb/d,01,kg/d,.370918,3C,AVG,<=,N,GR,02/30,ENF,3621391576,09/30/2025,GR,02/30,3920643795,Q1,3855797850,0,26,lb/d,0,=,10/14/2025,
3602878711,NM0020583,0,3600584104,001,EXO,3600645646,A,3600891019,3606350737,12/01/2021,11/30/2026,1,1,00720,"Cyanide, total [as CN]",1,,,3610838793,C2,14.67,28,ug/L,19,mg/L,.01467,3C,AVG,<=,N,GR,02/30,ENF,3621391576,09/30/2025,GR,02/30,3920643793,C2,3855797852,0,28,ug/L,0,=,10/14/2025,
3602878711,NM0020583,0,3600584104,001,EXO,3600645646,A,3600891019,3606350737,12/01/2021,11/30/2026,1,1,00720,"Cyanide, total [as CN]",1,,,3610838792,Q2,1.225,26,lb/d,01,kg/d,.55615,DD,MAX,<=,N,GR,02/30,ENF,3621391576,09/30/2025,GR,02/30,3920643796,Q2,3855797851,0,26,lb/d,0,=,10/14/2025,
3602878711,NM0020583,0,3600584104,001,EXO,3600645646,A,3600891019,3606350737,12/01/2021,11/30/2026,1,1,00720,"Cyanide, total [as CN]",1,,,3610838794,C3,22,28,ug/L,19,mg/L,.022,DD,MAX,<=,N,GR,02/30,ENF,3621391576,09/30/2025,GR,02/30,3920643794,C3,3855797853,0,28,ug/L,0,=,10/14/2025,
3602720951,NM0000116,0,3600545262,001,EXO,3600598928,A,3600833510,3605908068,06/01/2021,05/31/2026,3,1,00900,"Hardness, total [as CaCO3]",1,,,3610129870,C3,,19,mg/L,19,mg/L,,DD,MAX,,N,GR,01/07,ENF,3619518333,10/31/2024,,,3896611087,C3,3835977371,,,,,,01/28/2025,C
3602720951,NM0000116,0,3600545262,001,EXO,3600598928,A,3600833510,3605908068,06/01/2021,05/31/2026,3,1,00900,"Hardness, total [as CaCO3]",1,,,3610129870,C3,,19,mg/L,19,mg/L,,DD,MAX,,N,GR,01/07,ENF,3619518334,11/30/2024,,,3896611096,C3,3835977378,,,,,,01/28/2025,C
3602720951,NM0000116,0,3600545262,001,EXO,3600598928,A,3600833510,3605908068,06/01/2021,05/31/2026,3,1,00900,"Hardness, total [as CaCO3]",1,,,3610129870,C3,,19,mg/L,19,mg/L,,DD,MAX,,N,GR,01/07,ENF,3619518335,12/31/2024,,,3896611105,C3,3835977382,,,,,,01/28/2025,C
3602720951,NM0000116,0,3600545262,001,EXO,3600598928,A,3600833510,3605908068,06/01/2021,05/31/2026,3,1,00900,"Hardness, total [as CaCO3]",1,,,3610129870,C3,,19,mg/L,19,mg/L,,DD,MAX,,N,GR,01/07,ENF,3619518336,01/31/2025,,,3896611114,C3,3842360848,,,,,,04/28/2025,C
3602720951,NM0000116,0,3600545262,001,EXO,3600598928,A,3600833510,3605908068,06/01/2021,05/31/2026,3,1,00900,"Hardness, total [as CaCO3]",1,,,3610129870,C3,,19,mg/L,19,mg/L,,DD,MAX,,N,GR,01/07,ENF,3619518337,02/28/2025,,,3896611123,C3,3842360899,,,,,,04/28/2025,C
3602720951,NM0000116,0,3600545262,001,EXO,3600598928,A,3600833510,3605908068,06/01/2021,05/31/2026,3,1,00900,"Hardness, total [as CaCO3]",1,,,3610129870,C3,,19,mg/L,19,mg/L,,DD,MAX,,N,GR,01/07,ENF,3619518338,03/31/2025,,,3896611132,C3,3842360831,,,,,,04/28/2025,C
3602720951,NM0000116,0,3600545262,001,EXO,3600598928,A,3600833510,3605908068,06/01/2021,05/31/2026,3,1,00900,"Hardness, total [as CaCO3]",1,,,3610129870,C3,,19,mg/L,19,mg/L,,DD,MAX,,N,GR,01/07,ENF,3619518339,04/30/2025,,,3896611141,C3,3850068767,,,,,,07/28/2025,C
3602720951,NM0000116,0,3600545262,001,EXO,3600598928,A,3600833510,3605908068,06/01/2021,05/31/2026,3,1,00900,"Hardness, total [as CaCO3]",1,,,3610129870,C3,,19,mg/L,19,mg/L,,DD,MAX,,N,GR,01/07,ENF,3619518340,05/31/2025,,,3896611150,C3,3850068766,,,,,,07/28/2025,C
3602720951,NM0000116,0,3600545262,001,EXO,3600598928,A,3600833510,3605908068,06/01/2021,05/31/2026,3,1,00900,"Hardness, total [as CaCO3]",1,,,3610129870,C3,,19,mg/L,19,mg/L,,DD,MAX,,N,GR,01/07,ENF,3619518341,06/30/2025,,,3896611159,C3,3850068774,,,,,,07/28/2025,C
3602720951,NM0000116,0,3600545262,001,EXO,3600598928,A,3600833510,3605908068,06/01/2021,05/31/2026,3,1,00900,"Hardness, total [as CaCO3]",1,,,3610129870,C3,,19,mg/L,19,mg/L,,DD,MAX,,N,GR,01/07,ENF,3619518342,07/31/2025,GR,01/07,3896611168,C3,3856101775,200,19,mg/L,200,=,10/17/2025,
3602720951,NM0000116,0,3600545262,001,EXO,3600598928,A,3600833510,3605908068,06/01/2021,05/31/2026,3,1,00900,"Hardness, total [as CaCO3]",1,,,3610129870,C3,,19,mg/L,19,mg/L,,DD,MAX,,N,GR,01/07,ENF,3619518343,08/31/2025,,,3896611177,C3,3856101751,,,,,,10/17/2025,C
3602720951,NM0000116,0,3600545262,001,EXO,3600598928,A,3600833510,3605908068,06/01/2021,05/31/2026,3,1,00900,"Hardness, total [as CaCO3]",1,,,3610129870,C3,,19,mg/L,19,mg/L,,DD,MAX,,N,GR,01/07,ENF,3619518344,09/30/2025,GR,01/07,3896611186,C3,3856101768,220,19,mg/L,220,=,10/17/2025,
