application_key,facility,outfall,parameter,monitoring_period,reported_value,numeric_limit,applicable_requirement,comparison_status,monitoring_status,unresolved_reason,evidence_status,nodi_code,has_reported_value,is_numeric_comparison_candidate,monitoring_condition,pass_fail_reported
measurement:dmr_form_value_id=3896611084,NM0000116,001,00400,2024-10-31,,6,permit_limit_row:limit_set_schedule_id=3600833510|limit_value_id=3610129865,UNRESOLVED_SEMANTIC,FREQUENCY_UNINTERPRETED,limit_sample_type_code;monitoring_frequency_code;nodi_code_semantics,UNRESOLVED_SEMANTIC,C,0,0,,
measurement:dmr_form_value_id=3896611085,NM0000116,001,00400,2024-10-31,,9,permit_limit_row:limit_set_schedule_id=3600833510|limit_value_id=3610129864,UNRESOLVED_SEMANTIC,FREQUENCY_UNINTERPRETED,limit_sample_type_code;monitoring_frequency_code;nodi_code_semantics,UNRESOLVED_SEMANTIC,C,0,0,,
measurement:dmr_form_value_id=3896611093,NM0000116,001,00400,2024-11-30,,6,permit_limit_row:limit_set_schedule_id=3600833510|limit_value_id=3610129865,UNRESOLVED_SEMANTIC,FREQUENCY_UNINTERPRETED,limit_sample_type_code;monitoring_frequency_code;nodi_code_semantics,UNRESOLVED_SEMANTIC,C,0,0,,
measurement:dmr_form_value_id=3896611094,NM0000116,001,00400,2024-11-30,,9,permit_limit_row:limit_set_schedule_id=3600833510|limit_value_id=3610129864,UNRESOLVED_SEMANTIC,FREQUENCY_UNINTERPRETED,limit_sample_type_code;monitoring_frequency_code;nodi_code_semantics,UNRESOLVED_SEMANTIC,C,0,0,,
measurement:dmr_form_value_id=3896611102,NM0000116,001,00400,2024-12-31,,6,permit_limit_row:limit_set_schedule_id=3600833510|limit_value_id=3610129865,UNRESOLVED_SEMANTIC,FREQUENCY_UNINTERPRETED,limit_sample_type_code;monitoring_frequency_code;nodi_code_semantics,UNRESOLVED_SEMANTIC,C,0,0,,
measurement:dmr_form_value_id=3896611103,NM0000116,001,00400,2024-12-31,,9,permit_limit_row:limit_set_schedule_id=3600833510|limit_value_id=3610129864,UNRESOLVED_SEMANTIC,FREQUENCY_UNINTERPRETED,limit_sample_type_code;monitoring_frequency_code;nodi_code_semantics,UNRESOLVED_SEMANTIC,C,0,0,,
measurement:dmr_form_value_id=3896611111,NM0000116,001,00400,2025-01-31,,6,permit_limit_row:limit_set_schedule_id=3600833510|limit_value_id=3610129865,UNRESOLVED_SEMANTIC,FREQUENCY_UNINTERPRETED,limit_sample_type_code;monitoring_frequency_code;nodi_code_semantics,UNRESOLVED_SEMANTIC,C,0,0,,
measurement:dmr_form_value_id=3896611112,NM0000116,001,00400,2025-01-31,,9,permit_limit_row:limit_set_schedule_id=3600833510|limit_value_id=3610129864,UNRESOLVED_SEMANTIC,FREQUENCY_UNINTERPRETED,limit_sample_type_code;monitoring_frequency_code;nodi_code_semantics,UNRESOLVED_SEMANTIC,C,0,0,,
measurement:dmr_form_value_id=3896611120,NM0000116,001,00400,2025-02-28,,6,permit_limit_row:limit_set_schedule_id=3600833510|limit_value_id=3610129865,UNRESOLVED_SEMANTIC,FREQUENCY_UNINTERPRETED,limit_sample_type_code;monitoring_frequency_code;nodi_code_semantics,UNRESOLVED_SEMANTIC,C,0,0,,
measurement:dmr_form_value_id=3896611121,NM0000116,001,00400,2025-02-28,,9,permit_limit_row:limit_set_schedule_id=3600833510|limit_value_id=3610129864,UNRESOLVED_SEMANTIC,FREQUENCY_UNINTERPRETED,limit_sample_type_code;monitoring_frequency_code;nodi_code_semantics,UNRESOLVED_SEMANTIC,C,0,0,,
measurement:dmr_form_value_id=3896611129,NM0000116,001,00400,2025-03-31,,6,permit_limit_row:limit_set_schedule_id=3600833510|limit_value_id=3610129865,UNRESOLVED_SEMANTIC,FREQUENCY_UNINTERPRETED,limit_sample_type_code;monitoring_frequency_code;nodi_code_semantics,UNRESOLVED_SEMANTIC,C,0,0,,
measurement:dmr_form_value_id=3896611130,NM0000116,001,00400,2025-03-31,,9,permit_limit_row:limit_set_schedule_id=3600833510|limit_value_id=3610129864,UNRESOLVED_SEMANTIC,FREQUENCY_UNINTERPRETED,limit_sample_type_code;monitoring_frequency_code;nodi_code_semantics,UNRESOLVED_SEMANTIC,C,0,0,,
measurement:dmr_form_value_id=3896611138,NM0000116,001,00400,2025-04-30,,6,permit_limit_row:limit_set_schedule_id=3600833510|limit_value_id=3610129865,UNRESOLVED_SEMANTIC,FREQUENCY_UNINTERPRETED,limit_sample_type_code;monitoring_frequency_code;nodi_code_semantics,UNRESOLVED_SEMANTIC,C,0,0,,
measurement:dmr_form_value_id=3896611139,NM0000116,001,00400,2025-04-30,,9,permit_limit_row:limit_set_schedule_id=3600833510|limit_value_id=3610129864,UNRESOLVED_SEMANTIC,FREQUENCY_UNINTERPRETED,limit_sample_type_code;monitoring_frequency_code;nodi_code_semantics,UNRESOLVED_SEMANTIC,C,0,0,,
measurement:dmr_form_value_id=3896611147,NM0000116,001,00400,2025-05-31,,6,permit_limit_row:limit_set_schedule_id=3600833510|limit_value_id=3610129865,UNRESOLVED_SEMANTIC,FREQUENCY_UNINTERPRETED,limit_sample_type_code;monitoring_frequency_code;nodi_code_semantics,UNRESOLVED_SEMANTIC,C,0,0,,
measurement:dmr_form_value_id=3896611148,NM0000116,001,00400,2025-05-31,,9,permit_limit_row:limit_set_schedule_id=3600833510|limit_value_id=3610129864,UNRESOLVED_SEMANTIC,FREQUENCY_UNINTERPRETED,limit_sample_type_code;monitoring_frequency_code;nodi_code_semantics,UNRESOLVED_SEMANTIC,C,0,0,,
measurement:dmr_form_value_id=3896611156,NM0000116,001,00400,2025-06-30,,6,permit_limit_row:limit_set_schedule_id=3600833510|limit_value_id=3610129865,UNRESOLVED_SEMANTIC,FREQUENCY_UNINTERPRETED,limit_sample_type_code;monitoring_frequency_code;nodi_code_semantics,UNRESOLVED_SEMANTIC,C,0,0,,
measurement:dmr_form_value_id=3896611157,NM0000116,001,00400,2025-06-30,,9,permit_limit_row:limit_set_schedule_id=3600833510|limit_value_id=3610129864,UNRESOLVED_SEMANTIC,FREQUENCY_UNINTERPRETED,limit_sample_type_code;monitoring_frequency_code;nodi_code_semantics,UNRESOLVED_SEMANTIC,C,0,0,,
measurement:dmr_form_value_id=3896611165,NM0000116,001,00400,2025-07-31,8,6,permit_limit_row:limit_set_schedule_id=3600833510|limit_value_id=3610129865,WITHIN_LIMIT,FREQUENCY_UNINTERPRETED,limit_sample_type_code;monitoring_frequency_code,DETERMINATE,,1,1,,
measurement:dmr_form_value_id=3896611166,NM0000116,001,00400,2025-07-31,8,9,permit_limit_row:limit_set_schedule_id=3600833510|limit_value_id=3610129864,WITHIN_LIMIT,FREQUENCY_UNINTERPRETED,limit_sample_type_code;monitoring_frequency_code,DETERMINATE,,1,1,,
measurement:dmr_form_value_id=3896611174,NM0000116,001,00400,2025-08-31,,6,permit_limit_row:limit_set_schedule_id=3600833510|limit_value_id=3610129865,UNRESOLVED_SEMANTIC,FREQUENCY_UNINTERPRETED,limit_sample_type_code;monitoring_frequency_code;nodi_code_semantics,UNRESOLVED_SEMANTIC,C,0,0,,
measurement:dmr_form_value_id=3896611175,NM0000116,001,00400,2025-08-31,,9,permit_limit_row:limit_set_schedule_id=3600833510|limit_value_id=3610129864,UNRESOLVED_SEMANTIC,FREQUENCY_UNINTERPRETED,limit_sample_type_code;monitoring_frequency_code;nodi_code_semantics,UNRESOLVED_SEMANTIC,C,0,0,,
measurement:dmr_form_value_id=3896611183,NM0000116,001,00400,2025-09-30,8.4,6,permit_limit_row:limit_set_schedule_id=3600833510|limit_value_id=3610129865,WITHIN_LIMIT,FREQUENCY_UNINTERPRETED,limit_sample_type_code;monitoring_frequency_code,DETERMINATE,,1,1,,
measurement:dmr_form_value_id=3896611184,NM0000116,001,00400,2025-09-30,8.4,9,permit_limit_row:limit_set_schedule_id=3600833510|limit_value_id=3610129864,WITHIN_LIMIT,FREQUENCY_UNINTERPRETED,limit_sample_type_code;monitoring_frequency_code,DETERMINATE,,1,1,,
measurement:dmr_form_value_id=3896611086,NM0000116,001,00530,2024-10-31,,50,permit_limit_row:limit_set_schedule_id=3600833510|limit_value_id=3610129867,UNRESOLVED_SEMANTIC,FREQUENCY_UNINTERPRETED,limit_sample_type_code;monitoring_frequency_code;nodi_code_semantics,UNRESOLVED_SEMANTIC,C,0,0,,
measurement:dmr_form_value_id=3896612767,NM0000116,001,00530,2024-10-31,,,permit_limit_row:limit_set_schedule_id=3600833510|limit_value_id=3610129901,UNRESOLVED_SEMANTIC,FREQUENCY_UNINTERPRETED,limit_sample_type_code;monitoring_frequency_code;nodi_code_semantics,UNRESOLVED_SEMANTIC,C,0,0,,
measurement:dmr_form_value_id=3896611095,NM0000116,001,00530,2024-11-30,,50,permit_limit_row:limit_set_schedule_id=3600833510|limit_value_id=3610129867,UNRESOLVED_SEMANTIC,FREQUENCY_UNINTERPRETED,limit_sample_type_code;monitoring_frequency_code;nodi_code_semantics,UNRESOLVED_SEMANTIC,C,0,0,,
measurement:dmr_form_value_id=3896612768,NM0000116,001,00530,2024-11-30,,,permit_limit_row:limit_set_schedule_id=3600833510|limit_value_id=3610129901,UNRESOLVED_SEMANTIC,FREQUENCY_UNINTERPRETED,limit_sample_type_code;monitoring_frequency_code;nodi_code_semantics,UNRESOLVED_SEMANTIC,C,0,0,,
measurement:dmr_form_value_id=3896611104,NM0000116,001,00530,2024-12-31,,50,permit_limit_row:limit_set_schedule_id=3600833510|limit_value_id=3610129867,UNRESOLVED_SEMANTIC,FREQUENCY_UNINTERPRETED,limit_sample_type_code;monitoring_frequency_code;nodi_code_semantics,UNRESOLVED_SEMANTIC,C,0,0,,
measurement:dmr_form_value_id=3896612769,NM0000116,001,00530,2024-12-31,,,permit_limit_row:limit_set_schedule_id=3600833510|limit_value_id=3610129901,UNRESOLVED_SEMANTIC,FREQUENCY_UNINTERPRETED,limit_sample_type_code;monitoring_frequency_code;nodi_code_semantics,UNRESOLVED_SEMANTIC,C,0,0,,
measurement:dmr_form_value_id=3896611113,NM0000116,001,00530,2025-01-31,,50,permit_limit_row:limit_set_schedule_id=3600833510|limit_value_id=3610129867,UNRESOLVED_SEMANTIC,FREQUENCY_UNINTERPRETED,limit_sample_type_code;monitoring_frequency_code;nodi_code_semantics,UNRESOLVED_SEMANTIC,C,0,0,,
measurement:dmr_form_value_id=3896612770,NM0000116,001,00530,2025-01-31,,,permit_limit_row:limit_set_schedule_id=3600833510|limit_value_id=3610129901,UNRESOLVED_SEMANTIC,FREQUENCY_UNINTERPRETED,limit_sample_type_code;monitoring_frequency_code;nodi_code_semantics,UNRESOLVED_SEMANTIC,C,0,0,,
measurement:dmr_form_value_id=3896611122,NM0000116,001,00530,2025-02-28,,50,permit_limit_row:limit_set_schedule_id=3600833510|limit_value_id=3610129867,UNRESOLVED_SEMANTIC,FREQUENCY_UNINTERPRETED,limit_sample_type_code;monitoring_frequency_code;nodi_code_semantics,UNRESOLVED_SEMANTIC,C,0,0,,
measurement:dmr_form_value_id=3896612771,NM0000116,001,00530,2025-02-28,,,permit_limit_row:limit_set_schedule_id=3600833510|limit_value_id=3610129901,UNRESOLVED_SEMANTIC,FREQUENCY_UNINTERPRETED,limit_sample_type_code;monitoring_frequency_code;nodi_code_semantics,UNRESOLVED_SEMANTIC,C,0,0,,
measurement:dmr_form_value_id=3896611131,NM0000116,001,00530,2025-03-31,,50,permit_limit_row:limit_set_schedule_id=3600833510|limit_value_id=3610129867,UNRESOLVED_SEMANTIC,FREQUENCY_UNINTERPRETED,limit_sample_type_code;monitoring_frequency_code;nodi_code_semantics,UNRESOLVED_SEMANTIC,C,0,0,,
measurement:dmr_form_value_id=3896612772,NM0000116,001,00530,2025-03-31,,,permit_limit_row:limit_set_schedule_id=3600833510|limit_value_id=3610129901,UNRESOLVED_SEMANTIC,FREQUENCY_UNINTERPRETED,limit_sample_type_code;monitoring_frequency_code;nodi_code_semantics,UNRESOLVED_SEMANTIC,C,0,0,,
measurement:dmr_form_value_id=3896611140,NM0000116,001,00530,2025-04-30,,50,permit_limit_row:limit_set_schedule_id=3600833510|limit_value_id=3610129867,UNRESOLVED_SEMANTIC,FREQUENCY_UNINTERPRETED,limit_sample_type_code;monitoring_frequency_code;nodi_code_semantics,UNRESOLVED_SEMANTIC,C,0,0,,
measurement:dmr_form_value_id=3896612773,NM0000116,001,00530,2025-04-30,,,permit_limit_row:limit_set_schedule_id=3600833510|limit_value_id=3610129901,UNRESOLVED_SEMANTIC,FREQUENCY_UNINTERPRETED,limit_sample_type_code;monitoring_frequency_code;nodi_code_semantics,UNRESOLVED_SEMANTIC,C,0,0,,
measurement:dmr_form_value_id=3896611149,NM0000116,001,00530,2025-05-31,,50,permit_limit_row:limit_set_schedule_id=3600833510|limit_value_id=3610129867,UNRESOLVED_SEMANTIC,FREQUENCY_UNINTERPRETED,limit_sample_type_code;monitoring_frequency_code;nodi_code_semantics,UNRESOLVED_SEMANTIC,C,0,0,,
measurement:dmr_form_value_id=3896612774,NM0000116,001,00530,2025-05-31,,,permit_limit_row:limit_set_schedule_id=3600833510|limit_value_id=3610129901,UNRESOLVED_SEMANTIC,FREQUENCY_UNINTERPRETED,limit_sample_type_code;monitoring_frequency_code;nodi_code_semantics,UNRESOLVED_SEMANTIC,C,0,0,,
measurement:dmr_form_value_id=3896611158,NM0000116,001,00530,2025-06-30,,50,permit_limit_row:limit_set_schedule_id=3600833510|limit_value_id=3610129867,UNRESOLVED_SEMANTIC,FREQUENCY_UNINTERPRETED,limit_sample_type_code;monitoring_frequency_code;nodi_code_semantics,UNRESOLVED_SEMANTIC,C,0,0,,
measurement:dmr_form_value_id=3896612775,NM0000116,001,00530,2025-06-30,,,permit_limit_row:limit_set_schedule_id=3600833510|limit_value_id=3610129901,UNRESOLVED_SEMANTIC,FREQUENCY_UNINTERPRETED,limit_sample_type_code;monitoring_frequency_code;nodi_code_semantics,UNRESOLVED_SEMANTIC,C,0,0,,
measurement:dmr_form_value_id=3896611167,NM0000116,001,00530,2025-07-31,0,50,permit_limit_row:limit_set_schedule_id=3600833510|limit_value_id=3610129867,WITHIN_LIMIT,FREQUENCY_UNINTERPRETED,limit_sample_type_code;monitoring_frequency_code,DETERMINATE,,1,1,,
measurement:dmr_form_value_id=3896612776,NM0000116,001,00530,2025-07-31,0,,permit_limit_row:limit_set_schedule_id=3600833510|limit_value_id=3610129901,NOT_NUMERIC_CANDIDATE,FREQUENCY_UNINTERPRETED,limit_sample_type_code;monitoring_frequency_code,NOT_ESTABLISHED,,1,0,,
measurement:dmr_form_value_id=3896611176,NM0000116,001,00530,2025-08-31,,50,permit_limit_row:limit_set_schedule_id=3600833510|limit_value_id=3610129867,UNRESOLVED_SEMANTIC,FREQUENCY_UNINTERPRETED,limit_sample_type_code;monitoring_frequency_code;nodi_code_semantics,UNRESOLVED_SEMANTIC,C,0,0,,
measurement:dmr_form_value_id=3896612777,NM0000116,001,00530,2025-08-31,,,permit_limit_row:limit_set_schedule_id=3600833510|limit_value_id=3610129901,UNRESOLVED_SEMANTIC,FREQUENCY_UNINTERPRETED,limit_sample_type_code;monitoring_frequency_code;nodi_code_semantics,UNRESOLVED_SEMANTIC,C,0,0,,
measurement:dmr_form_value_id=3896611185,NM0000116,001,00530,2025-09-30,210,50,permit_limit_row:limit_set_schedule_id=3600833510|limit_value_id=3610129867,EXCEEDANCE,FREQUENCY_UNINTERPRETED,limit_sample_type_code;monitoring_frequency_code,DETERMINATE,,1,1,,
measurement:dmr_form_value_id=3896612778,NM0000116,001,00530,2025-09-30,210,,permit_limit_row:limit_set_schedule_id=3600833510|limit_value_id=3610129901,NOT_NUMERIC_CANDIDATE,FREQUENCY_UNINTERPRETED,limit_sample_type_code;monitoring_frequency_code,NOT_ESTABLISHED,,1,0,,
measurement:dmr_form_value_id=3896611087,NM0000116,001,00900,2024-10-31,,,permit_limit_row:limit_set_schedule_id=3600833510|limit_value_id=3610129870,UNRESOLVED_SEMANTIC,FREQUENCY_UNINTERPRETED,limit_sample_type_code;monitoring_frequency_code;nodi_code_semantics,UNRESOLVED_SEMANTIC,C,0,0,,
measurement:dmr_form_value_id=3896611096,NM0000116,001,00900,2024-11-30,,,permit_limit_row:limit_set_schedule_id=3600833510|limit_value_id=3610129870,UNRESOLVED_SEMANTIC,FREQUENCY_UNINTERPRETED,limit_sample_type_code;monitoring_frequency_code;nodi_code_semantics,UNRESOLVED_SEMANTIC,C,0,0,,
measurement:dmr_form_value_id=3896611105,NM0000116,001,00900,2024-12-31,,,permit_limit_row:limit_set_schedule_id=3600833510|limit_value_id=3610129870,UNRESOLVED_SEMANTIC,FREQUENCY_UNINTERPRETED,limit_sample_type_code;monitoring_frequency_code;nodi_code_semantics,UNRESOLVED_SEMANTIC,C,0,0,,
measurement:dmr_form_value_id=3896611114,NM0000116,001,00900,2025-01-31,,,permit_limit_row:limit_set_schedule_id=3600833510|limit_value_id=3610129870,UNRESOLVED_SEMANTIC,FREQUENCY_UNINTERPRETED,limit_sample_type_code;monitoring_frequency_code;nodi_code_semantics,UNRESOLVED_SEMANTIC,C,0,0,,
measurement:dmr_form_value_id=3896611123,NM0000116,001,00900,2025-02-28,,,permit_limit_row:limit_set_schedule_id=3600833510|limit_value_id=3610129870,UNRESOLVED_SEMANTIC,FREQUENCY_UNINTERPRETED,limit_sample_type_code;monitoring_frequency_code;nodi_code_semantics,UNRESOLVED_SEMANTIC,C,0,0,,
measurement:dmr_form_value_id=3896611132,NM0000116,001,00900,2025-03-31,,,permit_limit_row:limit_set_schedule_id=3600833510|limit_value_id=3610129870,UNRESOLVED_SEMANTIC,FREQUENCY_UNINTERPRETED,limit_sample_type_code;monitoring_frequency_code;nodi_code_semantics,UNRESOLVED_SEMANTIC,C,0,0,,
measurement:dmr_form_value_id=3896611141,NM0000116,001,00900,2025-04-30,,,permit_limit_row:limit_set_schedule_id=3600833510|limit_value_id=3610129870,UNRESOLVED_SEMANTIC,FREQUENCY_UNINTERPRETED,limit_sample_type_code;monitoring_frequency_code;nodi_code_semantics,UNRESOLVED_SEMANTIC,C,0,0,,
measurement:dmr_form_value_id=3896611150,NM0000116,001,00900,2025-05-31,,,permit_limit_row:limit_set_schedule_id=3600833510|limit_value_id=3610129870,UNRESOLVED_SEMANTIC,FREQUENCY_UNINTERPRETED,limit_sample_type_code;monitoring_frequency_code;nodi_code_semantics,UNRESOLVED_SEMANTIC,C,0,0,,
measurement:dmr_form_value_id=3896611159,NM0000116,001,00900,2025-06-30,,,permit_limit_row:limit_set_schedule_id=3600833510|limit_value_id=3610129870,UNRESOLVED_SEMANTIC,FREQUENCY_UNINTERPRETED,limit_sample_type_code;monitoring_frequency_code;nodi_code_semantics,UNRESOLVED_SEMANTIC,C,0,0,,
measurement:dmr_form_value_id=3896611168,NM0000116,001,00900,2025-07-31,200,,permit_limit_row:limit_set_schedule_id=3600833510|limit_value_id=3610129870,NOT_NUMERIC_CANDIDATE,FREQUENCY_UNINTERPRETED,limit_sample_type_code;monitoring_frequency_code,NOT_ESTABLISHED,,1,0,,
measurement:dmr_form_value_id=3896611177,NM0000116,001,00900,2025-08-31,,,permit_limit_row:limit_set_schedule_id=3600833510|limit_value_id=3610129870,UNRESOLVED_SEMANTIC,FREQUENCY_UNINTERPRETED,limit_sample_type_code;monitoring_frequency_code;nodi_code_semantics,UNRESOLVED_SEMANTIC,C,0,0,,
measurement:dmr_form_value_id=3896611186,NM0000116,001,00900,2025-09-30,220,,permit_limit_row:limit_set_schedule_id=3600833510|limit_value_id=3610129870,NOT_NUMERIC_CANDIDATE,FREQUENCY_UNINTERPRETED,limit_sample_type_code;monitoring_frequency_code,NOT_ESTABLISHED,,1,0,,
measurement:dmr_form_value_id=3896611088,NM0000116,001,01040,2024-10-31,,,permit_limit_row:limit_set_schedule_id=3600833510|limit_value_id=3610129871,UNRESOLVED_SEMANTIC,FREQUENCY_UNINTERPRETED,limit_sample_type_code;monitoring_frequency_code;nodi_code_semantics,UNRESOLVED_SEMANTIC,C,0,0,,
measurement:dmr_form_value_id=3896612827,NM0000116,001,01040,2024-10-31,,,permit_limit_row:limit_set_schedule_id=3600833510|limit_value_id=3610129902,UNRESOLVED_SEMANTIC,FREQUENCY_UNINTERPRETED,limit_sample_type_code;monitoring_frequency_code;nodi_code_semantics,UNRESOLVED_SEMANTIC,C,0,0,,
measurement:dmr_form_value_id=3896611097,NM0000116,001,01040,2024-11-30,,,permit_limit_row:limit_set_schedule_id=3600833510|limit_value_id=3610129871,UNRESOLVED_SEMANTIC,FREQUENCY_UNINTERPRETED,limit_sample_type_code;monitoring_frequency_code;nodi_code_semantics,UNRESOLVED_SEMANTIC,C,0,0,,
measurement:dmr_form_value_id=3896612828,NM0000116,001,01040,2024-11-30,,,permit_limit_row:limit_set_schedule_id=3600833510|limit_value_id=3610129902,UNRESOLVED_SEMANTIC,FREQUENCY_UNINTERPRETED,limit_sample_type_code;monitoring_frequency_code;nodi_code_semantics,UNRESOLVED_SEMANTIC,C,0,0,,
measurement:dmr_form_value_id=3896611106,NM0000116,001,01040,2024-12-31,,,permit_limit_row:limit_set_schedule_id=3600833510|limit_value_id=3610129871,UNRESOLVED_SEMANTIC,FREQUENCY_UNINTERPRETED,limit_sample_type_code;monitoring_frequency_code;nodi_code_semantics,UNRESOLVED_SEMANTIC,C,0,0,,
measurement:dmr_form_value_id=3896612829,NM0000116,001,01040,2024-12-31,,,permit_limit_row:limit_set_schedule_id=3600833510|limit_value_id=3610129902,UNRESOLVED_SEMANTIC,FREQUENCY_UNINTERPRETED,limit_sample_type_code;monitoring_frequency_code;nodi_code_semantics,UNRESOLVED_SEMANTIC,C,0,0,,
measurement:dmr_form_value_id=3896611115,NM0000116,001,01040,2025-01-31,,,permit_limit_row:limit_set_schedule_id=3600833510|limit_value_id=3610129871,UNRESOLVED_SEMANTIC,FREQUENCY_UNINTERPRETED,limit_sample_type_code;monitoring_frequency_code;nodi_code_semantics,UNRESOLVED_SEMANTIC,C,0,0,,
measurement:dmr_form_value_id=3896612830,NM0000116,001,01040,2025-01-31,,,permit_limit_row:limit_set_schedule_id=3600833510|limit_value_id=3610129902,UNRESOLVED_SEMANTIC,FREQUENCY_UNINTERPRETED,limit_sample_type_code;monitoring_frequency_code;nodi_code_semantics,UNRESOLVED_SEMANTIC,C,0,0,,
measurement:dmr_form_value_id=3896611124,NM0000116,001,01040,2025-02-28,,,permit_limit_row:limit_set_schedule_id=3600833510|limit_value_id=3610129871,UNRESOLVED_SEMANTIC,FREQUENCY_UNINTERPRETED,limit_sample_type_code;monitoring_frequency_code;nodi_code_semantics,UNRESOLVED_SEMANTIC,C,0,0,,
measurement:dmr_form_value_id=3896612831,NM0000116,001,01040,2025-02-28,,,permit_limit_row:limit_set_schedule_id=3600833510|limit_value_id=3610129902,UNRESOLVED_SEMANTIC,FREQUENCY_UNINTERPRETED,limit_sample_type_code;monitoring_frequency_code;nodi_code_semantics,UNRESOLVED_SEMANTIC,C,0,0,,
measurement:dmr_form_value_id=3896611133,NM0000116,001,01040,2025-03-31,,,permit_limit_row:limit_set_schedule_id=3600833510|limit_value_id=3610129871,UNRESOLVED_SEMANTIC,FREQUENCY_UNINTERPRETED,limit_sample_type_code;monitoring_frequency_code;nodi_code_semantics,UNRESOLVED_SEMANTIC,C,0,0,,
measurement:dmr_form_value_id=3896612832,NM0000116,001,01040,2025-03-31,,,permit_limit_row:limit_set_schedule_id=3600833510|limit_value_id=3610129902,UNRESOLVED_SEMANTIC,FREQUENCY_UNINTERPRETED,limit_sample_type_code;monitoring_frequency_code;nodi_code_semantics,UNRESOLVED_SEMANTIC,C,0,0,,
measurement:dmr_form_value_id=3896611142,NM0000116,001,01040,2025-04-30,,,permit_limit_row:limit_set_schedule_id=3600833510|limit_value_id=3610129871,UNRESOLVED_SEMANTIC,FREQUENCY_UNINTERPRETED,limit_sample_type_code;monitoring_frequency_code;nodi_code_semantics,UNRESOLVED_SEMANTIC,C,0,0,,
measurement:dmr_form_value_id=3896612833,NM0000116,001,01040,2025-04-30,,,permit_limit_row:limit_set_schedule_id=3600833510|limit_value_id=3610129902,UNRESOLVED_SEMANTIC,FREQUENCY_UNINTERPRETED,limit_sample_type_code;monitoring_frequency_code;nodi_code_semantics,UNRESOLVED_SEMANTIC,C,0,0,,
measurement:dmr_form_value_id=3896611151,NM0000116,001,01040,2025-05-31,,,permit_limit_row:limit_set_schedule_id=3600833510|limit_value_id=3610129871,UNRESOLVED_SEMANTIC,FREQUENCY_UNINTERPRETED,limit_sample_type_code;monitoring_frequency_code;nodi_code_semantics,UNRESOLVED_SEMANTIC,C,0,0,,
measurement:dmr_form_value_id=3896612834,NM0000116,001,01040,2025-05-31,,,permit_limit_row:limit_set_schedule_id=3600833510|limit_value_id=3610129902,UNRESOLVED_SEMANTIC,FREQUENCY_UNINTERPRETED,limit_sample_type_code;monitoring_frequency_code;nodi_code_semantics,UNRESOLVED_SEMANTIC,C,0,0,,
measurement:dmr_form_value_id=3896611160,NM0000116,001,01040,2025-06-30,,,permit_limit_row:limit_set_schedule_id=3600833510|limit_value_id=3610129871,UNRESOLVED_SEMANTIC,FREQUENCY_UNINTERPRETED,limit_sample_type_code;monitoring_frequency_code;nodi_code_semantics,UNRESOLVED_SEMANTIC,C,0,0,,
measurement:dmr_form_value_id=3896612835,NM0000116,001,01040,2025-06-30,,,permit_limit_row:limit_set_schedule_id=3600833510|limit_value_id=3610129902,UNRESOLVED_SEMANTIC,FREQUENCY_UNINTERPRETED,limit_sample_type_code;monitoring_frequency_code;nodi_code_semantics,UNRESOLVED_SEMANTIC,C,0,0,,
measurement:dmr_form_value_id=3896611169,NM0000116,001,01040,2025-07-31,.0016,,permit_limit_row:limit_set_schedule_id=3600833510|limit_value_id=3610129871,NOT_NUMERIC_CANDIDATE,FREQUENCY_UNINTERPRETED,limit_sample_type_code;monitoring_frequency_code,NOT_ESTABLISHED,,1,0,,
measurement:dmr_form_value_id=3896612836,NM0000116,001,01040,2025-07-31,.0016,,permit_limit_row:limit_set_schedule_id=3600833510|limit_value_id=3610129902,NOT_NUMERIC_CANDIDATE,FREQUENCY_UNINTERPRETED,limit_sample_type_code;monitoring_frequency_code,NOT_ESTABLISHED,,1,0,,
measurement:dmr_form_value_id=3896611178,NM0000116,001,01040,2025-08-31,,,permit_limit_row:limit_set_schedule_id=3600833510|limit_value_id=3610129871,UNRESOLVED_SEMANTIC,FREQUENCY_UNINTERPRETED,limit_sample_type_code;monitoring_frequency_code;nodi_code_semantics,UNRESOLVED_SEMANTIC,C,0,0,,
measurement:dmr_form_value_id=3896612837,NM0000116,001,01040,2025-08-31,,,permit_limit_row:limit_set_schedule_id=3600833510|limit_value_id=3610129902,UNRESOLVED_SEMANTIC,FREQUENCY_UNINTERPRETED,limit_sample_type_code;monitoring_frequency_code;nodi_code_semantics,UNRESOLVED_SEMANTIC,C,0,0,,
measurement:dmr_form_value_id=3896611187,NM0000116,001,01040,2025-09-30,.0029,,permit_limit_row:limit_set_schedule_id=3600833510|limit_value_id=3610129871,NOT_NUMERIC_CANDIDATE,FREQUENCY_UNINTERPRETED,limit_sample_type_code;monitoring_frequency_code,NOT_ESTABLISHED,,1,0,,
measurement:dmr_form_value_id=3896612838,NM0000116,001,01040,2025-09-30,.0029,,permit_limit_row:limit_set_schedule_id=3600833510|limit_value_id=3610129902,NOT_NUMERIC_CANDIDATE,FREQUENCY_UNINTERPRETED,limit_sample_type_code;monitoring_frequency_code,NOT_ESTABLISHED,,1,0,,
measurement:dmr_form_value_id=3896611089,NM0000116,001,01042,2024-10-31,,.011,permit_limit_row:limit_set_schedule_id=3600833510|limit_value_id=3610129866,UNRESOLVED_SEMANTIC,FREQUENCY_UNINTERPRETED,limit_sample_type_code;monitoring_frequency_code;nodi_code_semantics,UNRESOLVED_SEMANTIC,C,0,0,,
measurement:dmr_form_value_id=3896612887,NM0000116,001,01042,2024-10-31,,.011,permit_limit_row:limit_set_schedule_id=3600833510|limit_value_id=3610129903,UNRESOLVED_SEMANTIC,FREQUENCY_UNINTERPRETED,limit_sample_type_code;monitoring_frequency_code;nodi_code_semantics,UNRESOLVED_SEMANTIC,C,0,0,,
measurement:dmr_form_value_id=3896611098,NM0000116,001,01042,2024-11-30,,.011,permit_limit_row:limit_set_schedule_id=3600833510|limit_value_id=3610129866,UNRESOLVED_SEMANTIC,FREQUENCY_UNINTERPRETED,limit_sample_type_code;monitoring_frequency_code;nodi_code_semantics,UNRESOLVED_SEMANTIC,C,0,0,,
measurement:dmr_form_value_id=3896612888,NM0000116,001,01042,2024-11-30,,.011,permit_limit_row:limit_set_schedule_id=3600833510|limit_value_id=3610129903,UNRESOLVED_SEMANTIC,FREQUENCY_UNINTERPRETED,limit_sample_type_code;monitoring_frequency_code;nodi_code_semantics,UNRESOLVED_SEMANTIC,C,0,0,,
measurement:dmr_form_value_id=3896611107,NM0000116,001,01042,2024-12-31,,.011,permit_limit_row:limit_set_schedule_id=3600833510|limit_value_id=3610129866,UNRESOLVED_SEMANTIC,FREQUENCY_UNINTERPRETED,limit_sample_type_code;monitoring_frequency_code;nodi_code_semantics,UNRESOLVED_SEMANTIC,C,0,0,,
measurement:dmr_form_value_id=3896612889,NM0000116,001,01042,2024-12-31,,.011,permit_limit_row:limit_set_schedule_id=3600833510|limit_value_id=3610129903,UNRESOLVED_SEMANTIC,FREQUENCY_UNINTERPRETED,limit_sample_type_code;monitoring_frequency_code;nodi_code_semantics,UNRESOLVED_SEMANTIC,C,0,0,,
measurement:dmr_form_value_id=3896611116,NM0000116,001,01042,2025-01-31,,.011,permit_limit_row:limit_set_schedule_id=3600833510|limit_value_id=3610129866,UNRESOLVED_SEMANTIC,FREQUENCY_UNINTERPRETED,limit_sample_type_code;monitoring_frequency_code;nodi_code_semantics,UNRESOLVED_SEMANTIC,C,0,0,,
measurement:dmr_form_value_id=3896612890,NM0000116,001,01042,2025-01-31,,.011,permit_limit_row:limit_set_schedule_id=3600833510|limit_value_id=3610129903,UNRESOLVED_SEMANTIC,FREQUENCY_UNINTERPRETED,limit_sample_type_code;monitoring_frequency_code;nodi_code_semantics,UNRESOLVED_SEMANTIC,C,0,0,,
measurement:dmr_form_value_id=3896611125,NM0000116,001,01042,2025-02-28,,.011,permit_limit_row:limit_set_schedule_id=3600833510|limit_value_id=3610129866,UNRESOLVED_SEMANTIC,FREQUENCY_UNINTERPRETED,limit_sample_type_code;monitoring_frequency_code;nodi_code_semantics,UNRESOLVED_SEMANTIC,C,0,0,,
measurement:dmr_form_value_id=3896612891,NM0000116,001,01042,2025-02-28,,.011,permit_limit_row:limit_set_schedule_id=3600833510|limit_value_id=3610129903,UNRESOLVED_SEMANTIC,FREQUENCY_UNINTERPRETED,limit_sample_type_code;monitoring_frequency_code;nodi_code_semantics,UNRESOLVED_SEMANTIC,C,0,0,,
measurement:dmr_form_value_id=3896611134,NM0000116,001,01042,2025-03-31,,.011,permit_limit_row:limit_set_schedule_id=3600833510|limit_value_id=3610129866,UNRESOLVED_SEMANTIC,FREQUENCY_UNINTERPRETED,limit_sample_type_code;monitoring_frequency_code;nodi_code_semantics,UNRESOLVED_SEMANTIC,C,0,0,,
measurement:dmr_form_value_id=3896612892,NM0000116,001,01042,2025-03-31,,.011,permit_limit_row:limit_set_schedule_id=3600833510|limit_value_id=3610129903,UNRESOLVED_SEMANTIC,FREQUENCY_UNINTERPRETED,limit_sample_type_code;monitoring_frequency_code;nodi_code_semantics,UNRESOLVED_SEMANTIC,C,0,0,,
measurement:dmr_form_value_id=3896611143,NM0000116,001,01042,2025-04-30,,.011,permit_limit_row:limit_set_schedule_id=3600833510|limit_value_id=3610129866,UNRESOLVED_SEMANTIC,FREQUENCY_UNINTERPRETED,limit_sample_type_code;monitoring_frequency_code;nodi_code_semantics,UNRESOLVED_SEMANTIC,C,0,0,,
measurement:dmr_form_value_id=3896612893,NM0000116,001,01042,2025-04-30,,.011,permit_limit_row:limit_set_schedule_id=3600833510|limit_value_id=3610129903,UNRESOLVED_SEMANTIC,FREQUENCY_UNINTERPRETED,limit_sample_type_code;monitoring_frequency_code;nodi_code_semantics,UNRESOLVED_SEMANTIC,C,0,0,,
measurement:dmr_form_value_id=3896611152,NM0000116,001,01042,2025-05-31,,.011,permit_limit_row:limit_set_schedule_id=3600833510|limit_value_id=3610129866,UNRESOLVED_SEMANTIC,FREQUENCY_UNINTERPRETED,limit_sample_type_code;monitoring_frequency_code;nodi_code_semantics,UNRESOLVED_SEMANTIC,C,0,0,,
measurement:dmr_form_value_id=3896612894,NM0000116,001,01042,2025-05-31,,.011,permit_limit_row:limit_set_schedule_id=3600833510|limit_value_id=3610129903,UNRESOLVED_SEMANTIC,FREQUENCY_UNINTERPRETED,limit_sample_type_code;monitoring_frequency_code;nodi_code_semantics,UNRESOLVED_SEMANTIC,C,0,0,,
measurement:dmr_form_value_id=3896611161,NM0000116,001,01042,2025-06-30,,.011,permit_limit_row:limit_set_schedule_id=3600833510|limit_value_id=3610129866,UNRESOLVED_SEMANTIC,FREQUENCY_UNINTERPRETED,limit_sample_type_code;monitoring_frequency_code;nodi_code_semantics,UNRESOLVED_SEMANTIC,C,0,0,,
measurement:dmr_form_value_id=3896612895,NM0000116,001,01042,2025-06-30,,.011,permit_limit_row:limit_set_schedule_id=3600833510|limit_value_id=3610129903,UNRESOLVED_SEMANTIC,FREQUENCY_UNINTERPRETED,limit_sample_type_code;monitoring_frequency_code;nodi_code_semantics,UNRESOLVED_SEMANTIC,C,0,0,,
measurement:dmr_form_value_id=3896611170,NM0000116,001,01042,2025-07-31,.0015,.011,permit_limit_row:limit_set_schedule_id=3600833510|limit_value_id=3610129866,WITHIN_LIMIT,FREQUENCY_UNINTERPRETED,limit_sample_type_code;monitoring_frequency_code,DETERMINATE,,1,1,,
measurement:dmr_form_value_id=3896612896,NM0000116,001,01042,2025-07-31,.0015,.011,permit_limit_row:limit_set_schedule_id=3600833510|limit_value_id=3610129903,WITHIN_LIMIT,FREQUENCY_UNINTERPRETED,limit_sample_type_code;monitoring_frequency_code,DETERMINATE,,1,1,,
measurement:dmr_form_value_id=3896611179,NM0000116,001,01042,2025-08-31,,.011,permit_limit_row:limit_set_schedule_id=3600833510|limit_value_id=3610129866,UNRESOLVED_SEMANTIC,FREQUENCY_UNINTERPRETED,limit_sample_type_code;monitoring_frequency_code;nodi_code_semantics,UNRESOLVED_SEMANTIC,C,0,0,,
measurement:dmr_form_value_id=3896612897,NM0000116,001,01042,2025-08-31,,.011,permit_limit_row:limit_set_schedule_id=3600833510|limit_value_id=3610129903,UNRESOLVED_SEMANTIC,FREQUENCY_UNINTERPRETED,limit_sample_type_code;monitoring_frequency_code;nodi_code_semantics,UNRESOLVED_SEMANTIC,C,0,0,,
measurement:dmr_form_value_id=3896611188,NM0000116,001,01042,2025-09-30,.075,.011,permit_limit_row:limit_set_schedule_id=3600833510|limit_value_id=3610129866,EXCEEDANCE,FREQUENCY_UNINTERPRETED,limit_sample_type_code;monitoring_frequency_code,DETERMINATE,,1,1,,
measurement:dmr_form_value_id=3896612898,NM0000116,001,01042,2025-09-30,.075,.011,permit_limit_row:limit_set_schedule_id=3600833510|limit_value_id=3610129903,EXCEEDANCE,FREQUENCY_UNINTERPRETED,limit_sample_type_code;monitoring_frequency_code,DETERMINATE,,1,1,,
measurement:dmr_form_value_id=3896611090,NM0000116,001,01105,2024-10-31,,.75,permit_limit_row:limit_set_schedule_id=3600833510|limit_value_id=3610129863,UNRESOLVED_SEMANTIC,FREQUENCY_UNINTERPRETED,limit_sample_type_code;monitoring_frequency_code;nodi_code_semantics,UNRESOLVED_SEMANTIC,C,0,0,,
measurement:dmr_form_value_id=3896613027,NM0000116,001,01105,2024-10-31,,.75,permit_limit_row:limit_set_schedule_id=3600833510|limit_value_id=3610129906,UNRESOLVED_SEMANTIC,FREQUENCY_UNINTERPRETED,limit_sample_type_code;monitoring_frequency_code;nodi_code_semantics,UNRESOLVED_SEMANTIC,C,0,0,,
measurement:dmr_form_value_id=3896613028,NM0000116,001,01105,2024-10-31,,.78,permit_limit_row:limit_set_schedule_id=3600833510|limit_value_id=3610129904,UNRESOLVED_SEMANTIC,FREQUENCY_UNINTERPRETED,limit_sample_type_code;monitoring_frequency_code;nodi_code_semantics,UNRESOLVED_SEMANTIC,C,0,0,,
measurement:dmr_form_value_id=3896613029,NM0000116,001,01105,2024-10-31,,.78,permit_limit_row:limit_set_schedule_id=3600833510|limit_value_id=3610129905,UNRESOLVED_SEMANTIC,FREQUENCY_UNINTERPRETED,limit_sample_type_code;monitoring_frequency_code;nodi_code_semantics,UNRESOLVED_SEMANTIC,C,0,0,,
measurement:dmr_form_value_id=3896611099,NM0000116,001,01105,2024-11-30,,.75,permit_limit_row:limit_set_schedule_id=3600833510|limit_value_id=3610129863,UNRESOLVED_SEMANTIC,FREQUENCY_UNINTERPRETED,limit_sample_type_code;monitoring_frequency_code;nodi_code_semantics,UNRESOLVED_SEMANTIC,C,0,0,,
measurement:dmr_form_value_id=3896613030,NM0000116,001,01105,2024-11-30,,.75,permit_limit_row:limit_set_schedule_id=3600833510|limit_value_id=3610129906,UNRESOLVED_SEMANTIC,FREQUENCY_UNINTERPRETED,limit_sample_type_code;monitoring_frequency_code;nodi_code_semantics,UNRESOLVED_SEMANTIC,C,0,0,,
measurement:dmr_form_value_id=3896613031,NM0000116,001,01105,2024-11-30,,.78,permit_limit_row:limit_set_schedule_id=3600833510|limit_value_id=3610129904,UNRESOLVED_SEMANTIC,FREQUENCY_UNINTERPRETED,limit_sample_type_code;monitoring_frequency_code;nodi_code_semantics,UNRESOLVED_SEMANTIC,C,0,0,,
measurement:dmr_form_value_id=3896613032,NM0000116,001,01105,2024-11-30,,.78,permit_limit_row:limit_set_schedule_id=3600833510|limit_value_id=3610129905,UNRESOLVED_SEMANTIC,FREQUENCY_UNINTERPRETED,limit_sample_type_code;monitoring_frequency_code;nodi_code_semantics,UNRESOLVED_SEMANTIC,C,0,0,,
measurement:dmr_form_value_id=3896611108,NM0000116,001,01105,2024-12-31,,.75,permit_limit_row:limit_set_schedule_id=3600833510|limit_value_id=3610129863,UNRESOLVED_SEMANTIC,FREQUENCY_UNINTERPRETED,limit_sample_type_code;monitoring_frequency_code;nodi_code_semantics,UNRESOLVED_SEMANTIC,C,0,0,,
measurement:dmr_form_value_id=3896613033,NM0000116,001,01105,2024-12-31,,.75,permit_limit_row:limit_set_schedule_id=3600833510|limit_value_id=3610129906,UNRESOLVED_SEMANTIC,FREQUENCY_UNINTERPRETED,limit_sample_type_code;monitoring_frequency_code;nodi_code_semantics,UNRESOLVED_SEMANTIC,C,0,0,,
measurement:dmr_form_value_id=3896613034,NM0000116,001,01105,2024-12-31,,.78,permit_limit_row:limit_set_schedule_id=3600833510|limit_value_id=3610129904,UNRESOLVED_SEMANTIC,FREQUENCY_UNINTERPRETED,limit_sample_type_code;monitoring_frequency_code;nodi_code_semantics,UNRESOLVED_SEMANTIC,C,0,0,,
measurement:dmr_form_value_id=3896613035,NM0000116,001,01105,2024-12-31,,.78,permit_limit_row:limit_set_schedule_id=3600833510|limit_value_id=3610129905,UNRESOLVED_SEMANTIC,FREQUENCY_UNINTERPRETED,limit_sample_type_code;monitoring_frequency_code;nodi_code_semantics,UNRESOLVED_SEMANTIC,C,0,0,,
measurement:dmr_form_value_id=3896611117,NM0000116,001,01105,2025-01-31,,.75,permit_limit_row:limit_set_schedule_id=3600833510|limit_value_id=3610129863,UNRESOLVED_SEMANTIC,FREQUENCY_UNINTERPRETED,limit_sample_type_code;monitoring_frequency_code;nodi_code_semantics,UNRESOLVED_SEMANTIC,C,0,0,,
measurement:dmr_form_value_id=3896613036,NM0000116,001,01105,2025-01-31,,.75,permit_limit_row:limit_set_schedule_id=3600833510|limit_value_id=3610129906,UNRESOLVED_SEMANTIC,FREQUENCY_UNINTERPRETED,limit_sample_type_code;monitoring_frequency_code;nodi_code_semantics,UNRESOLVED_SEMANTIC,C,0,0,,
measurement:dmr_form_value_id=3896613037,NM0000116,001,01105,2025-01-31,,.78,permit_limit_row:limit_set_schedule_id=3600833510|limit_value_id=3610129904,UNRESOLVED_SEMANTIC,FREQUENCY_UNINTERPRETED,limit_sample_type_code;monitoring_frequency_code;nodi_code_semantics,UNRESOLVED_SEMANTIC,C,0,0,,
measurement:dmr_form_value_id=3896613038,NM0000116,001,01105,2025-01-31,,.78,permit_limit_row:limit_set_schedule_id=3600833510|limit_value_id=3610129905,UNRESOLVED_SEMANTIC,FREQUENCY_UNINTERPRETED,limit_sample_type_code;monitoring_frequency_code;nodi_code_semantics,UNRESOLVED_SEMANTIC,C,0,0,,
measurement:dmr_form_value_id=3896611126,NM0000116,001,01105,2025-02-28,,.75,permit_limit_row:limit_set_schedule_id=3600833510|limit_value_id=3610129863,UNRESOLVED_SEMANTIC,FREQUENCY_UNINTERPRETED,limit_sample_type_code;monitoring_frequency_code;nodi_code_semantics,UNRESOLVED_SEMANTIC,C,0,0,,
measurement:dmr_form_value_id=3896613039,NM0000116,001,01105,2025-02-28,,.75,permit_limit_row:limit_set_schedule_id=3600833510|limit_value_id=3610129906,UNRESOLVED_SEMANTIC,FREQUENCY_UNINTERPRETED,limit_sample_type_code;monitoring_frequency_code;nodi_code_semantics,UNRESOLVED_SEMANTIC,C,0,0,,
measurement:dmr_form_value_id=3896613040,NM0000116,001,01105,2025-02-28,,.78,permit_limit_row:limit_set_schedule_id=3600833510|limit_value_id=3610129904,UNRESOLVED_SEMANTIC,FREQUENCY_UNINTERPRETED,limit_sample_type_code;monitoring_frequency_code;nodi_code_semantics,UNRESOLVED_SEMANTIC,C,0,0,,
measurement:dmr_form_value_id=3896613041,NM0000116,001,01105,2025-02-28,,.78,permit_limit_row:limit_set_schedule_id=3600833510|limit_value_id=3610129905,UNRESOLVED_SEMANTIC,FREQUENCY_UNINTERPRETED,limit_sample_type_code;monitoring_frequency_code;nodi_code_semantics,UNRESOLVED_SEMANTIC,C,0,0,,
measurement:dmr_form_value_id=3896611135,NM0000116,001,01105,2025-03-31,,.75,permit_limit_row:limit_set_schedule_id=3600833510|limit_value_id=3610129863,UNRESOLVED_SEMANTIC,FREQUENCY_UNINTERPRETED,limit_sample_type_code;monitoring_frequency_code;nodi_code_semantics,UNRESOLVED_SEMANTIC,C,0,0,,
measurement:dmr_form_value_id=3896613042,NM0000116,001,01105,2025-03-31,,.75,permit_limit_row:limit_set_schedule_id=3600833510|limit_value_id=3610129906,UNRESOLVED_SEMANTIC,FREQUENCY_UNINTERPRETED,limit_sample_type_code;monitoring_frequency_code;nodi_code_semantics,UNRESOLVED_SEMANTIC,C,0,0,,
measurement:dmr_form_value_id=3896613043,NM0000116,001,01105,2025-03-31,,.78,permit_limit_row:limit_set_schedule_id=3600833510|limit_value_id=3610129904,UNRESOLVED_SEMANTIC,FREQUENCY_UNINTERPRETED,limit_sample_type_code;monitoring_frequency_code;nodi_code_semantics,UNRESOLVED_SEMANTIC,C,0,0,,
measurement:dmr_form_value_id=3896613044,NM0000116,001,01105,2025-03-31,,.78,permit_limit_row:limit_set_schedule_id=3600833510|limit_value_id=3610129905,UNRESOLVED_SEMANTIC,FREQUENCY_UNINTERPRETED,limit_sample_type_code;monitoring_frequency_code;nodi_code_semantics,UNRESOLVED_SEMANTIC,C,0,0,,
measurement:dmr_form_value_id=3896611144,NM0000116,001,01105,2025-04-30,,.75,permit_limit_row:limit_set_schedule_id=3600833510|limit_value_id=3610129863,UNRESOLVED_SEMANTIC,FREQUENCY_UNINTERPRETED,limit_sample_type_code;monitoring_frequency_code;nodi_code_semantics,UNRESOLVED_SEMANTIC,C,0,0,,
measurement:dmr_form_value_id=3896613045,NM0000116,001,01105,2025-04-30,,.75,permit_limit_row:limit_set_schedule_id=3600833510|limit_value_id=3610129906,UNRESOLVED_SEMANTIC,FREQUENCY_UNINTERPRETED,limit_sample_type_code;monitoring_frequency_code;nodi_code_semantics,UNRESOLVED_SEMANTIC,C,0,0,,
measurement:dmr_form_value_id=3896613046,NM0000116,001,01105,2025-04-30,,.78,permit_limit_row:limit_set_schedule_id=3600833510|limit_value_id=3610129904,UNRESOLVED_SEMANTIC,FREQUENCY_UNINTERPRETED,limit_sample_type_code;monitoring_frequency_code;nodi_code_semantics,UNRESOLVED_SEMANTIC,C,0,0,,
measurement:dmr_form_value_id=3896613047,NM0000116,001,01105,2025-04-30,,.78,permit_limit_row:limit_set_schedule_id=3600833510|limit_value_id=3610129905,UNRESOLVED_SEMANTIC,FREQUENCY_UNINTERPRETED,limit_sample_type_code;monitoring_frequency_code;nodi_code_semantics,UNRESOLVED_SEMANTIC,C,0,0,,
measurement:dmr_form_value_id=3896611153,NM0000116,001,01105,2025-05-31,,.75,permit_limit_row:limit_set_schedule_id=3600833510|limit_value_id=3610129863,UNRESOLVED_SEMANTIC,FREQUENCY_UNINTERPRETED,limit_sample_type_code;monitoring_frequency_code;nodi_code_semantics,UNRESOLVED_SEMANTIC,C,0,0,,
measurement:dmr_form_value_id=3896613048,NM0000116,001,01105,2025-05-31,,.75,permit_limit_row:limit_set_schedule_id=3600833510|limit_value_id=3610129906,UNRESOLVED_SEMANTIC,FREQUENCY_UNINTERPRETED,limit_sample_type_code;monitoring_frequency_code;nodi_code_semantics,UNRESOLVED_SEMANTIC,C,0,0,,
measurement:dmr_form_value_id=3896613049,NM0000116,001,01105,2025-05-31,,.78,permit_limit_row:limit_set_schedule_id=3600833510|limit_value_id=3610129904,UNRESOLVED_SEMANTIC,FREQUENCY_UNINTERPRETED,limit_sample_type_code;monitoring_frequency_code;nodi_code_semantics,UNRESOLVED_SEMANTIC,C,0,0,,
measurement:dmr_form_value_id=3896613050,NM0000116,001,01105,2025-05-31,,.78,permit_limit_row:limit_set_schedule_id=3600833510|limit_value_id=3610129905,UNRESOLVED_SEMANTIC,FREQUENCY_UNINTERPRETED,limit_sample_type_code;monitoring_frequency_code;nodi_code_semantics,UNRESOLVED_SEMANTIC,C,0,0,,
measurement:dmr_form_value_id=3896611162,NM0000116,001,01105,2025-06-30,,.75,permit_limit_row:limit_set_schedule_id=3600833510|limit_value_id=3610129863,UNRESOLVED_SEMANTIC,FREQUENCY_UNINTERPRETED,limit_sample_type_code;monitoring_frequency_code;nodi_code_semantics,UNRESOLVED_SEMANTIC,C,0,0,,
measurement:dmr_form_value_id=3896613051,NM0000116,001,01105,2025-06-30,,.75,permit_limit_row:limit_set_schedule_id=3600833510|limit_value_id=3610129906,UNRESOLVED_SEMANTIC,FREQUENCY_UNINTERPRETED,limit_sample_type_code;monitoring_frequency_code;nodi_code_semantics,UNRESOLVED_SEMANTIC,C,0,0,,
measurement:dmr_form_value_id=3896613052,NM0000116,001,01105,2025-06-30,,.78,permit_limit_row:limit_set_schedule_id=3600833510|limit_value_id=3610129904,UNRESOLVED_SEMANTIC,FREQUENCY_UNINTERPRETED,limit_sample_type_code;monitoring_frequency_code;nodi_code_semantics,UNRESOLVED_SEMANTIC,C,0,0,,
measurement:dmr_form_value_id=3896613053,NM0000116,001,01105,2025-06-30,,.78,permit_limit_row:limit_set_schedule_id=3600833510|limit_value_id=3610129905,UNRESOLVED_SEMANTIC,FREQUENCY_UNINTERPRETED,limit_sample_type_code;monitoring_frequency_code;nodi_code_semantics,UNRESOLVED_SEMANTIC,C,0,0,,
measurement:dmr_form_value_id=3896611171,NM0000116,001,01105,2025-07-31,.13,.75,permit_limit_row:limit_set_schedule_id=3600833510|limit_value_id=3610129863,WITHIN_LIMIT,FREQUENCY_UNINTERPRETED,limit_sample_type_code;monitoring_frequency_code,DETERMINATE,,1,1,,
measurement:dmr_form_value_id=3896613054,NM0000116,001,01105,2025-07-31,.13,.75,permit_limit_row:limit_set_schedule_id=3600833510|limit_value_id=3610129906,WITHIN_LIMIT,FREQUENCY_UNINTERPRETED,limit_sample_type_code;monitoring_frequency_code,DETERMINATE,,1,1,,
measurement:dmr_form_value_id=3896613055,NM0000116,001,01105,2025-07-31,0,.78,permit_limit_row:limit_set_schedule_id=3600833510|limit_value_id=3610129904,WITHIN_LIMIT,FREQUENCY_UNINTERPRETED,limit_sample_type_code;monitoring_frequency_code,DETERMINATE,,1,1,,
measurement:dmr_form_value_id=3896613056,NM0000116,001,01105,2025-07-31,0,.78,permit_limit_row:limit_set_schedule_id=3600833510|limit_value_id=3610129905,WITHIN_LIMIT,FREQUENCY_UNINTERPRETED,limit_sample_type_code;monitoring_frequency_code,DETERMINATE,,1,1,,
measurement:dmr_form_value_id=3896611180,NM0000116,001,01105,2025-08-31,,.75,permit_limit_row:limit_set_schedule_id=3600833510|limit_value_id=3610129863,UNRESOLVED_SEMANTIC,FREQUENCY_UNINTERPRETED,limit_sample_type_code;monitoring_frequency_code;nodi_code_semantics,UNRESOLVED_SEMANTIC,C,0,0,,
measurement:dmr_form_value_id=3896613057,NM0000116,001,01105,2025-08-31,,.75,permit_limit_row:limit_set_schedule_id=3600833510|limit_value_id=3610129906,UNRESOLVED_SEMANTIC,FREQUENCY_UNINTERPRETED,limit_sample_type_code;monitoring_frequency_code;nodi_code_semantics,UNRESOLVED_SEMANTIC,C,0,0,,
measurement:dmr_form_value_id=3896613058,NM0000116,001,01105,2025-08-31,,.78,permit_limit_row:limit_set_schedule_id=3600833510|limit_value_id=3610129904,UNRESOLVED_SEMANTIC,FREQUENCY_UNINTERPRETED,limit_sample_type_code;monitoring_frequency_code;nodi_code_semantics,UNRESOLVED_SEMANTIC,C,0,0,,
measurement:dmr_form_value_id=3896613059,NM0000116,001,01105,2025-08-31,,.78,permit_limit_row:limit_set_schedule_id=3600833510|limit_value_id=3610129905,UNRESOLVED_SEMANTIC,FREQUENCY_UNINTERPRETED,limit_sample_type_code;monitoring_frequency_code;nodi_code_semantics,UNRESOLVED_SEMANTIC,C,0,0,,
measurement:dmr_form_value_id=3896611189,NM0000116,001,01105,2025-09-30,9.9,.75,permit_limit_row:limit_set_schedule_id=3600833510|limit_value_id=3610129863,EXCEEDANCE,FREQUENCY_UNINTERPRETED,limit_sample_type_code;monitoring_frequency_code,DETERMINATE,,1,1,,
measurement:dmr_form_value_id=3896613060,NM0000116,001,01105,2025-09-30,9.9,.75,permit_limit_row:limit_set_schedule_id=3600833510|limit_value_id=3610129906,EXCEEDANCE,FREQUENCY_UNINTERPRETED,limit_sample_type_code;monitoring_frequency_code,DETERMINATE,,1,1,,
measurement:dmr_form_value_id=3896613061,NM0000116,001,01105,2025-09-30,0,.78,permit_limit_row:limit_set_schedule_id=3600833510|limit_value_id=3610129904,WITHIN_LIMIT,FREQUENCY_UNINTERPRETED,limit_sample_type_code;monitoring_frequency_code,DETERMINATE,,1,1,,
measurement:dmr_form_value_id=3896613062,NM0000116,001,01105,2025-09-30,0,.78,permit_limit_row:limit_set_schedule_id=3600833510|limit_value_id=3610129905,WITHIN_LIMIT,FREQUENCY_UNINTERPRETED,limit_sample_type_code;monitoring_frequency_code,DETERMINATE,,1,1,,
measurement:dmr_form_value_id=3896611091,NM0000116,001,50050,2024-10-31,,,permit_limit_row:limit_set_schedule_id=3600833510|limit_value_id=3610129869,UNRESOLVED_SEMANTIC,FREQUENCY_UNINTERPRETED,limit_sample_type_code;monitoring_frequency_code;nodi_code_semantics,UNRESOLVED_SEMANTIC,C,0,0,,
measurement:dmr_form_value_id=3896611092,NM0000116,001,50050,2024-10-31,,,permit_limit_row:limit_set_schedule_id=3600833510|limit_value_id=3610129868,UNRESOLVED_SEMANTIC,FREQUENCY_UNINTERPRETED,limit_sample_type_code;monitoring_frequency_code;nodi_code_semantics,UNRESOLVED_SEMANTIC,C,0,0,,
measurement:dmr_form_value_id=3896611100,NM0000116,001,50050,2024-11-30,,,permit_limit_row:limit_set_schedule_id=3600833510|limit_value_id=3610129869,UNRESOLVED_SEMANTIC,FREQUENCY_UNINTERPRETED,limit_sample_type_code;monitoring_frequency_code;nodi_code_semantics,UNRESOLVED_SEMANTIC,C,0,0,,
measurement:dmr_form_value_id=3896611101,NM0000116,001,50050,2024-11-30,,,permit_limit_row:limit_set_schedule_id=3600833510|limit_value_id=3610129868,UNRESOLVED_SEMANTIC,FREQUENCY_UNINTERPRETED,limit_sample_type_code;monitoring_frequency_code;nodi_code_semantics,UNRESOLVED_SEMANTIC,C,0,0,,
measurement:dmr_form_value_id=3896611109,NM0000116,001,50050,2024-12-31,,,permit_limit_row:limit_set_schedule_id=3600833510|limit_value_id=3610129869,UNRESOLVED_SEMANTIC,FREQUENCY_UNINTERPRETED,limit_sample_type_code;monitoring_frequency_code;nodi_code_semantics,UNRESOLVED_SEMANTIC,C,0,0,,
measurement:dmr_form_value_id=3896611110,NM0000116,001,50050,2024-12-31,,,permit_limit_row:limit_set_schedule_id=3600833510|limit_value_id=3610129868,UNRESOLVED_SEMANTIC,FREQUENCY_UNINTERPRETED,limit_sample_type_code;monitoring_frequency_code;nodi_code_semantics,UNRESOLVED_SEMANTIC,C,0,0,,
measurement:dmr_form_value_id=3896611118,NM0000116,001,50050,2025-01-31,,,permit_limit_row:limit_set_schedule_id=3600833510|limit_value_id=3610129869,UNRESOLVED_SEMANTIC,FREQUENCY_UNINTERPRETED,limit_sample_type_code;monitoring_frequency_code;nodi_code_semantics,UNRESOLVED_SEMANTIC,C,0,0,,
measurement:dmr_form_value_id=3896611119,NM0000116,001,50050,2025-01-31,,,permit_limit_row:limit_set_schedule_id=3600833510|limit_value_id=3610129868,UNRESOLVED_SEMANTIC,FREQUENCY_UNINTERPRETED,limit_sample_type_code;monitoring_frequency_code;nodi_code_semantics,UNRESOLVED_SEMANTIC,C,0,0,,
measurement:dmr_form_value_id=3896611127,NM0000116,001,50050,2025-02-28,,,permit_limit_row:limit_set_schedule_id=3600833510|limit_value_id=3610129869,UNRESOLVED_SEMANTIC,FREQUENCY_UNINTERPRETED,limit_sample_type_code;monitoring_frequency_code;nodi_code_semantics,UNRESOLVED_SEMANTIC,C,0,0,,
measurement:dmr_form_value_id=3896611128,NM0000116,001,50050,2025-02-28,,,permit_limit_row:limit_set_schedule_id=3600833510|limit_value_id=3610129868,UNRESOLVED_SEMANTIC,FREQUENCY_UNINTERPRETED,limit_sample_type_code;monitoring_frequency_code;nodi_code_semantics,UNRESOLVED_SEMANTIC,C,0,0,,
measurement:dmr_form_value_id=3896611136,NM0000116,001,50050,2025-03-31,,,permit_limit_row:limit_set_schedule_id=3600833510|limit_value_id=3610129869,UNRESOLVED_SEMANTIC,FREQUENCY_UNINTERPRETED,limit_sample_type_code;monitoring_frequency_code;nodi_code_semantics,UNRESOLVED_SEMANTIC,C,0,0,,
measurement:dmr_form_value_id=3896611137,NM0000116,001,50050,2025-03-31,,,permit_limit_row:limit_set_schedule_id=3600833510|limit_value_id=3610129868,UNRESOLVED_SEMANTIC,FREQUENCY_UNINTERPRETED,limit_sample_type_code;monitoring_frequency_code;nodi_code_semantics,UNRESOLVED_SEMANTIC,C,0,0,,
measurement:dmr_form_value_id=3896611145,NM0000116,001,50050,2025-04-30,,,permit_limit_row:limit_set_schedule_id=3600833510|limit_value_id=3610129869,UNRESOLVED_SEMANTIC,FREQUENCY_UNINTERPRETED,limit_sample_type_code;monitoring_frequency_code;nodi_code_semantics,UNRESOLVED_SEMANTIC,C,0,0,,
measurement:dmr_form_value_id=3896611146,NM0000116,001,50050,2025-04-30,,,permit_limit_row:limit_set_schedule_id=3600833510|limit_value_id=3610129868,UNRESOLVED_SEMANTIC,FREQUENCY_UNINTERPRETED,limit_sample_type_code;monitoring_frequency_code;nodi_code_semantics,UNRESOLVED_SEMANTIC,C,0,0,,
measurement:dmr_form_value_id=3896611154,NM0000116,001,50050,2025-05-31,,,permit_limit_row:limit_set_schedule_id=3600833510|limit_value_id=3610129869,UNRESOLVED_SEMANTIC,FREQUENCY_UNINTERPRETED,limit_sample_type_code;monitoring_frequency_code;nodi_code_semantics,UNRESOLVED_SEMANTIC,C,0,0,,
measurement:dmr_form_value_id=3896611155,NM0000116,001,50050,2025-05-31,,,permit_limit_row:limit_set_schedule_id=3600833510|limit_value_id=3610129868,UNRESOLVED_SEMANTIC,FREQUENCY_UNINTERPRETED,limit_sample_type_code;monitoring_frequency_code;nodi_code_semantics,UNRESOLVED_SEMANTIC,C,0,0,,
measurement:dmr_form_value_id=3896611163,NM0000116,001,50050,2025-06-30,,,permit_limit_row:limit_set_schedule_id=3600833510|limit_value_id=3610129869,UNRESOLVED_SEMANTIC,FREQUENCY_UNINTERPRETED,limit_sample_type_code;monitoring_frequency_code;nodi_code_semantics,UNRESOLVED_SEMANTIC,C,0,0,,
measurement:dmr_form_value_id=3896611164,NM0000116,001,50050,2025-06-30,,,permit_limit_row:limit_set_schedule_id=3600833510|limit_value_id=3610129868,UNRESOLVED_SEMANTIC,FREQUENCY_UNINTERPRETED,limit_sample_type_code;monitoring_frequency_code;nodi_code_semantics,UNRESOLVED_SEMANTIC,C,0,0,,
measurement:dmr_form_value_id=3896611172,NM0000116,001,50050,2025-07-31,.1974,,permit_limit_row:limit_set_schedule_id=3600833510|limit_value_id=3610129869,NOT_NUMERIC_CANDIDATE,FREQUENCY_UNINTERPRETED,limit_sample_type_code;monitoring_frequency_code,NOT_ESTABLISHED,,1,0,,
measurement:dmr_form_value_id=3896611173,NM0000116,001,50050,2025-07-31,.2041,,permit_limit_row:limit_set_schedule_id=3600833510|limit_value_id=3610129868,NOT_NUMERIC_CANDIDATE,FREQUENCY_UNINTERPRETED,limit_sample_type_code;monitoring_frequency_code,NOT_ESTABLISHED,,1,0,,
measurement:dmr_form_value_id=3896611181,NM0000116,001,50050,2025-08-31,,,permit_limit_row:limit_set_schedule_id=3600833510|limit_value_id=3610129869,UNRESOLVED_SEMANTIC,FREQUENCY_UNINTERPRETED,limit_sample_type_code;monitoring_frequency_code;nodi_code_semantics,UNRESOLVED_SEMANTIC,C,0,0,,
measurement:dmr_form_value_id=3896611182,NM0000116,001,50050,2025-08-31,,,permit_limit_row:limit_set_schedule_id=3600833510|limit_value_id=3610129868,UNRESOLVED_SEMANTIC,FREQUENCY_UNINTERPRETED,limit_sample_type_code;monitoring_frequency_code;nodi_code_semantics,UNRESOLVED_SEMANTIC,C,0,0,,
measurement:dmr_form_value_id=3896611190,NM0000116,001,50050,2025-09-30,.325,,permit_limit_row:limit_set_schedule_id=3600833510|limit_value_id=3610129869,NOT_NUMERIC_CANDIDATE,FREQUENCY_UNINTERPRETED,limit_sample_type_code;monitoring_frequency_code,NOT_ESTABLISHED,,1,0,,
measurement:dmr_form_value_id=3896611191,NM0000116,001,50050,2025-09-30,.335,,permit_limit_row:limit_set_schedule_id=3600833510|limit_value_id=3610129868,NOT_NUMERIC_CANDIDATE,FREQUENCY_UNINTERPRETED,limit_sample_type_code;monitoring_frequency_code,NOT_ESTABLISHED,,1,0,,
measurement:dmr_form_value_id=3920642631,NM0020583,001,00310,2024-10-31,4,30,permit_limit_row:limit_set_schedule_id=3600891019|limit_value_id=3610673282,WITHIN_LIMIT,FREQUENCY_UNINTERPRETED,aggregated_reporting_requirement;limit_sample_type_code;monitoring_frequency_code;permit_limit_comment_text,DETERMINATE,,1,1,,
measurement:dmr_form_value_id=3920642632,NM0020583,001,00310,2024-10-31,5,45,permit_limit_row:limit_set_schedule_id=3600891019|limit_value_id=3610673281,WITHIN_LIMIT,FREQUENCY_UNINTERPRETED,aggregated_reporting_requirement;limit_sample_type_code;monitoring_frequency_code;permit_limit_comment_text,DETERMINATE,,1,1,,
measurement:dmr_form_value_id=3920642633,NM0020583,001,00310,2024-10-31,182,1669,permit_limit_row:limit_set_schedule_id=3600891019|limit_value_id=3610673284,WITHIN_LIMIT,FREQUENCY_UNINTERPRETED,aggregated_reporting_requirement;limit_sample_type_code;monitoring_frequency_code;permit_limit_comment_text,DETERMINATE,,1,1,,
measurement:dmr_form_value_id=3920642634,NM0020583,001,00310,2024-10-31,213,2504,permit_limit_row:limit_set_schedule_id=3600891019|limit_value_id=3610673283,WITHIN_LIMIT,FREQUENCY_UNINTERPRETED,aggregated_reporting_requirement;limit_sample_type_code;monitoring_frequency_code;permit_limit_comment_text,DETERMINATE,,1,1,,
measurement:dmr_form_value_id=3920642663,NM0020583,001,00310,2024-11-30,7,30,permit_limit_row:limit_set_schedule_id=3600891019|limit_value_id=3610673282,WITHIN_LIMIT,FREQUENCY_UNINTERPRETED,aggregated_reporting_requirement;limit_sample_type_code;monitoring_frequency_code;permit_limit_comment_text,DETERMINATE,,1,1,,
measurement:dmr_form_value_id=3920642664,NM0020583,001,00310,2024-11-30,13,45,permit_limit_row:limit_set_schedule_id=3600891019|limit_value_id=3610673281,WITHIN_LIMIT,FREQUENCY_UNINTERPRETED,aggregated_reporting_requirement;limit_sample_type_code;monitoring_frequency_code;permit_limit_comment_text,DETERMINATE,,1,1,,
measurement:dmr_form_value_id=3920642665,NM0020583,001,00310,2024-11-30,220,1669,permit_limit_row:limit_set_schedule_id=3600891019|limit_value_id=3610673284,WITHIN_LIMIT,FREQUENCY_UNINTERPRETED,aggregated_reporting_requirement;limit_sample_type_code;monitoring_frequency_code;permit_limit_comment_text,DETERMINATE,,1,1,,
measurement:dmr_form_value_id=3920642666,NM0020583,001,00310,2024-11-30,404,2504,permit_limit_row:limit_set_schedule_id=3600891019|limit_value_id=3610673283,WITHIN_LIMIT,FREQUENCY_UNINTERPRETED,aggregated_reporting_requirement;limit_sample_type_code;monitoring_frequency_code;permit_limit_comment_text,DETERMINATE,,1,1,,
measurement:dmr_form_value_id=3920642695,NM0020583,001,00310,2024-12-31,10,30,permit_limit_row:limit_set_schedule_id=3600891019|limit_value_id=3610673282,WITHIN_LIMIT,FREQUENCY_UNINTERPRETED,aggregated_reporting_requirement;limit_sample_type_code;monitoring_frequency_code;permit_limit_comment_text,DETERMINATE,,1,1,,
measurement:dmr_form_value_id=3920642696,NM0020583,001,00310,2024-12-31,13,45,permit_limit_row:limit_set_schedule_id=3600891019|limit_value_id=3610673281,WITHIN_LIMIT,FREQUENCY_UNINTERPRETED,aggregated_reporting_requirement;limit_sample_type_code;monitoring_frequency_code;permit_limit_comment_text,DETERMINATE,,1,1,,
measurement:dmr_form_value_id=3920642697,NM0020583,001,00310,2024-12-31,293,1669,permit_limit_row:limit_set_schedule_id=3600891019|limit_value_id=3610673284,WITHIN_LIMIT,FREQUENCY_UNINTERPRETED,aggregated_reporting_requirement;limit_sample_type_code;monitoring_frequency_code;permit_limit_comment_text,DETERMINATE,,1,1,,
measurement:dmr_form_value_id=3920642698,NM0020583,001,00310,2024-12-31,412,2504,permit_limit_row:limit_set_schedule_id=3600891019|limit_value_id=3610673283,WITHIN_LIMIT,FREQUENCY_UNINTERPRETED,aggregated_reporting_requirement;limit_sample_type_code;monitoring_frequency_code;permit_limit_comment_text,DETERMINATE,,1,1,,
measurement:dmr_form_value_id=3920642727,NM0020583,001,00310,2025-01-31,7,30,permit_limit_row:limit_set_schedule_id=3600891019|limit_value_id=3610673282,WITHIN_LIMIT,FREQUENCY_UNINTERPRETED,aggregated_reporting_requirement;limit_sample_type_code;monitoring_frequency_code;permit_limit_comment_text,DETERMINATE,,1,1,,
measurement:dmr_form_value_id=3920642728,NM0020583,001,00310,2025-01-31,8,45,permit_limit_row:limit_set_schedule_id=3600891019|limit_value_id=3610673281,WITHIN_LIMIT,FREQUENCY_UNINTERPRETED,aggregated_reporting_requirement;limit_sample_type_code;monitoring_frequency_code;permit_limit_comment_text,DETERMINATE,,1,1,,
measurement:dmr_form_value_id=3920642729,NM0020583,001,00310,2025-01-31,216,1669,permit_limit_row:limit_set_schedule_id=3600891019|limit_value_id=3610673284,WITHIN_LIMIT,FREQUENCY_UNINTERPRETED,aggregated_reporting_requirement;limit_sample_type_code;monitoring_frequency_code;permit_limit_comment_text,DETERMINATE,,1,1,,
measurement:dmr_form_value_id=3920642730,NM0020583,001,00310,2025-01-31,240,2504,permit_limit_row:limit_set_schedule_id=3600891019|limit_value_id=3610673283,WITHIN_LIMIT,FREQUENCY_UNINTERPRETED,aggregated_reporting_requirement;limit_sample_type_code;monitoring_frequency_code;permit_limit_comment_text,DETERMINATE,,1,1,,
measurement:dmr_form_value_id=3920642759,NM0020583,001,00310,2025-02-28,7,30,permit_limit_row:limit_set_schedule_id=3600891019|limit_value_id=3610673282,WITHIN_LIMIT,FREQUENCY_UNINTERPRETED,aggregated_reporting_requirement;limit_sample_type_code;monitoring_frequency_code;permit_limit_comment_text,DETERMINATE,,1,1,,
measurement:dmr_form_value_id=3920642760,NM0020583,001,00310,2025-02-28,8,45,permit_limit_row:limit_set_schedule_id=3600891019|limit_value_id=3610673281,WITHIN_LIMIT,FREQUENCY_UNINTERPRETED,aggregated_reporting_requirement;limit_sample_type_code;monitoring_frequency_code;permit_limit_comment_text,DETERMINATE,,1,1,,
measurement:dmr_form_value_id=3920642761,NM0020583,001,00310,2025-02-28,235,1669,permit_limit_row:limit_set_schedule_id=3600891019|limit_value_id=3610673284,WITHIN_LIMIT,FREQUENCY_UNINTERPRETED,aggregated_reporting_requirement;limit_sample_type_code;monitoring_frequency_code;permit_limit_comment_text,DETERMINATE,,1,1,,
measurement:dmr_form_value_id=3920642762,NM0020583,001,00310,2025-02-28,284,2504,permit_limit_row:limit_set_schedule_id=3600891019|limit_value_id=3610673283,WITHIN_LIMIT,FREQUENCY_UNINTERPRETED,aggregated_reporting_requirement;limit_sample_type_code;monitoring_frequency_code;permit_limit_comment_text,DETERMINATE,,1,1,,
measurement:dmr_form_value_id=3920642791,NM0020583,001,00310,2025-03-31,7,30,permit_limit_row:limit_set_schedule_id=3600891019|limit_value_id=3610673282,WITHIN_LIMIT,FREQUENCY_UNINTERPRETED,aggregated_reporting_requirement;limit_sample_type_code;monitoring_frequency_code;permit_limit_comment_text,DETERMINATE,,1,1,,
measurement:dmr_form_value_id=3920642792,NM0020583,001,00310,2025-03-31,8,45,permit_limit_row:limit_set_schedule_id=3600891019|limit_value_id=3610673281,WITHIN_LIMIT,FREQUENCY_UNINTERPRETED,aggregated_reporting_requirement;limit_sample_type_code;monitoring_frequency_code;permit_limit_comment_text,DETERMINATE,,1,1,,
measurement:dmr_form_value_id=3920642793,NM0020583,001,00310,2025-03-31,238,1669,permit_limit_row:limit_set_schedule_id=3600891019|limit_value_id=3610673284,WITHIN_LIMIT,FREQUENCY_UNINTERPRETED,aggregated_reporting_requirement;limit_sample_type_code;monitoring_frequency_code;permit_limit_comment_text,DETERMINATE,,1,1,,
measurement:dmr_form_value_id=3920642794,NM0020583,001,00310,2025-03-31,269,2504,permit_limit_row:limit_set_schedule_id=3600891019|limit_value_id=3610673283,WITHIN_LIMIT,FREQUENCY_UNINTERPRETED,aggregated_reporting_requirement;limit_sample_type_code;monitoring_frequency_code;permit_limit_comment_text,DETERMINATE,,1,1,,
measurement:dmr_form_value_id=3920642823,NM0020583,001,00310,2025-04-30,6,30,permit_limit_row:limit_set_schedule_id=3600891019|limit_value_id=3610673282,WITHIN_LIMIT,FREQUENCY_UNINTERPRETED,aggregated_reporting_requirement;limit_sample_type_code;monitoring_frequency_code;permit_limit_comment_text,DETERMINATE,,1,1,,
measurement:dmr_form_value_id=3920642824,NM0020583,001,00310,2025-04-30,8,45,permit_limit_row:limit_set_schedule_id=3600891019|limit_value_id=3610673281,WITHIN_LIMIT,FREQUENCY_UNINTERPRETED,aggregated_reporting_requirement;limit_sample_type_code;monitoring_frequency_code;permit_limit_comment_text,DETERMINATE,,1,1,,
measurement:dmr_form_value_id=3920642825,NM0020583,001,00310,2025-04-30,262,1669,permit_limit_row:limit_set_schedule_id=3600891019|limit_value_id=3610673284,WITHIN_LIMIT,FREQUENCY_UNINTERPRETED,aggregated_reporting_requirement;limit_sample_type_code;monitoring_frequency_code;permit_limit_comment_text,DETERMINATE,,1,1,,
measurement:dmr_form_value_id=3920642826,NM0020583,001,00310,2025-04-30,345,2504,permit_limit_row:limit_set_schedule_id=3600891019|limit_value_id=3610673283,WITHIN_LIMIT,FREQUENCY_UNINTERPRETED,aggregated_reporting_requirement;limit_sample_type_code;monitoring_frequency_code;permit_limit_comment_text,DETERMINATE,,1,1,,
measurement:dmr_form_value_id=3920642855,NM0020583,001,00310,2025-05-31,5,30,permit_limit_row:limit_set_schedule_id=3600891019|limit_value_id=3610673282,WITHIN_LIMIT,FREQUENCY_UNINTERPRETED,aggregated_reporting_requirement;limit_sample_type_code;monitoring_frequency_code;permit_limit_comment_text,DETERMINATE,,1,1,,
measurement:dmr_form_value_id=3920642856,NM0020583,001,00310,2025-05-31,5,45,permit_limit_row:limit_set_schedule_id=3600891019|limit_value_id=3610673281,WITHIN_LIMIT,FREQUENCY_UNINTERPRETED,aggregated_reporting_requirement;limit_sample_type_code;monitoring_frequency_code;permit_limit_comment_text,DETERMINATE,,1,1,,
measurement:dmr_form_value_id=3920642857,NM0020583,001,00310,2025-05-31,206,1669,permit_limit_row:limit_set_schedule_id=3600891019|limit_value_id=3610673284,WITHIN_LIMIT,FREQUENCY_UNINTERPRETED,aggregated_reporting_requirement;limit_sample_type_code;monitoring_frequency_code;permit_limit_comment_text,DETERMINATE,,1,1,,
measurement:dmr_form_value_id=3920642858,NM0020583,001,00310,2025-05-31,222,2504,permit_limit_row:limit_set_schedule_id=3600891019|limit_value_id=3610673283,WITHIN_LIMIT,FREQUENCY_UNINTERPRETED,aggregated_reporting_requirement;limit_sample_type_code;monitoring_frequency_code;permit_limit_comment_text,DETERMINATE,,1,1,,
measurement:dmr_form_value_id=3920642887,NM0020583,001,00310,2025-06-30,7,30,permit_limit_row:limit_set_schedule_id=3600891019|limit_value_id=3610673282,WITHIN_LIMIT,FREQUENCY_UNINTERPRETED,aggregated_reporting_requirement;limit_sample_type_code;monitoring_frequency_code;permit_limit_comment_text,DETERMINATE,,1,1,,
measurement:dmr_form_value_id=3920642888,NM0020583,001,00310,2025-06-30,8,45,permit_limit_row:limit_set_schedule_id=3600891019|limit_value_id=3610673281,WITHIN_LIMIT,FREQUENCY_UNINTERPRETED,aggregated_reporting_requirement;limit_sample_type_code;monitoring_frequency_code;permit_limit_comment_text,DETERMINATE,,1,1,,
measurement:dmr_form_value_id=3920642889,NM0020583,001,00310,2025-06-30,307,1669,permit_limit_row:limit_set_schedule_id=3600891019|limit_value_id=3610673284,WITHIN_LIMIT,FREQUENCY_UNINTERPRETED,aggregated_reporting_requirement;limit_sample_type_code;monitoring_frequency_code;permit_limit_comment_text,DETERMINATE,,1,1,,
measurement:dmr_form_value_id=3920642890,NM0020583,001,00310,2025-06-30,380,2504,permit_limit_row:limit_set_schedule_id=3600891019|limit_value_id=3610673283,WITHIN_LIMIT,FREQUENCY_UNINTERPRETED,aggregated_reporting_requirement;limit_sample_type_code;monitoring_frequency_code;permit_limit_comment_text,DETERMINATE,,1,1,,
measurement:dmr_form_value_id=3920642919,NM0020583,001,00310,2025-07-31,7,30,permit_limit_row:limit_set_schedule_id=3600891019|limit_value_id=3610673282,WITHIN_LIMIT,FREQUENCY_UNINTERPRETED,aggregated_reporting_requirement;limit_sample_type_code;monitoring_frequency_code;permit_limit_comment_text,DETERMINATE,,1,1,,
measurement:dmr_form_value_id=3920642920,NM0020583,001,00310,2025-07-31,9,45,permit_limit_row:limit_set_schedule_id=3600891019|limit_value_id=3610673281,WITHIN_LIMIT,FREQUENCY_UNINTERPRETED,aggregated_reporting_requirement;limit_sample_type_code;monitoring_frequency_code;permit_limit_comment_text,DETERMINATE,,1,1,,
measurement:dmr_form_value_id=3920642921,NM0020583,001,00310,2025-07-31,366,1669,permit_limit_row:limit_set_schedule_id=3600891019|limit_value_id=3610673284,WITHIN_LIMIT,FREQUENCY_UNINTERPRETED,aggregated_reporting_requirement;limit_sample_type_code;monitoring_frequency_code;permit_limit_comment_text,DETERMINATE,,1,1,,
measurement:dmr_form_value_id=3920642922,NM0020583,001,00310,2025-07-31,470,2504,permit_limit_row:limit_set_schedule_id=3600891019|limit_value_id=3610673283,WITHIN_LIMIT,FREQUENCY_UNINTERPRETED,aggregated_reporting_requirement;limit_sample_type_code;monitoring_frequency_code;permit_limit_comment_text,DETERMINATE,,1,1,,
measurement:dmr_form_value_id=3920642951,NM0020583,001,00310,2025-08-31,6,30,permit_limit_row:limit_set_schedule_id=3600891019|limit_value_id=3610673282,WITHIN_LIMIT,FREQUENCY_UNINTERPRETED,aggregated_reporting_requirement;limit_sample_type_code;monitoring_frequency_code;permit_limit_comment_text,DETERMINATE,,1,1,,
measurement:dmr_form_value_id=3920642952,NM0020583,001,00310,2025-08-31,8,45,permit_limit_row:limit_set_schedule_id=3600891019|limit_value_id=3610673281,WITHIN_LIMIT,FREQUENCY_UNINTERPRETED,aggregated_reporting_requirement;limit_sample_type_code;monitoring_frequency_code;permit_limit_comment_text,DETERMINATE,,1,1,,
measurement:dmr_form_value_id=3920642953,NM0020583,001,00310,2025-08-31,299,1669,permit_limit_row:limit_set_schedule_id=3600891019|limit_value_id=3610673284,WITHIN_LIMIT,FREQUENCY_UNINTERPRETED,aggregated_reporting_requirement;limit_sample_type_code;monitoring_frequency_code;permit_limit_comment_text,DETERMINATE,,1,1,,
measurement:dmr_form_value_id=3920642954,NM0020583,001,00310,2025-08-31,354,2504,permit_limit_row:limit_set_schedule_id=3600891019|limit_value_id=3610673283,WITHIN_LIMIT,FREQUENCY_UNINTERPRETED,aggregated_reporting_requirement;limit_sample_type_code;monitoring_frequency_code;permit_limit_comment_text,DETERMINATE,,1,1,,
measurement:dmr_form_value_id=3920642983,NM0020583,001,00310,2025-09-30,5,30,permit_limit_row:limit_set_schedule_id=3600891019|limit_value_id=3610673282,WITHIN_LIMIT,FREQUENCY_UNINTERPRETED,aggregated_reporting_requirement;limit_sample_type_code;monitoring_frequency_code;permit_limit_comment_text,DETERMINATE,,1,1,,
measurement:dmr_form_value_id=3920642984,NM0020583,001,00310,2025-09-30,6,45,permit_limit_row:limit_set_schedule_id=3600891019|limit_value_id=3610673281,WITHIN_LIMIT,FREQUENCY_UNINTERPRETED,aggregated_reporting_requirement;limit_sample_type_code;monitoring_frequency_code;permit_limit_comment_text,DETERMINATE,,1,1,,
measurement:dmr_form_value_id=3920642985,NM0020583,001,00310,2025-09-30,223,1669,permit_limit_row:limit_set_schedule_id=3600891019|limit_value_id=3610673284,WITHIN_LIMIT,FREQUENCY_UNINTERPRETED,aggregated_reporting_requirement;limit_sample_type_code;monitoring_frequency_code;permit_limit_comment_text,DETERMINATE,,1,1,,
measurement:dmr_form_value_id=3920642986,NM0020583,001,00310,2025-09-30,287,2504,permit_limit_row:limit_set_schedule_id=3600891019|limit_value_id=3610673283,WITHIN_LIMIT,FREQUENCY_UNINTERPRETED,aggregated_reporting_requirement;limit_sample_type_code;monitoring_frequency_code;permit_limit_comment_text,DETERMINATE,,1,1,,
measurement:dmr_form_value_id=3920642635,NM0020583,001,00400,2024-10-31,7,6.6,permit_limit_row:limit_set_schedule_id=3600891019|limit_value_id=3610673290,WITHIN_LIMIT,FREQUENCY_UNINTERPRETED,aggregated_reporting_requirement;limit_sample_type_code;monitoring_frequency_code;permit_limit_comment_text,DETERMINATE,,1,1,,
measurement:dmr_form_value_id=3920642636,NM0020583,001,00400,2024-10-31,7.3,9,permit_limit_row:limit_set_schedule_id=3600891019|limit_value_id=3610673289,WITHIN_LIMIT,FREQUENCY_UNINTERPRETED,aggregated_reporting_requirement;limit_sample_type_code;monitoring_frequency_code;permit_limit_comment_text,DETERMINATE,,1,1,,
measurement:dmr_form_value_id=3920642667,NM0020583,001,00400,2024-11-30,6.8,6.6,permit_limit_row:limit_set_schedule_id=3600891019|limit_value_id=3610673290,WITHIN_LIMIT,FREQUENCY_UNINTERPRETED,aggregated_reporting_requirement;limit_sample_type_code;monitoring_frequency_code;permit_limit_comment_text,DETERMINATE,,1,1,,
measurement:dmr_form_value_id=3920642668,NM0020583,001,00400,2024-11-30,8.5,9,permit_limit_row:limit_set_schedule_id=3600891019|limit_value_id=3610673289,WITHIN_LIMIT,FREQUENCY_UNINTERPRETED,aggregated_reporting_requirement;limit_sample_type_code;monitoring_frequency_code;permit_limit_comment_text,DETERMINATE,,1,1,,
measurement:dmr_form_value_id=3920642699,NM0020583,001,00400,2024-12-31,6.8,6.6,permit_limit_row:limit_set_schedule_id=3600891019|limit_value_id=3610673290,WITHIN_LIMIT,FREQUENCY_UNINTERPRETED,aggregated_reporting_requirement;limit_sample_type_code;monitoring_frequency_code;permit_limit_comment_text,DETERMINATE,,1,1,,
measurement:dmr_form_value_id=3920642700,NM0020583,001,00400,2024-12-31,7.2,9,permit_limit_row:limit_set_schedule_id=3600891019|limit_value_id=3610673289,WITHIN_LIMIT,FREQUENCY_UNINTERPRETED,aggregated_reporting_requirement;limit_sample_type_code;monitoring_frequency_code;permit_limit_comment_text,DETERMINATE,,1,1,,
measurement:dmr_form_value_id=3920642731,NM0020583,001,00400,2025-01-31,6.8,6.6,permit_limit_row:limit_set_schedule_id=3600891019|limit_value_id=3610673290,WITHIN_LIMIT,FREQUENCY_UNINTERPRETED,aggregated_reporting_requirement;limit_sample_type_code;monitoring_frequency_code;permit_limit_comment_text,DETERMINATE,,1,1,,
measurement:dmr_form_value_id=3920642732,NM0020583,001,00400,2025-01-31,7,9,permit_limit_row:limit_set_schedule_id=3600891019|limit_value_id=3610673289,WITHIN_LIMIT,FREQUENCY_UNINTERPRETED,aggregated_reporting_requirement;limit_sample_type_code;monitoring_frequency_code;permit_limit_comment_text,DETERMINATE,,1,1,,
measurement:dmr_form_value_id=3920642763,NM0020583,001,00400,2025-02-28,6.9,6.6,permit_limit_row:limit_set_schedule_id=3600891019|limit_value_id=3610673290,WITHIN_LIMIT,FREQUENCY_UNINTERPRETED,aggregated_reporting_requirement;limit_sample_type_code;monitoring_frequency_code;permit_limit_comment_text,DETERMINATE,,1,1,,
measurement:dmr_form_value_id=3920642764,NM0020583,001,00400,2025-02-28,7.1,9,permit_limit_row:limit_set_schedule_id=3600891019|limit_value_id=3610673289,WITHIN_LIMIT,FREQUENCY_UNINTERPRETED,aggregated_reporting_requirement;limit_sample_type_code;monitoring_frequency_code;permit_limit_comment_text,DETERMINATE,,1,1,,
measurement:dmr_form_value_id=3920642795,NM0020583,001,00400,2025-03-31,6.9,6.6,permit_limit_row:limit_set_schedule_id=3600891019|limit_value_id=3610673290,WITHIN_LIMIT,FREQUENCY_UNINTERPRETED,aggregated_reporting_requirement;limit_sample_type_code;monitoring_frequency_code;permit_limit_comment_text,DETERMINATE,,1,1,,
measurement:dmr_form_value_id=3920642796,NM0020583,001,00400,2025-03-31,7.1,9,permit_limit_row:limit_set_schedule_id=3600891019|limit_value_id=3610673289,WITHIN_LIMIT,FREQUENCY_UNINTERPRETED,aggregated_reporting_requirement;limit_sample_type_code;monitoring_frequency_code;permit_limit_comment_text,DETERMINATE,,1,1,,
measurement:dmr_form_value_id=3920642827,NM0020583,001,00400,2025-04-30,6.8,6.6,permit_limit_row:limit_set_schedule_id=3600891019|limit_value_id=3610673290,WITHIN_LIMIT,FREQUENCY_UNINTERPRETED,aggregated_reporting_requirement;limit_sample_type_code;monitoring_frequency_code;permit_limit_comment_text,DETERMINATE,,1,1,,
measurement:dmr_form_value_id=3920642828,NM0020583,001,00400,2025-04-30,7.1,9,permit_limit_row:limit_set_schedule_id=3600891019|limit_value_id=3610673289,WITHIN_LIMIT,FREQUENCY_UNINTERPRETED,aggregated_reporting_requirement;limit_sample_type_code;monitoring_frequency_code;permit_limit_comment_text,DETERMINATE,,1,1,,
measurement:dmr_form_value_id=3920642859,NM0020583,001,00400,2025-05-31,7.2,6.6,permit_limit_row:limit_set_schedule_id=3600891019|limit_value_id=3610673290,WITHIN_LIMIT,FREQUENCY_UNINTERPRETED,aggregated_reporting_requirement;limit_sample_type_code;monitoring_frequency_code;permit_limit_comment_text,DETERMINATE,,1,1,,
measurement:dmr_form_value_id=3920642860,NM0020583,001,00400,2025-05-31,7.4,9,permit_limit_row:limit_set_schedule_id=3600891019|limit_value_id=3610673289,WITHIN_LIMIT,FREQUENCY_UNINTERPRETED,aggregated_reporting_requirement;limit_sample_type_code;monitoring_frequency_code;permit_limit_comment_text,DETERMINATE,,1,1,,
measurement:dmr_form_value_id=3920642891,NM0020583,001,00400,2025-06-30,7.1,6.6,permit_limit_row:limit_set_schedule_id=3600891019|limit_value_id=3610673290,WITHIN_LIMIT,FREQUENCY_UNINTERPRETED,aggregated_reporting_requirement;limit_sample_type_code;monitoring_frequency_code;permit_limit_comment_text,DETERMINATE,,1,1,,
measurement:dmr_form_value_id=3920642892,NM0020583,001,00400,2025-06-30,7.3,9,permit_limit_row:limit_set_schedule_id=3600891019|limit_value_id=3610673289,WITHIN_LIMIT,FREQUENCY_UNINTERPRETED,aggregated_reporting_requirement;limit_sample_type_code;monitoring_frequency_code;permit_limit_comment_text,DETERMINATE,,1,1,,
measurement:dmr_form_value_id=3920642923,NM0020583,001,00400,2025-07-31,7,6.6,permit_limit_row:limit_set_schedule_id=3600891019|limit_value_id=3610673290,WITHIN_LIMIT,FREQUENCY_UNINTERPRETED,aggregated_reporting_requirement;limit_sample_type_code;monitoring_frequency_code;permit_limit_comment_text,DETERMINATE,,1,1,,
measurement:dmr_form_value_id=3920642924,NM0020583,001,00400,2025-07-31,7.3,9,permit_limit_row:limit_set_schedule_id=3600891019|limit_value_id=3610673289,WITHIN_LIMIT,FREQUENCY_UNINTERPRETED,aggregated_reporting_requirement;limit_sample_type_code;monitoring_frequency_code;permit_limit_comment_text,DETERMINATE,,1,1,,
measurement:dmr_form_value_id=3920642955,NM0020583,001,00400,2025-08-31,7,6.6,permit_limit_row:limit_set_schedule_id=3600891019|limit_value_id=3610673290,WITHIN_LIMIT,FREQUENCY_UNINTERPRETED,aggregated_reporting_requirement;limit_sample_type_code;monitoring_frequency_code;permit_limit_comment_text,DETERMINATE,,1,1,,
measurement:dmr_form_value_id=3920642956,NM0020583,001,00400,2025-08-31,7.2,9,permit_limit_row:limit_set_schedule_id=3600891019|limit_value_id=3610673289,WITHIN_LIMIT,FREQUENCY_UNINTERPRETED,aggregated_reporting_requirement;limit_sample_type_code;monitoring_frequency_code;permit_limit_comment_text,DETERMINATE,,1,1,,
measurement:dmr_form_value_id=3920642987,NM0020583,001,00400,2025-09-30,7.1,6.6,permit_limit_row:limit_set_schedule_id=3600891019|limit_value_id=3610673290,WITHIN_LIMIT,FREQUENCY_UNINTERPRETED,aggregated_reporting_requirement;limit_sample_type_code;monitoring_frequency_code;permit_limit_comment_text,DETERMINATE,,1,1,,
measurement:dmr_form_value_id=3920642988,NM0020583,001,00400,2025-09-30,7.2,9,permit_limit_row:limit_set_schedule_id=3600891019|limit_value_id=3610673289,WITHIN_LIMIT,FREQUENCY_UNINTERPRETED,aggregated_reporting_requirement;limit_sample_type_code;monitoring_frequency_code;permit_limit_comment_text,DETERMINATE,,1,1,,
measurement:dmr_form_value_id=3920642637,NM0020583,001,00530,2024-10-31,4,30,permit_limit_row:limit_set_schedule_id=3600891019|limit_value_id=3610673278,WITHIN_LIMIT,FREQUENCY_UNINTERPRETED,aggregated_reporting_requirement;limit_sample_type_code;monitoring_frequency_code;permit_limit_comment_text,DETERMINATE,,1,1,,
measurement:dmr_form_value_id=3920642638,NM0020583,001,00530,2024-10-31,6,45,permit_limit_row:limit_set_schedule_id=3600891019|limit_value_id=3610673277,WITHIN_LIMIT,FREQUENCY_UNINTERPRETED,aggregated_reporting_requirement;limit_sample_type_code;monitoring_frequency_code;permit_limit_comment_text,DETERMINATE,,1,1,,
measurement:dmr_form_value_id=3920642639,NM0020583,001,00530,2024-10-31,160,1669,permit_limit_row:limit_set_schedule_id=3600891019|limit_value_id=3610673280,WITHIN_LIMIT,FREQUENCY_UNINTERPRETED,aggregated_reporting_requirement;limit_sample_type_code;monitoring_frequency_code;permit_limit_comment_text,DETERMINATE,,1,1,,
measurement:dmr_form_value_id=3920642640,NM0020583,001,00530,2024-10-31,218,2504,permit_limit_row:limit_set_schedule_id=3600891019|limit_value_id=3610673279,WITHIN_LIMIT,FREQUENCY_UNINTERPRETED,aggregated_reporting_requirement;limit_sample_type_code;monitoring_frequency_code;permit_limit_comment_text,DETERMINATE,,1,1,,
measurement:dmr_form_value_id=3920642669,NM0020583,001,00530,2024-11-30,12,30,permit_limit_row:limit_set_schedule_id=3600891019|limit_value_id=3610673278,WITHIN_LIMIT,FREQUENCY_UNINTERPRETED,aggregated_reporting_requirement;limit_sample_type_code;monitoring_frequency_code;permit_limit_comment_text,DETERMINATE,,1,1,,
measurement:dmr_form_value_id=3920642670,NM0020583,001,00530,2024-11-30,19,45,permit_limit_row:limit_set_schedule_id=3600891019|limit_value_id=3610673277,WITHIN_LIMIT,FREQUENCY_UNINTERPRETED,aggregated_reporting_requirement;limit_sample_type_code;monitoring_frequency_code;permit_limit_comment_text,DETERMINATE,,1,1,,
measurement:dmr_form_value_id=3920642671,NM0020583,001,00530,2024-11-30,376,1669,permit_limit_row:limit_set_schedule_id=3600891019|limit_value_id=3610673280,WITHIN_LIMIT,FREQUENCY_UNINTERPRETED,aggregated_reporting_requirement;limit_sample_type_code;monitoring_frequency_code;permit_limit_comment_text,DETERMINATE,,1,1,,
measurement:dmr_form_value_id=3920642672,NM0020583,001,00530,2024-11-30,607,2504,permit_limit_row:limit_set_schedule_id=3600891019|limit_value_id=3610673279,WITHIN_LIMIT,FREQUENCY_UNINTERPRETED,aggregated_reporting_requirement;limit_sample_type_code;monitoring_frequency_code;permit_limit_comment_text,DETERMINATE,,1,1,,
measurement:dmr_form_value_id=3920642701,NM0020583,001,00530,2024-12-31,12,30,permit_limit_row:limit_set_schedule_id=3600891019|limit_value_id=3610673278,WITHIN_LIMIT,FREQUENCY_UNINTERPRETED,aggregated_reporting_requirement;limit_sample_type_code;monitoring_frequency_code;permit_limit_comment_text,DETERMINATE,,1,1,,
measurement:dmr_form_value_id=3920642702,NM0020583,001,00530,2024-12-31,18,45,permit_limit_row:limit_set_schedule_id=3600891019|limit_value_id=3610673277,WITHIN_LIMIT,FREQUENCY_UNINTERPRETED,aggregated_reporting_requirement;limit_sample_type_code;monitoring_frequency_code;permit_limit_comment_text,DETERMINATE,,1,1,,
measurement:dmr_form_value_id=3920642703,NM0020583,001,00530,2024-12-31,377,1669,permit_limit_row:limit_set_schedule_id=3600891019|limit_value_id=3610673280,WITHIN_LIMIT,FREQUENCY_UNINTERPRETED,aggregated_reporting_requirement;limit_sample_type_code;monitoring_frequency_code;permit_limit_comment_text,DETERMINATE,,1,1,,
measurement:dmr_form_value_id=3920642704,NM0020583,001,00530,2024-12-31,567,2504,permit_limit_row:limit_set_schedule_id=3600891019|limit_value_id=3610673279,WITHIN_LIMIT,FREQUENCY_UNINTERPRETED,aggregated_reporting_requirement;limit_sample_type_code;monitoring_frequency_code;permit_limit_comment_text,DETERMINATE,,1,1,,
measurement:dmr_form_value_id=3920642733,NM0020583,001,00530,2025-01-31,7,30,permit_limit_row:limit_set_schedule_id=3600891019|limit_value_id=3610673278,WITHIN_LIMIT,FREQUENCY_UNINTERPRETED,aggregated_reporting_requirement;limit_sample_type_code;monitoring_frequency_code;permit_limit_comment_text,DETERMINATE,,1,1,,
measurement:dmr_form_value_id=3920642734,NM0020583,001,00530,2025-01-31,8,45,permit_limit_row:limit_set_schedule_id=3600891019|limit_value_id=3610673277,WITHIN_LIMIT,FREQUENCY_UNINTERPRETED,aggregated_reporting_requirement;limit_sample_type_code;monitoring_frequency_code;permit_limit_comment_text,DETERMINATE,,1,1,,
measurement:dmr_form_value_id=3920642735,NM0020583,001,00530,2025-01-31,218,1669,permit_limit_row:limit_set_schedule_id=3600891019|limit_value_id=3610673280,WITHIN_LIMIT,FREQUENCY_UNINTERPRETED,aggregated_reporting_requirement;limit_sample_type_code;monitoring_frequency_code;permit_limit_comment_text,DETERMINATE,,1,1,,
measurement:dmr_form_value_id=3920642736,NM0020583,001,00530,2025-01-31,240,2504,permit_limit_row:limit_set_schedule_id=3600891019|limit_value_id=3610673279,WITHIN_LIMIT,FREQUENCY_UNINTERPRETED,aggregated_reporting_requirement;limit_sample_type_code;monitoring_frequency_code;permit_limit_comment_text,DETERMINATE,,1,1,,
measurement:dmr_form_value_id=3920642765,NM0020583,001,00530,2025-02-28,7,30,permit_limit_row:limit_set_schedule_id=3600891019|limit_value_id=3610673278,WITHIN_LIMIT,FREQUENCY_UNINTERPRETED,aggregated_reporting_requirement;limit_sample_type_code;monitoring_frequency_code;permit_limit_comment_text,DETERMINATE,,1,1,,
measurement:dmr_form_value_id=3920642766,NM0020583,001,00530,2025-02-28,8,45,permit_limit_row:limit_set_schedule_id=3600891019|limit_value_id=3610673277,WITHIN_LIMIT,FREQUENCY_UNINTERPRETED,aggregated_reporting_requirement;limit_sample_type_code;monitoring_frequency_code;permit_limit_comment_text,DETERMINATE,,1,1,,
measurement:dmr_form_value_id=3920642767,NM0020583,001,00530,2025-02-28,234,1669,permit_limit_row:limit_set_schedule_id=3600891019|limit_value_id=3610673280,WITHIN_LIMIT,FREQUENCY_UNINTERPRETED,aggregated_reporting_requirement;limit_sample_type_code;monitoring_frequency_code;permit_limit_comment_text,DETERMINATE,,1,1,,
measurement:dmr_form_value_id=3920642768,NM0020583,001,00530,2025-02-28,286,2504,permit_limit_row:limit_set_schedule_id=3600891019|limit_value_id=3610673279,WITHIN_LIMIT,FREQUENCY_UNINTERPRETED,aggregated_reporting_requirement;limit_sample_type_code;monitoring_frequency_code;permit_limit_comment_text,DETERMINATE,,1,1,,
measurement:dmr_form_value_id=3920642797,NM0020583,001,00530,2025-03-31,5,30,permit_limit_row:limit_set_schedule_id=3600891019|limit_value_id=3610673278,WITHIN_LIMIT,FREQUENCY_UNINTERPRETED,aggregated_reporting_requirement;limit_sample_type_code;monitoring_frequency_code;permit_limit_comment_text,DETERMINATE,,1,1,,
measurement:dmr_form_value_id=3920642798,NM0020583,001,00530,2025-03-31,6,45,permit_limit_row:limit_set_schedule_id=3600891019|limit_value_id=3610673277,WITHIN_LIMIT,FREQUENCY_UNINTERPRETED,aggregated_reporting_requirement;limit_sample_type_code;monitoring_frequency_code;permit_limit_comment_text,DETERMINATE,,1,1,,
measurement:dmr_form_value_id=3920642799,NM0020583,001,00530,2025-03-31,192,1669,permit_limit_row:limit_set_schedule_id=3600891019|limit_value_id=3610673280,WITHIN_LIMIT,FREQUENCY_UNINTERPRETED,aggregated_reporting_requirement;limit_sample_type_code;monitoring_frequency_code;permit_limit_comment_text,DETERMINATE,,1,1,,
measurement:dmr_form_value_id=3920642800,NM0020583,001,00530,2025-03-31,230,2504,permit_limit_row:limit_set_schedule_id=3600891019|limit_value_id=3610673279,WITHIN_LIMIT,FREQUENCY_UNINTERPRETED,aggregated_reporting_requirement;limit_sample_type_code;monitoring_frequency_code;permit_limit_comment_text,DETERMINATE,,1,1,,
measurement:dmr_form_value_id=3920642829,NM0020583,001,00530,2025-04-30,6,30,permit_limit_row:limit_set_schedule_id=3600891019|limit_value_id=3610673278,WITHIN_LIMIT,FREQUENCY_UNINTERPRETED,aggregated_reporting_requirement;limit_sample_type_code;monitoring_frequency_code;permit_limit_comment_text,DETERMINATE,,1,1,,
measurement:dmr_form_value_id=3920642830,NM0020583,001,00530,2025-04-30,8,45,permit_limit_row:limit_set_schedule_id=3600891019|limit_value_id=3610673277,WITHIN_LIMIT,FREQUENCY_UNINTERPRETED,aggregated_reporting_requirement;limit_sample_type_code;monitoring_frequency_code;permit_limit_comment_text,DETERMINATE,,1,1,,
measurement:dmr_form_value_id=3920642831,NM0020583,001,00530,2025-04-30,235,1669,permit_limit_row:limit_set_schedule_id=3600891019|limit_value_id=3610673280,WITHIN_LIMIT,FREQUENCY_UNINTERPRETED,aggregated_reporting_requirement;limit_sample_type_code;monitoring_frequency_code;permit_limit_comment_text,DETERMINATE,,1,1,,
measurement:dmr_form_value_id=3920642832,NM0020583,001,00530,2025-04-30,359,2504,permit_limit_row:limit_set_schedule_id=3600891019|limit_value_id=3610673279,WITHIN_LIMIT,FREQUENCY_UNINTERPRETED,aggregated_reporting_requirement;limit_sample_type_code;monitoring_frequency_code;permit_limit_comment_text,DETERMINATE,,1,1,,
measurement:dmr_form_value_id=3920642861,NM0020583,001,00530,2025-05-31,5,30,permit_limit_row:limit_set_schedule_id=3600891019|limit_value_id=3610673278,WITHIN_LIMIT,FREQUENCY_UNINTERPRETED,aggregated_reporting_requirement;limit_sample_type_code;monitoring_frequency_code;permit_limit_comment_text,DETERMINATE,,1,1,,
measurement:dmr_form_value_id=3920642862,NM0020583,001,00530,2025-05-31,8,45,permit_limit_row:limit_set_schedule_id=3600891019|limit_value_id=3610673277,WITHIN_LIMIT,FREQUENCY_UNINTERPRETED,aggregated_reporting_requirement;limit_sample_type_code;monitoring_frequency_code;permit_limit_comment_text,DETERMINATE,,1,1,,
measurement:dmr_form_value_id=3920642863,NM0020583,001,00530,2025-05-31,223,1669,permit_limit_row:limit_set_schedule_id=3600891019|limit_value_id=3610673280,WITHIN_LIMIT,FREQUENCY_UNINTERPRETED,aggregated_reporting_requirement;limit_sample_type_code;monitoring_frequency_code;permit_limit_comment_text,DETERMINATE,,1,1,,
measurement:dmr_form_value_id=3920642864,NM0020583,001,00530,2025-05-31,344,2504,permit_limit_row:limit_set_schedule_id=3600891019|limit_value_id=3610673279,WITHIN_LIMIT,FREQUENCY_UNINTERPRETED,aggregated_reporting_requirement;limit_sample_type_code;monitoring_frequency_code;permit_limit_comment_text,DETERMINATE,,1,1,,
measurement:dmr_form_value_id=3920642893,NM0020583,001,00530,2025-06-30,7,30,permit_limit_row:limit_set_schedule_id=3600891019|limit_value_id=3610673278,WITHIN_LIMIT,FREQUENCY_UNINTERPRETED,aggregated_reporting_requirement;limit_sample_type_code;monitoring_frequency_code;permit_limit_comment_text,DETERMINATE,,1,1,,
measurement:dmr_form_value_id=3920642894,NM0020583,001,00530,2025-06-30,10,45,permit_limit_row:limit_set_schedule_id=3600891019|limit_value_id=3610673277,WITHIN_LIMIT,FREQUENCY_UNINTERPRETED,aggregated_reporting_requirement;limit_sample_type_code;monitoring_frequency_code;permit_limit_comment_text,DETERMINATE,,1,1,,
measurement:dmr_form_value_id=3920642895,NM0020583,001,00530,2025-06-30,314,1669,permit_limit_row:limit_set_schedule_id=3600891019|limit_value_id=3610673280,WITHIN_LIMIT,FREQUENCY_UNINTERPRETED,aggregated_reporting_requirement;limit_sample_type_code;monitoring_frequency_code;permit_limit_comment_text,DETERMINATE,,1,1,,
measurement:dmr_form_value_id=3920642896,NM0020583,001,00530,2025-06-30,361,2504,permit_limit_row:limit_set_schedule_id=3600891019|limit_value_id=3610673279,WITHIN_LIMIT,FREQUENCY_UNINTERPRETED,aggregated_reporting_requirement;limit_sample_type_code;monitoring_frequency_code;permit_limit_comment_text,DETERMINATE,,1,1,,
measurement:dmr_form_value_id=3920642925,NM0020583,001,00530,2025-07-31,5,30,permit_limit_row:limit_set_schedule_id=3600891019|limit_value_id=3610673278,WITHIN_LIMIT,FREQUENCY_UNINTERPRETED,aggregated_reporting_requirement;limit_sample_type_code;monitoring_frequency_code;permit_limit_comment_text,DETERMINATE,,1,1,,
measurement:dmr_form_value_id=3920642926,NM0020583,001,00530,2025-07-31,9,45,permit_limit_row:limit_set_schedule_id=3600891019|limit_value_id=3610673277,WITHIN_LIMIT,FREQUENCY_UNINTERPRETED,aggregated_reporting_requirement;limit_sample_type_code;monitoring_frequency_code;permit_limit_comment_text,DETERMINATE,,1,1,,
measurement:dmr_form_value_id=3920642927,NM0020583,001,00530,2025-07-31,239,1669,permit_limit_row:limit_set_schedule_id=3600891019|limit_value_id=3610673280,WITHIN_LIMIT,FREQUENCY_UNINTERPRETED,aggregated_reporting_requirement;limit_sample_type_code;monitoring_frequency_code;permit_limit_comment_text,DETERMINATE,,1,1,,
measurement:dmr_form_value_id=3920642928,NM0020583,001,00530,2025-07-31,434,2504,permit_limit_row:limit_set_schedule_id=3600891019|limit_value_id=3610673279,WITHIN_LIMIT,FREQUENCY_UNINTERPRETED,aggregated_reporting_requirement;limit_sample_type_code;monitoring_frequency_code;permit_limit_comment_text,DETERMINATE,,1,1,,
measurement:dmr_form_value_id=3920642957,NM0020583,001,00530,2025-08-31,3,30,permit_limit_row:limit_set_schedule_id=3600891019|limit_value_id=3610673278,WITHIN_LIMIT,FREQUENCY_UNINTERPRETED,aggregated_reporting_requirement;limit_sample_type_code;monitoring_frequency_code;permit_limit_comment_text,DETERMINATE,,1,1,,
measurement:dmr_form_value_id=3920642958,NM0020583,001,00530,2025-08-31,4,45,permit_limit_row:limit_set_schedule_id=3600891019|limit_value_id=3610673277,WITHIN_LIMIT,FREQUENCY_UNINTERPRETED,aggregated_reporting_requirement;limit_sample_type_code;monitoring_frequency_code;permit_limit_comment_text,DETERMINATE,,1,1,,
measurement:dmr_form_value_id=3920642959,NM0020583,001,00530,2025-08-31,146,1669,permit_limit_row:limit_set_schedule_id=3600891019|limit_value_id=3610673280,WITHIN_LIMIT,FREQUENCY_UNINTERPRETED,aggregated_reporting_requirement;limit_sample_type_code;monitoring_frequency_code;permit_limit_comment_text,DETERMINATE,,1,1,,
measurement:dmr_form_value_id=3920642960,NM0020583,001,00530,2025-08-31,192,2504,permit_limit_row:limit_set_schedule_id=3600891019|limit_value_id=3610673279,WITHIN_LIMIT,FREQUENCY_UNINTERPRETED,aggregated_reporting_requirement;limit_sample_type_code;monitoring_frequency_code;permit_limit_comment_text,DETERMINATE,,1,1,,
measurement:dmr_form_value_id=3920642989,NM0020583,001,00530,2025-09-30,4,30,permit_limit_row:limit_set_schedule_id=3600891019|limit_value_id=3610673278,WITHIN_LIMIT,FREQUENCY_UNINTERPRETED,aggregated_reporting_requirement;limit_sample_type_code;monitoring_frequency_code;permit_limit_comment_text,DETERMINATE,,1,1,,
measurement:dmr_form_value_id=3920642990,NM0020583,001,00530,2025-09-30,6,45,permit_limit_row:limit_set_schedule_id=3600891019|limit_value_id=3610673277,WITHIN_LIMIT,FREQUENCY_UNINTERPRETED,aggregated_reporting_requirement;limit_sample_type_code;monitoring_frequency_code;permit_limit_comment_text,DETERMINATE,,1,1,,
measurement:dmr_form_value_id=3920642991,NM0020583,001,00530,2025-09-30,179,1669,permit_limit_row:limit_set_schedule_id=3600891019|limit_value_id=3610673280,WITHIN_LIMIT,FREQUENCY_UNINTERPRETED,aggregated_reporting_requirement;limit_sample_type_code;monitoring_frequency_code;permit_limit_comment_text,DETERMINATE,,1,1,,
measurement:dmr_form_value_id=3920642992,NM0020583,001,00530,2025-09-30,293,2504,permit_limit_row:limit_set_schedule_id=3600891019|limit_value_id=3610673279,WITHIN_LIMIT,FREQUENCY_UNINTERPRETED,aggregated_reporting_requirement;limit_sample_type_code;monitoring_frequency_code;permit_limit_comment_text,DETERMINATE,,1,1,,
measurement:dmr_form_value_id=3920643749,NM0020583,001,00720,2024-10-31,5,14.67,permit_limit_row:limit_set_schedule_id=3600891019|limit_value_id=3610838793,WITHIN_LIMIT,FREQUENCY_UNINTERPRETED,aggregated_reporting_requirement;limit_sample_type_code;monitoring_frequency_code;permit_limit_comment_text,DETERMINATE,,1,1,,
measurement:dmr_form_value_id=3920643750,NM0020583,001,00720,2024-10-31,5,22,permit_limit_row:limit_set_schedule_id=3600891019|limit_value_id=3610838794,WITHIN_LIMIT,FREQUENCY_UNINTERPRETED,aggregated_reporting_requirement;limit_sample_type_code;monitoring_frequency_code;permit_limit_comment_text,DETERMINATE,,1,1,,
measurement:dmr_form_value_id=3920643751,NM0020583,001,00720,2024-10-31,.217,.817,permit_limit_row:limit_set_schedule_id=3600891019|limit_value_id=3610838791,WITHIN_LIMIT,FREQUENCY_UNINTERPRETED,aggregated_reporting_requirement;limit_sample_type_code;monitoring_frequency_code;permit_limit_comment_text,DETERMINATE,,1,1,,
measurement:dmr_form_value_id=3920643752,NM0020583,001,00720,2024-10-31,.219,1.225,permit_limit_row:limit_set_schedule_id=3600891019|limit_value_id=3610838792,WITHIN_LIMIT,FREQUENCY_UNINTERPRETED,aggregated_reporting_requirement;limit_sample_type_code;monitoring_frequency_code;permit_limit_comment_text,DETERMINATE,,1,1,,
measurement:dmr_form_value_id=3920643753,NM0020583,001,00720,2024-11-30,5,14.67,permit_limit_row:limit_set_schedule_id=3600891019|limit_value_id=3610838793,WITHIN_LIMIT,FREQUENCY_UNINTERPRETED,aggregated_reporting_requirement;limit_sample_type_code;monitoring_frequency_code;permit_limit_comment_text,DETERMINATE,,1,1,,
measurement:dmr_form_value_id=3920643754,NM0020583,001,00720,2024-11-30,5,22,permit_limit_row:limit_set_schedule_id=3600891019|limit_value_id=3610838794,WITHIN_LIMIT,FREQUENCY_UNINTERPRETED,aggregated_reporting_requirement;limit_sample_type_code;monitoring_frequency_code;permit_limit_comment_text,DETERMINATE,,1,1,,
measurement:dmr_form_value_id=3920643755,NM0020583,001,00720,2024-11-30,.173,.817,permit_limit_row:limit_set_schedule_id=3600891019|limit_value_id=3610838791,WITHIN_LIMIT,FREQUENCY_UNINTERPRETED,aggregated_reporting_requirement;limit_sample_type_code;monitoring_frequency_code;permit_limit_comment_text,DETERMINATE,,1,1,,
measurement:dmr_form_value_id=3920643756,NM0020583,001,00720,2024-11-30,.183,1.225,permit_limit_row:limit_set_schedule_id=3600891019|limit_value_id=3610838792,WITHIN_LIMIT,FREQUENCY_UNINTERPRETED,aggregated_reporting_requirement;limit_sample_type_code;monitoring_frequency_code;permit_limit_comment_text,DETERMINATE,,1,1,,
measurement:dmr_form_value_id=3920643757,NM0020583,001,00720,2024-12-31,41,14.67,permit_limit_row:limit_set_schedule_id=3600891019|limit_value_id=3610838793,EXCEEDANCE,FREQUENCY_UNINTERPRETED,aggregated_reporting_requirement;limit_sample_type_code;monitoring_frequency_code;permit_limit_comment_text,DETERMINATE,,1,1,,
measurement:dmr_form_value_id=3920643758,NM0020583,001,00720,2024-12-31,48,22,permit_limit_row:limit_set_schedule_id=3600891019|limit_value_id=3610838794,EXCEEDANCE,FREQUENCY_UNINTERPRETED,aggregated_reporting_requirement;limit_sample_type_code;monitoring_frequency_code;permit_limit_comment_text,DETERMINATE,,1,1,,
measurement:dmr_form_value_id=3920643759,NM0020583,001,00720,2024-12-31,1.358,.817,permit_limit_row:limit_set_schedule_id=3600891019|limit_value_id=3610838791,EXCEEDANCE,FREQUENCY_UNINTERPRETED,aggregated_reporting_requirement;limit_sample_type_code;monitoring_frequency_code;permit_limit_comment_text,DETERMINATE,,1,1,,
measurement:dmr_form_value_id=3920643760,NM0020583,001,00720,2024-12-31,1.609,1.225,permit_limit_row:limit_set_schedule_id=3600891019|limit_value_id=3610838792,EXCEEDANCE,FREQUENCY_UNINTERPRETED,aggregated_reporting_requirement;limit_sample_type_code;monitoring_frequency_code;permit_limit_comment_text,DETERMINATE,,1,1,,
measurement:dmr_form_value_id=3920643761,NM0020583,001,00720,2025-01-31,59,14.67,permit_limit_row:limit_set_schedule_id=3600891019|limit_value_id=3610838793,EXCEEDANCE,FREQUENCY_UNINTERPRETED,aggregated_reporting_requirement;limit_sample_type_code;monitoring_frequency_code;permit_limit_comment_text,DETERMINATE,,1,1,,
measurement:dmr_form_value_id=3920643762,NM0020583,001,00720,2025-01-31,61,22,permit_limit_row:limit_set_schedule_id=3600891019|limit_value_id=3610838794,EXCEEDANCE,FREQUENCY_UNINTERPRETED,aggregated_reporting_requirement;limit_sample_type_code;monitoring_frequency_code;permit_limit_comment_text,DETERMINATE,,1,1,,
measurement:dmr_form_value_id=3920643763,NM0020583,001,00720,2025-01-31,1.573,.817,permit_limit_row:limit_set_schedule_id=3600891019|limit_value_id=3610838791,EXCEEDANCE,FREQUENCY_UNINTERPRETED,aggregated_reporting_requirement;limit_sample_type_code;monitoring_frequency_code;permit_limit_comment_text,DETERMINATE,,1,1,,
measurement:dmr_form_value_id=3920643764,NM0020583,001,00720,2025-01-31,1.73,1.225,permit_limit_row:limit_set_schedule_id=3600891019|limit_value_id=3610838792,EXCEEDANCE,FREQUENCY_UNINTERPRETED,aggregated_reporting_requirement;limit_sample_type_code;monitoring_frequency_code;permit_limit_comment_text,DETERMINATE,,1,1,,
measurement:dmr_form_value_id=3920643765,NM0020583,001,00720,2025-02-28,46,14.67,permit_limit_row:limit_set_schedule_id=3600891019|limit_value_id=3610838793,EXCEEDANCE,FREQUENCY_UNINTERPRETED,aggregated_reporting_requirement;limit_sample_type_code;monitoring_frequency_code;permit_limit_comment_text,DETERMINATE,,1,1,,
measurement:dmr_form_value_id=3920643766,NM0020583,001,00720,2025-02-28,51,22,permit_limit_row:limit_set_schedule_id=3600891019|limit_value_id=3610838794,EXCEEDANCE,FREQUENCY_UNINTERPRETED,aggregated_reporting_requirement;limit_sample_type_code;monitoring_frequency_code;permit_limit_comment_text,DETERMINATE,,1,1,,
measurement:dmr_form_value_id=3920643767,NM0020583,001,00720,2025-02-28,1.577,.817,permit_limit_row:limit_set_schedule_id=3600891019|limit_value_id=3610838791,EXCEEDANCE,FREQUENCY_UNINTERPRETED,aggregated_reporting_requirement;limit_sample_type_code;monitoring_frequency_code;permit_limit_comment_text,DETERMINATE,,1,1,,
measurement:dmr_form_value_id=3920643768,NM0020583,001,00720,2025-02-28,1.735,1.225,permit_limit_row:limit_set_schedule_id=3600891019|limit_value_id=3610838792,EXCEEDANCE,FREQUENCY_UNINTERPRETED,aggregated_reporting_requirement;limit_sample_type_code;monitoring_frequency_code;permit_limit_comment_text,DETERMINATE,,1,1,,
measurement:dmr_form_value_id=3920643769,NM0020583,001,00720,2025-03-31,45.5,14.67,permit_limit_row:limit_set_schedule_id=3600891019|limit_value_id=3610838793,EXCEEDANCE,FREQUENCY_UNINTERPRETED,aggregated_reporting_requirement;limit_sample_type_code;monitoring_frequency_code;permit_limit_comment_text,DETERMINATE,,1,1,,
measurement:dmr_form_value_id=3920643770,NM0020583,001,00720,2025-03-31,50,22,permit_limit_row:limit_set_schedule_id=3600891019|limit_value_id=3610838794,EXCEEDANCE,FREQUENCY_UNINTERPRETED,aggregated_reporting_requirement;limit_sample_type_code;monitoring_frequency_code;permit_limit_comment_text,DETERMINATE,,1,1,,
measurement:dmr_form_value_id=3920643771,NM0020583,001,00720,2025-03-31,1.607,.817,permit_limit_row:limit_set_schedule_id=3600891019|limit_value_id=3610838791,EXCEEDANCE,FREQUENCY_UNINTERPRETED,aggregated_reporting_requirement;limit_sample_type_code;monitoring_frequency_code;permit_limit_comment_text,DETERMINATE,,1,1,,
measurement:dmr_form_value_id=3920643772,NM0020583,001,00720,2025-03-31,1.743,1.225,permit_limit_row:limit_set_schedule_id=3600891019|limit_value_id=3610838792,EXCEEDANCE,FREQUENCY_UNINTERPRETED,aggregated_reporting_requirement;limit_sample_type_code;monitoring_frequency_code;permit_limit_comment_text,DETERMINATE,,1,1,,
measurement:dmr_form_value_id=3920643773,NM0020583,001,00720,2025-04-30,5,14.67,permit_limit_row:limit_set_schedule_id=3600891019|limit_value_id=3610838793,WITHIN_LIMIT,FREQUENCY_UNINTERPRETED,aggregated_reporting_requirement;limit_sample_type_code;monitoring_frequency_code;permit_limit_comment_text,DETERMINATE,,1,1,,
measurement:dmr_form_value_id=3920643774,NM0020583,001,00720,2025-04-30,5,22,permit_limit_row:limit_set_schedule_id=3600891019|limit_value_id=3610838794,WITHIN_LIMIT,FREQUENCY_UNINTERPRETED,aggregated_reporting_requirement;limit_sample_type_code;monitoring_frequency_code;permit_limit_comment_text,DETERMINATE,,1,1,,
measurement:dmr_form_value_id=3920643775,NM0020583,001,00720,2025-04-30,.188,.817,permit_limit_row:limit_set_schedule_id=3600891019|limit_value_id=3610838791,WITHIN_LIMIT,FREQUENCY_UNINTERPRETED,aggregated_reporting_requirement;limit_sample_type_code;monitoring_frequency_code;permit_limit_comment_text,DETERMINATE,,1,1,,
measurement:dmr_form_value_id=3920643776,NM0020583,001,00720,2025-04-30,.193,1.225,permit_limit_row:limit_set_schedule_id=3600891019|limit_value_id=3610838792,WITHIN_LIMIT,FREQUENCY_UNINTERPRETED,aggregated_reporting_requirement;limit_sample_type_code;monitoring_frequency_code;permit_limit_comment_text,DETERMINATE,,1,1,,
measurement:dmr_form_value_id=3920643777,NM0020583,001,00720,2025-05-31,3.233,14.67,permit_limit_row:limit_set_schedule_id=3600891019|limit_value_id=3610838793,WITHIN_LIMIT,FREQUENCY_UNINTERPRETED,aggregated_reporting_requirement;limit_sample_type_code;monitoring_frequency_code;permit_limit_comment_text,DETERMINATE,,1,1,,
measurement:dmr_form_value_id=3920643778,NM0020583,001,00720,2025-05-31,5,22,permit_limit_row:limit_set_schedule_id=3600891019|limit_value_id=3610838794,WITHIN_LIMIT,FREQUENCY_UNINTERPRETED,aggregated_reporting_requirement;limit_sample_type_code;monitoring_frequency_code;permit_limit_comment_text,DETERMINATE,,1,1,,
measurement:dmr_form_value_id=3920643779,NM0020583,001,00720,2025-05-31,.139,.817,permit_limit_row:limit_set_schedule_id=3600891019|limit_value_id=3610838791,WITHIN_LIMIT,FREQUENCY_UNINTERPRETED,aggregated_reporting_requirement;limit_sample_type_code;monitoring_frequency_code;permit_limit_comment_text,DETERMINATE,,1,1,,
measurement:dmr_form_value_id=3920643780,NM0020583,001,00720,2025-05-31,.214,1.225,permit_limit_row:limit_set_schedule_id=3600891019|limit_value_id=3610838792,WITHIN_LIMIT,FREQUENCY_UNINTERPRETED,aggregated_reporting_requirement;limit_sample_type_code;monitoring_frequency_code;permit_limit_comment_text,DETERMINATE,,1,1,,
measurement:dmr_form_value_id=3920643781,NM0020583,001,00720,2025-06-30,11,14.67,permit_limit_row:limit_set_schedule_id=3600891019|limit_value_id=3610838793,WITHIN_LIMIT,FREQUENCY_UNINTERPRETED,aggregated_reporting_requirement;limit_sample_type_code;monitoring_frequency_code;permit_limit_comment_text,DETERMINATE,,1,1,,
measurement:dmr_form_value_id=3920643782,NM0020583,001,00720,2025-06-30,11,22,permit_limit_row:limit_set_schedule_id=3600891019|limit_value_id=3610838794,WITHIN_LIMIT,FREQUENCY_UNINTERPRETED,aggregated_reporting_requirement;limit_sample_type_code;monitoring_frequency_code;permit_limit_comment_text,DETERMINATE,,1,1,,
measurement:dmr_form_value_id=3920643783,NM0020583,001,00720,2025-06-30,.348,.817,permit_limit_row:limit_set_schedule_id=3600891019|limit_value_id=3610838791,WITHIN_LIMIT,FREQUENCY_UNINTERPRETED,aggregated_reporting_requirement;limit_sample_type_code;monitoring_frequency_code;permit_limit_comment_text,DETERMINATE,,1,1,,
measurement:dmr_form_value_id=3920643784,NM0020583,001,00720,2025-06-30,.475,1.225,permit_limit_row:limit_set_schedule_id=3600891019|limit_value_id=3610838792,WITHIN_LIMIT,FREQUENCY_UNINTERPRETED,aggregated_reporting_requirement;limit_sample_type_code;monitoring_frequency_code;permit_limit_comment_text,DETERMINATE,,1,1,,
measurement:dmr_form_value_id=3920643785,NM0020583,001,00720,2025-07-31,31.7,14.67,permit_limit_row:limit_set_schedule_id=3600891019|limit_value_id=3610838793,EXCEEDANCE,FREQUENCY_UNINTERPRETED,aggregated_reporting_requirement;limit_sample_type_code;monitoring_frequency_code;permit_limit_comment_text,DETERMINATE,,1,1,,
measurement:dmr_form_value_id=3920643786,NM0020583,001,00720,2025-07-31,59,22,permit_limit_row:limit_set_schedule_id=3600891019|limit_value_id=3610838794,EXCEEDANCE,FREQUENCY_UNINTERPRETED,aggregated_reporting_requirement;limit_sample_type_code;monitoring_frequency_code;permit_limit_comment_text,DETERMINATE,,1,1,,
measurement:dmr_form_value_id=3920643787,NM0020583,001,00720,2025-07-31,1.546,.817,permit_limit_row:limit_set_schedule_id=3600891019|limit_value_id=3610838791,EXCEEDANCE,FREQUENCY_UNINTERPRETED,aggregated_reporting_requirement;limit_sample_type_code;monitoring_frequency_code;permit_limit_comment_text,DETERMINATE,,1,1,,
measurement:dmr_form_value_id=3920643788,NM0020583,001,00720,2025-07-31,2.879,1.225,permit_limit_row:limit_set_schedule_id=3600891019|limit_value_id=3610838792,EXCEEDANCE,FREQUENCY_UNINTERPRETED,aggregated_reporting_requirement;limit_sample_type_code;monitoring_frequency_code;permit_limit_comment_text,DETERMINATE,,1,1,,
measurement:dmr_form_value_id=3920643789,NM0020583,001,00720,2025-08-31,3.95,14.67,permit_limit_row:limit_set_schedule_id=3600891019|limit_value_id=3610838793,WITHIN_LIMIT,FREQUENCY_UNINTERPRETED,aggregated_reporting_requirement;limit_sample_type_code;monitoring_frequency_code;permit_limit_comment_text,DETERMINATE,,1,1,,
measurement:dmr_form_value_id=3920643790,NM0020583,001,00720,2025-08-31,4.2,22,permit_limit_row:limit_set_schedule_id=3600891019|limit_value_id=3610838794,WITHIN_LIMIT,FREQUENCY_UNINTERPRETED,aggregated_reporting_requirement;limit_sample_type_code;monitoring_frequency_code;permit_limit_comment_text,DETERMINATE,,1,1,,
measurement:dmr_form_value_id=3920643791,NM0020583,001,00720,2025-08-31,.194,.817,permit_limit_row:limit_set_schedule_id=3600891019|limit_value_id=3610838791,WITHIN_LIMIT,FREQUENCY_UNINTERPRETED,aggregated_reporting_requirement;limit_sample_type_code;monitoring_frequency_code;permit_limit_comment_text,DETERMINATE,,1,1,,
measurement:dmr_form_value_id=3920643792,NM0020583,001,00720,2025-08-31,.207,1.225,permit_limit_row:limit_set_schedule_id=3600891019|limit_value_id=3610838792,WITHIN_LIMIT,FREQUENCY_UNINTERPRETED,aggregated_reporting_requirement;limit_sample_type_code;monitoring_frequency_code;permit_limit_comment_text,DETERMINATE,,1,1,,
measurement:dmr_form_value_id=3920643793,NM0020583,001,00720,2025-09-30,0,14.67,permit_limit_row:limit_set_schedule_id=3600891019|limit_value_id=3610838793,WITHIN_LIMIT,FREQUENCY_UNINTERPRETED,aggregated_reporting_requirement;limit_sample_type_code;monitoring_frequency_code;permit_limit_comment_text,DETERMINATE,,1,1,,
measurement:dmr_form_value_id=3920643794,NM0020583,001,00720,2025-09-30,0,22,permit_limit_row:limit_set_schedule_id=3600891019|limit_value_id=3610838794,WITHIN_LIMIT,FREQUENCY_UNINTERPRETED,aggregated_reporting_requirement;limit_sample_type_code;monitoring_frequency_code;permit_limit_comment_text,DETERMINATE,,1,1,,
measurement:dmr_form_value_id=3920643795,NM0020583,001,00720,2025-09-30,0,.817,permit_limit_row:limit_set_schedule_id=3600891019|limit_value_id=3610838791,WITHIN_LIMIT,FREQUENCY_UNINTERPRETED,aggregated_reporting_requirement;limit_sample_type_code;monitoring_frequency_code;permit_limit_comment_text,DETERMINATE,,1,1,,
measurement:dmr_form_value_id=3920643796,NM0020583,001,00720,2025-09-30,0,1.225,permit_limit_row:limit_set_schedule_id=3600891019|limit_value_id=3610838792,WITHIN_LIMIT,FREQUENCY_UNINTERPRETED,aggregated_reporting_requirement;limit_sample_type_code;monitoring_frequency_code;permit_limit_comment_text,DETERMINATE,,1,1,,
measurement:dmr_form_value_id=3920643864,NM0020583,001,01027,2024-11-30,.5,,permit_limit_row:limit_set_schedule_id=3600904358|limit_value_id=3610838795,NOT_NUMERIC_CANDIDATE,FREQUENCY_UNINTERPRETED,limit_sample_type_code;monitoring_frequency_code,NOT_ESTABLISHED,,1,0,,
measurement:dmr_form_value_id=3920643865,NM0020583,001,01027,2025-02-28,.5,,permit_limit_row:limit_set_schedule_id=3600904358|limit_value_id=3610838795,NOT_NUMERIC_CANDIDATE,FREQUENCY_UNINTERPRETED,limit_sample_type_code;monitoring_frequency_code,NOT_ESTABLISHED,,1,0,,
measurement:dmr_form_value_id=3920643866,NM0020583,001,01027,2025-05-31,.5,,permit_limit_row:limit_set_schedule_id=3600904358|limit_value_id=3610838795,NOT_NUMERIC_CANDIDATE,FREQUENCY_UNINTERPRETED,limit_sample_type_code;monitoring_frequency_code,NOT_ESTABLISHED,,1,0,,
measurement:dmr_form_value_id=3920643867,NM0020583,001,01027,2025-08-31,.18,,permit_limit_row:limit_set_schedule_id=3600904358|limit_value_id=3610838795,NOT_NUMERIC_CANDIDATE,FREQUENCY_UNINTERPRETED,limit_sample_type_code;monitoring_frequency_code,NOT_ESTABLISHED,,1,0,,
measurement:dmr_form_value_id=3920643884,NM0020583,001,34675,2024-11-30,.0000039,,permit_limit_row:limit_set_schedule_id=3600904358|limit_value_id=3610838796,NOT_NUMERIC_CANDIDATE,FREQUENCY_UNINTERPRETED,limit_sample_type_code;monitoring_frequency_code,NOT_ESTABLISHED,,1,0,,
measurement:dmr_form_value_id=3920643885,NM0020583,001,34675,2025-02-28,.0000039,,permit_limit_row:limit_set_schedule_id=3600904358|limit_value_id=3610838796,NOT_NUMERIC_CANDIDATE,FREQUENCY_UNINTERPRETED,limit_sample_type_code;monitoring_frequency_code,NOT_ESTABLISHED,,1,0,,
measurement:dmr_form_value_id=3920643886,NM0020583,001,34675,2025-05-31,.000004,,permit_limit_row:limit_set_schedule_id=3600904358|limit_value_id=3610838796,NOT_NUMERIC_CANDIDATE,FREQUENCY_UNINTERPRETED,limit_sample_type_code;monitoring_frequency_code,NOT_ESTABLISHED,,1,0,,
measurement:dmr_form_value_id=3920643887,NM0020583,001,34675,2025-08-31,.00000097,,permit_limit_row:limit_set_schedule_id=3600904358|limit_value_id=3610838796,NOT_NUMERIC_CANDIDATE,FREQUENCY_UNINTERPRETED,limit_sample_type_code;monitoring_frequency_code,NOT_ESTABLISHED,,1,0,,
measurement:dmr_form_value_id=3920643904,NM0020583,001,39032,2024-11-30,10,,permit_limit_row:limit_set_schedule_id=3600904358|limit_value_id=3610838797,NOT_NUMERIC_CANDIDATE,FREQUENCY_UNINTERPRETED,limit_sample_type_code;monitoring_frequency_code,NOT_ESTABLISHED,,1,0,,
measurement:dmr_form_value_id=3920643905,NM0020583,001,39032,2025-02-28,10,,permit_limit_row:limit_set_schedule_id=3600904358|limit_value_id=3610838797,NOT_NUMERIC_CANDIDATE,FREQUENCY_UNINTERPRETED,limit_sample_type_code;monitoring_frequency_code,NOT_ESTABLISHED,,1,0,,
measurement:dmr_form_value_id=3920643906,NM0020583,001,39032,2025-05-31,10,,permit_limit_row:limit_set_schedule_id=3600904358|limit_value_id=3610838797,NOT_NUMERIC_CANDIDATE,FREQUENCY_UNINTERPRETED,limit_sample_type_code;monitoring_frequency_code,NOT_ESTABLISHED,,1,0,,
measurement:dmr_form_value_id=3920643907,NM0020583,001,39032,2025-08-31,.31,,permit_limit_row:limit_set_schedule_id=3600904358|limit_value_id=3610838797,NOT_NUMERIC_CANDIDATE,FREQUENCY_UNINTERPRETED,limit_sample_type_code;monitoring_frequency_code,NOT_ESTABLISHED,,1,0,,
measurement:dmr_form_value_id=3920643924,NM0020583,001,39330,2024-11-30,.05,,permit_limit_row:limit_set_schedule_id=3600904358|limit_value_id=3610838798,NOT_NUMERIC_CANDIDATE,FREQUENCY_UNINTERPRETED,limit_sample_type_code;monitoring_frequency_code,NOT_ESTABLISHED,,1,0,,
measurement:dmr_form_value_id=3920643925,NM0020583,001,39330,2025-02-28,.05,,permit_limit_row:limit_set_schedule_id=3600904358|limit_value_id=3610838798,NOT_NUMERIC_CANDIDATE,FREQUENCY_UNINTERPRETED,limit_sample_type_code;monitoring_frequency_code,NOT_ESTABLISHED,,1,0,,
measurement:dmr_form_value_id=3920643926,NM0020583,001,39330,2025-05-31,.05,,permit_limit_row:limit_set_schedule_id=3600904358|limit_value_id=3610838798,NOT_NUMERIC_CANDIDATE,FREQUENCY_UNINTERPRETED,limit_sample_type_code;monitoring_frequency_code,NOT_ESTABLISHED,,1,0,,
measurement:dmr_form_value_id=3920643927,NM0020583,001,39330,2025-08-31,.0031,,permit_limit_row:limit_set_schedule_id=3600904358|limit_value_id=3610838798,NOT_NUMERIC_CANDIDATE,FREQUENCY_UNINTERPRETED,limit_sample_type_code;monitoring_frequency_code,NOT_ESTABLISHED,,1,0,,
measurement:dmr_form_value_id=3920643944,NM0020583,001,39350,2024-11-30,1,,permit_limit_row:limit_set_schedule_id=3600904358|limit_value_id=3610838799,NOT_NUMERIC_CANDIDATE,FREQUENCY_UNINTERPRETED,limit_sample_type_code;monitoring_frequency_code,NOT_ESTABLISHED,,1,0,,
measurement:dmr_form_value_id=3920643945,NM0020583,001,39350,2025-02-28,.5,,permit_limit_row:limit_set_schedule_id=3600904358|limit_value_id=3610838799,NOT_NUMERIC_CANDIDATE,FREQUENCY_UNINTERPRETED,limit_sample_type_code;monitoring_frequency_code,NOT_ESTABLISHED,,1,0,,
measurement:dmr_form_value_id=3920643946,NM0020583,001,39350,2025-05-31,.5,,permit_limit_row:limit_set_schedule_id=3600904358|limit_value_id=3610838799,NOT_NUMERIC_CANDIDATE,FREQUENCY_UNINTERPRETED,limit_sample_type_code;monitoring_frequency_code,NOT_ESTABLISHED,,1,0,,
measurement:dmr_form_value_id=3920643947,NM0020583,001,39350,2025-08-31,.026,,permit_limit_row:limit_set_schedule_id=3600904358|limit_value_id=3610838799,NOT_NUMERIC_CANDIDATE,FREQUENCY_UNINTERPRETED,limit_sample_type_code;monitoring_frequency_code,NOT_ESTABLISHED,,1,0,,
measurement:dmr_form_value_id=3920643964,NM0020583,001,39400,2024-11-30,1,,permit_limit_row:limit_set_schedule_id=3600904358|limit_value_id=3610838800,NOT_NUMERIC_CANDIDATE,FREQUENCY_UNINTERPRETED,limit_sample_type_code;monitoring_frequency_code,NOT_ESTABLISHED,,1,0,,
measurement:dmr_form_value_id=3920643965,NM0020583,001,39400,2025-02-28,.5,,permit_limit_row:limit_set_schedule_id=3600904358|limit_value_id=3610838800,NOT_NUMERIC_CANDIDATE,FREQUENCY_UNINTERPRETED,limit_sample_type_code;monitoring_frequency_code,NOT_ESTABLISHED,,1,0,,
measurement:dmr_form_value_id=3920643966,NM0020583,001,39400,2025-05-31,.5,,permit_limit_row:limit_set_schedule_id=3600904358|limit_value_id=3610838800,NOT_NUMERIC_CANDIDATE,FREQUENCY_UNINTERPRETED,limit_sample_type_code;monitoring_frequency_code,NOT_ESTABLISHED,,1,0,,
measurement:dmr_form_value_id=3920643967,NM0020583,001,39400,2025-08-31,.43,,permit_limit_row:limit_set_schedule_id=3600904358|limit_value_id=3610838800,NOT_NUMERIC_CANDIDATE,FREQUENCY_UNINTERPRETED,limit_sample_type_code;monitoring_frequency_code,NOT_ESTABLISHED,,1,0,,
measurement:dmr_form_value_id=3920642641,NM0020583,001,50050,2024-10-31,4.96,,permit_limit_row:limit_set_schedule_id=3600891019|limit_value_id=3610673294,NOT_NUMERIC_CANDIDATE,FREQUENCY_UNINTERPRETED,aggregated_reporting_requirement;limit_sample_type_code;monitoring_frequency_code;permit_limit_comment_text,UNRESOLVED_SEMANTIC,,1,0,,
measurement:dmr_form_value_id=3920642642,NM0020583,001,50050,2024-10-31,5.26,,permit_limit_row:limit_set_schedule_id=3600891019|limit_value_id=3610673295,NOT_NUMERIC_CANDIDATE,FREQUENCY_UNINTERPRETED,aggregated_reporting_requirement;limit_sample_type_code;monitoring_frequency_code;permit_limit_comment_text,UNRESOLVED_SEMANTIC,,1,0,,
measurement:dmr_form_value_id=3920642643,NM0020583,001,50050,2024-10-31,5.85,,permit_limit_row:limit_set_schedule_id=3600891019|limit_value_id=3610673296,NOT_NUMERIC_CANDIDATE,FREQUENCY_UNINTERPRETED,aggregated_reporting_requirement;limit_sample_type_code;monitoring_frequency_code;permit_limit_comment_text,UNRESOLVED_SEMANTIC,,1,0,,
measurement:dmr_form_value_id=3920642673,NM0020583,001,50050,2024-11-30,3.87,,permit_limit_row:limit_set_schedule_id=3600891019|limit_value_id=3610673294,NOT_NUMERIC_CANDIDATE,FREQUENCY_UNINTERPRETED,aggregated_reporting_requirement;limit_sample_type_code;monitoring_frequency_code;permit_limit_comment_text,UNRESOLVED_SEMANTIC,,1,0,,
measurement:dmr_form_value_id=3920642674,NM0020583,001,50050,2024-11-30,4.19,,permit_limit_row:limit_set_schedule_id=3600891019|limit_value_id=3610673295,NOT_NUMERIC_CANDIDATE,FREQUENCY_UNINTERPRETED,aggregated_reporting_requirement;limit_sample_type_code;monitoring_frequency_code;permit_limit_comment_text,UNRESOLVED_SEMANTIC,,1,0,,
measurement:dmr_form_value_id=3920642675,NM0020583,001,50050,2024-11-30,4.64,,permit_limit_row:limit_set_schedule_id=3600891019|limit_value_id=3610673296,NOT_NUMERIC_CANDIDATE,FREQUENCY_UNINTERPRETED,aggregated_reporting_requirement;limit_sample_type_code;monitoring_frequency_code;permit_limit_comment_text,UNRESOLVED_SEMANTIC,,1,0,,
measurement:dmr_form_value_id=3920642705,NM0020583,001,50050,2024-12-31,3.67,,permit_limit_row:limit_set_schedule_id=3600891019|limit_value_id=3610673294,NOT_NUMERIC_CANDIDATE,FREQUENCY_UNINTERPRETED,aggregated_reporting_requirement;limit_sample_type_code;monitoring_frequency_code;permit_limit_comment_text,UNRESOLVED_SEMANTIC,,1,0,,
measurement:dmr_form_value_id=3920642706,NM0020583,001,50050,2024-12-31,3.76,,permit_limit_row:limit_set_schedule_id=3600891019|limit_value_id=3610673295,NOT_NUMERIC_CANDIDATE,FREQUENCY_UNINTERPRETED,aggregated_reporting_requirement;limit_sample_type_code;monitoring_frequency_code;permit_limit_comment_text,UNRESOLVED_SEMANTIC,,1,0,,
measurement:dmr_form_value_id=3920642707,NM0020583,001,50050,2024-12-31,4.17,,permit_limit_row:limit_set_schedule_id=3600891019|limit_value_id=3610673296,NOT_NUMERIC_CANDIDATE,FREQUENCY_UNINTERPRETED,aggregated_reporting_requirement;limit_sample_type_code;monitoring_frequency_code;permit_limit_comment_text,UNRESOLVED_SEMANTIC,,1,0,,
measurement:dmr_form_value_id=3920642737,NM0020583,001,50050,2025-01-31,3.64,,permit_limit_row:limit_set_schedule_id=3600891019|limit_value_id=3610673294,NOT_NUMERIC_CANDIDATE,FREQUENCY_UNINTERPRETED,aggregated_reporting_requirement;limit_sample_type_code;monitoring_frequency_code;permit_limit_comment_text,UNRESOLVED_SEMANTIC,,1,0,,
measurement:dmr_form_value_id=3920642738,NM0020583,001,50050,2025-01-31,4.36,,permit_limit_row:limit_set_schedule_id=3600891019|limit_value_id=3610673295,NOT_NUMERIC_CANDIDATE,FREQUENCY_UNINTERPRETED,aggregated_reporting_requirement;limit_sample_type_code;monitoring_frequency_code;permit_limit_comment_text,UNRESOLVED_SEMANTIC,,1,0,,
measurement:dmr_form_value_id=3920642739,NM0020583,001,50050,2025-01-31,4.43,,permit_limit_row:limit_set_schedule_id=3600891019|limit_value_id=3610673296,NOT_NUMERIC_CANDIDATE,FREQUENCY_UNINTERPRETED,aggregated_reporting_requirement;limit_sample_type_code;monitoring_frequency_code;permit_limit_comment_text,UNRESOLVED_SEMANTIC,,1,0,,
measurement:dmr_form_value_id=3920642769,NM0020583,001,50050,2025-02-28,4.15,,permit_limit_row:limit_set_schedule_id=3600891019|limit_value_id=3610673294,NOT_NUMERIC_CANDIDATE,FREQUENCY_UNINTERPRETED,aggregated_reporting_requirement;limit_sample_type_code;monitoring_frequency_code;permit_limit_comment_text,UNRESOLVED_SEMANTIC,,1,0,,
measurement:dmr_form_value_id=3920642770,NM0020583,001,50050,2025-02-28,4.2,,permit_limit_row:limit_set_schedule_id=3600891019|limit_value_id=3610673295,NOT_NUMERIC_CANDIDATE,FREQUENCY_UNINTERPRETED,aggregated_reporting_requirement;limit_sample_type_code;monitoring_frequency_code;permit_limit_comment_text,UNRESOLVED_SEMANTIC,,1,0,,
measurement:dmr_form_value_id=3920642771,NM0020583,001,50050,2025-02-28,4.37,,permit_limit_row:limit_set_schedule_id=3600891019|limit_value_id=3610673296,NOT_NUMERIC_CANDIDATE,FREQUENCY_UNINTERPRETED,aggregated_reporting_requirement;limit_sample_type_code;monitoring_frequency_code;permit_limit_comment_text,UNRESOLVED_SEMANTIC,,1,0,,
measurement:dmr_form_value_id=3920642801,NM0020583,001,50050,2025-03-31,4.27,,permit_limit_row:limit_set_schedule_id=3600891019|limit_value_id=3610673294,NOT_NUMERIC_CANDIDATE,FREQUENCY_UNINTERPRETED,aggregated_reporting_requirement;limit_sample_type_code;monitoring_frequency_code;permit_limit_comment_text,UNRESOLVED_SEMANTIC,,1,0,,
measurement:dmr_form_value_id=3920642802,NM0020583,001,50050,2025-03-31,4.43,,permit_limit_row:limit_set_schedule_id=3600891019|limit_value_id=3610673295,NOT_NUMERIC_CANDIDATE,FREQUENCY_UNINTERPRETED,aggregated_reporting_requirement;limit_sample_type_code;monitoring_frequency_code;permit_limit_comment_text,UNRESOLVED_SEMANTIC,,1,0,,
measurement:dmr_form_value_id=3920642803,NM0020583,001,50050,2025-03-31,5.1,,permit_limit_row:limit_set_schedule_id=3600891019|limit_value_id=3610673296,NOT_NUMERIC_CANDIDATE,FREQUENCY_UNINTERPRETED,aggregated_reporting_requirement;limit_sample_type_code;monitoring_frequency_code;permit_limit_comment_text,UNRESOLVED_SEMANTIC,,1,0,,
measurement:dmr_form_value_id=3920642833,NM0020583,001,50050,2025-04-30,4.96,,permit_limit_row:limit_set_schedule_id=3600891019|limit_value_id=3610673294,NOT_NUMERIC_CANDIDATE,FREQUENCY_UNINTERPRETED,aggregated_reporting_requirement;limit_sample_type_code;monitoring_frequency_code;permit_limit_comment_text,UNRESOLVED_SEMANTIC,,1,0,,
measurement:dmr_form_value_id=3920642834,NM0020583,001,50050,2025-04-30,5.13,,permit_limit_row:limit_set_schedule_id=3600891019|limit_value_id=3610673295,NOT_NUMERIC_CANDIDATE,FREQUENCY_UNINTERPRETED,aggregated_reporting_requirement;limit_sample_type_code;monitoring_frequency_code;permit_limit_comment_text,UNRESOLVED_SEMANTIC,,1,0,,
measurement:dmr_form_value_id=3920642835,NM0020583,001,50050,2025-04-30,5.75,,permit_limit_row:limit_set_schedule_id=3600891019|limit_value_id=3610673296,NOT_NUMERIC_CANDIDATE,FREQUENCY_UNINTERPRETED,aggregated_reporting_requirement;limit_sample_type_code;monitoring_frequency_code;permit_limit_comment_text,UNRESOLVED_SEMANTIC,,1,0,,
measurement:dmr_form_value_id=3920642865,NM0020583,001,50050,2025-05-31,5.04,,permit_limit_row:limit_set_schedule_id=3600891019|limit_value_id=3610673294,NOT_NUMERIC_CANDIDATE,FREQUENCY_UNINTERPRETED,aggregated_reporting_requirement;limit_sample_type_code;monitoring_frequency_code;permit_limit_comment_text,UNRESOLVED_SEMANTIC,,1,0,,
measurement:dmr_form_value_id=3920642866,NM0020583,001,50050,2025-05-31,5.11,,permit_limit_row:limit_set_schedule_id=3600891019|limit_value_id=3610673295,NOT_NUMERIC_CANDIDATE,FREQUENCY_UNINTERPRETED,aggregated_reporting_requirement;limit_sample_type_code;monitoring_frequency_code;permit_limit_comment_text,UNRESOLVED_SEMANTIC,,1,0,,
measurement:dmr_form_value_id=3920642867,NM0020583,001,50050,2025-05-31,5.34,,permit_limit_row:limit_set_schedule_id=3600891019|limit_value_id=3610673296,NOT_NUMERIC_CANDIDATE,FREQUENCY_UNINTERPRETED,aggregated_reporting_requirement;limit_sample_type_code;monitoring_frequency_code;permit_limit_comment_text,UNRESOLVED_SEMANTIC,,1,0,,
measurement:dmr_form_value_id=3920642897,NM0020583,001,50050,2025-06-30,5.47,,permit_limit_row:limit_set_schedule_id=3600891019|limit_value_id=3610673294,NOT_NUMERIC_CANDIDATE,FREQUENCY_UNINTERPRETED,aggregated_reporting_requirement;limit_sample_type_code;monitoring_frequency_code;permit_limit_comment_text,UNRESOLVED_SEMANTIC,,1,0,,
measurement:dmr_form_value_id=3920642898,NM0020583,001,50050,2025-06-30,5.79,,permit_limit_row:limit_set_schedule_id=3600891019|limit_value_id=3610673295,NOT_NUMERIC_CANDIDATE,FREQUENCY_UNINTERPRETED,aggregated_reporting_requirement;limit_sample_type_code;monitoring_frequency_code;permit_limit_comment_text,UNRESOLVED_SEMANTIC,,1,0,,
measurement:dmr_form_value_id=3920642899,NM0020583,001,50050,2025-06-30,5.94,,permit_limit_row:limit_set_schedule_id=3600891019|limit_value_id=3610673296,NOT_NUMERIC_CANDIDATE,FREQUENCY_UNINTERPRETED,aggregated_reporting_requirement;limit_sample_type_code;monitoring_frequency_code;permit_limit_comment_text,UNRESOLVED_SEMANTIC,,1,0,,
measurement:dmr_form_value_id=3920642929,NM0020583,001,50050,2025-07-31,5.9,,permit_limit_row:limit_set_schedule_id=3600891019|limit_value_id=3610673294,NOT_NUMERIC_CANDIDATE,FREQUENCY_UNINTERPRETED,aggregated_reporting_requirement;limit_sample_type_code;monitoring_frequency_code;permit_limit_comment_text,UNRESOLVED_SEMANTIC,,1,0,,
measurement:dmr_form_value_id=3920642930,NM0020583,001,50050,2025-07-31,6.31,,permit_limit_row:limit_set_schedule_id=3600891019|limit_value_id=3610673295,NOT_NUMERIC_CANDIDATE,FREQUENCY_UNINTERPRETED,aggregated_reporting_requirement;limit_sample_type_code;monitoring_frequency_code;permit_limit_comment_text,UNRESOLVED_SEMANTIC,,1,0,,
measurement:dmr_form_value_id=3920642931,NM0020583,001,50050,2025-07-31,6.83,,permit_limit_row:limit_set_schedule_id=3600891019|limit_value_id=3610673296,NOT_NUMERIC_CANDIDATE,FREQUENCY_UNINTERPRETED,aggregated_reporting_requirement;limit_sample_type_code;monitoring_frequency_code;permit_limit_comment_text,UNRESOLVED_SEMANTIC,,1,0,,
measurement:dmr_form_value_id=3920642961,NM0020583,001,50050,2025-08-31,5.65,,permit_limit_row:limit_set_schedule_id=3600891019|limit_value_id=3610673294,NOT_NUMERIC_CANDIDATE,FREQUENCY_UNINTERPRETED,aggregated_reporting_requirement;limit_sample_type_code;monitoring_frequency_code;permit_limit_comment_text,UNRESOLVED_SEMANTIC,,1,0,,
measurement:dmr_form_value_id=3920642962,NM0020583,001,50050,2025-08-31,5.91,,permit_limit_row:limit_set_schedule_id=3600891019|limit_value_id=3610673295,NOT_NUMERIC_CANDIDATE,FREQUENCY_UNINTERPRETED,aggregated_reporting_requirement;limit_sample_type_code;monitoring_frequency_code;permit_limit_comment_text,UNRESOLVED_SEMANTIC,,1,0,,
measurement:dmr_form_value_id=3920642963,NM0020583,001,50050,2025-08-31,6.09,,permit_limit_row:limit_set_schedule_id=3600891019|limit_value_id=3610673296,NOT_NUMERIC_CANDIDATE,FREQUENCY_UNINTERPRETED,aggregated_reporting_requirement;limit_sample_type_code;monitoring_frequency_code;permit_limit_comment_text,UNRESOLVED_SEMANTIC,,1,0,,
measurement:dmr_form_value_id=3920642993,NM0020583,001,50050,2025-09-30,5.44,,permit_limit_row:limit_set_schedule_id=3600891019|limit_value_id=3610673294,NOT_NUMERIC_CANDIDATE,FREQUENCY_UNINTERPRETED,aggregated_reporting_requirement;limit_sample_type_code;monitoring_frequency_code;permit_limit_comment_text,UNRESOLVED_SEMANTIC,,1,0,,
measurement:dmr_form_value_id=3920642994,NM0020583,001,50050,2025-09-30,5.6,,permit_limit_row:limit_set_schedule_id=3600891019|limit_value_id=3610673295,NOT_NUMERIC_CANDIDATE,FREQUENCY_UNINTERPRETED,aggregated_reporting_requirement;limit_sample_type_code;monitoring_frequency_code;permit_limit_comment_text,UNRESOLVED_SEMANTIC,,1,0,,
measurement:dmr_form_value_id=3920642995,NM0020583,001,50050,2025-09-30,6.23,,permit_limit_row:limit_set_schedule_id=3600891019|limit_value_id=3610673296,NOT_NUMERIC_CANDIDATE,FREQUENCY_UNINTERPRETED,aggregated_reporting_requirement;limit_sample_type_code;monitoring_frequency_code;permit_limit_comment_text,UNRESOLVED_SEMANTIC,,1,0,,
measurement:dmr_form_value_id=3920642644,NM0020583,001,50060,2024-10-31,,19,permit_limit_row:limit_set_schedule_id=3600891019|limit_value_id=3610673291,UNRESOLVED_SEMANTIC,FREQUENCY_UNINTERPRETED,aggregated_reporting_requirement;limit_sample_type_code;monitoring_frequency_code;nodi_code_semantics;permit_limit_comment_text,UNRESOLVED_SEMANTIC,9,0,0,,
measurement:dmr_form_value_id=3920642676,NM0020583,001,50060,2024-11-30,,19,permit_limit_row:limit_set_schedule_id=3600891019|limit_value_id=3610673291,UNRESOLVED_SEMANTIC,FREQUENCY_UNINTERPRETED,aggregated_reporting_requirement;limit_sample_type_code;monitoring_frequency_code;nodi_code_semantics;permit_limit_comment_text,UNRESOLVED_SEMANTIC,9,0,0,,
measurement:dmr_form_value_id=3920642708,NM0020583,001,50060,2024-12-31,,19,permit_limit_row:limit_set_schedule_id=3600891019|limit_value_id=3610673291,UNRESOLVED_SEMANTIC,FREQUENCY_UNINTERPRETED,aggregated_reporting_requirement;limit_sample_type_code;monitoring_frequency_code;nodi_code_semantics;permit_limit_comment_text,UNRESOLVED_SEMANTIC,9,0,0,,
measurement:dmr_form_value_id=3920642740,NM0020583,001,50060,2025-01-31,,19,permit_limit_row:limit_set_schedule_id=3600891019|limit_value_id=3610673291,UNRESOLVED_SEMANTIC,FREQUENCY_UNINTERPRETED,aggregated_reporting_requirement;limit_sample_type_code;monitoring_frequency_code;nodi_code_semantics;permit_limit_comment_text,UNRESOLVED_SEMANTIC,9,0,0,,
measurement:dmr_form_value_id=3920642772,NM0020583,001,50060,2025-02-28,,19,permit_limit_row:limit_set_schedule_id=3600891019|limit_value_id=3610673291,UNRESOLVED_SEMANTIC,FREQUENCY_UNINTERPRETED,aggregated_reporting_requirement;limit_sample_type_code;monitoring_frequency_code;nodi_code_semantics;permit_limit_comment_text,UNRESOLVED_SEMANTIC,9,0,0,,
measurement:dmr_form_value_id=3920642804,NM0020583,001,50060,2025-03-31,,19,permit_limit_row:limit_set_schedule_id=3600891019|limit_value_id=3610673291,UNRESOLVED_SEMANTIC,FREQUENCY_UNINTERPRETED,aggregated_reporting_requirement;limit_sample_type_code;monitoring_frequency_code;nodi_code_semantics;permit_limit_comment_text,UNRESOLVED_SEMANTIC,9,0,0,,
measurement:dmr_form_value_id=3920642836,NM0020583,001,50060,2025-04-30,,19,permit_limit_row:limit_set_schedule_id=3600891019|limit_value_id=3610673291,UNRESOLVED_SEMANTIC,FREQUENCY_UNINTERPRETED,aggregated_reporting_requirement;limit_sample_type_code;monitoring_frequency_code;nodi_code_semantics;permit_limit_comment_text,UNRESOLVED_SEMANTIC,9,0,0,,
measurement:dmr_form_value_id=3920642868,NM0020583,001,50060,2025-05-31,,19,permit_limit_row:limit_set_schedule_id=3600891019|limit_value_id=3610673291,UNRESOLVED_SEMANTIC,FREQUENCY_UNINTERPRETED,aggregated_reporting_requirement;limit_sample_type_code;monitoring_frequency_code;nodi_code_semantics;permit_limit_comment_text,UNRESOLVED_SEMANTIC,9,0,0,,
measurement:dmr_form_value_id=3920642900,NM0020583,001,50060,2025-06-30,,19,permit_limit_row:limit_set_schedule_id=3600891019|limit_value_id=3610673291,UNRESOLVED_SEMANTIC,FREQUENCY_UNINTERPRETED,aggregated_reporting_requirement;limit_sample_type_code;monitoring_frequency_code;nodi_code_semantics;permit_limit_comment_text,UNRESOLVED_SEMANTIC,9,0,0,,
measurement:dmr_form_value_id=3920642932,NM0020583,001,50060,2025-07-31,,19,permit_limit_row:limit_set_schedule_id=3600891019|limit_value_id=3610673291,UNRESOLVED_SEMANTIC,FREQUENCY_UNINTERPRETED,aggregated_reporting_requirement;limit_sample_type_code;monitoring_frequency_code;nodi_code_semantics;permit_limit_comment_text,UNRESOLVED_SEMANTIC,9,0,0,,
measurement:dmr_form_value_id=3920642964,NM0020583,001,50060,2025-08-31,,19,permit_limit_row:limit_set_schedule_id=3600891019|limit_value_id=3610673291,UNRESOLVED_SEMANTIC,FREQUENCY_UNINTERPRETED,aggregated_reporting_requirement;limit_sample_type_code;monitoring_frequency_code;nodi_code_semantics;permit_limit_comment_text,UNRESOLVED_SEMANTIC,9,0,0,,
measurement:dmr_form_value_id=3920642996,NM0020583,001,50060,2025-09-30,,19,permit_limit_row:limit_set_schedule_id=3600891019|limit_value_id=3610673291,UNRESOLVED_SEMANTIC,FREQUENCY_UNINTERPRETED,aggregated_reporting_requirement;limit_sample_type_code;monitoring_frequency_code;nodi_code_semantics;permit_limit_comment_text,UNRESOLVED_SEMANTIC,9,0,0,,
measurement:dmr_form_value_id=3920642645,NM0020583,001,51040,2024-10-31,2,126,permit_limit_row:limit_set_schedule_id=3600891019|limit_value_id=3610673269,WITHIN_LIMIT,FREQUENCY_UNINTERPRETED,aggregated_reporting_requirement;limit_sample_type_code;monitoring_frequency_code;permit_limit_comment_text,DETERMINATE,,1,1,,
measurement:dmr_form_value_id=3920642646,NM0020583,001,51040,2024-10-31,8,235,permit_limit_row:limit_set_schedule_id=3600891019|limit_value_id=3610673270,WITHIN_LIMIT,FREQUENCY_UNINTERPRETED,aggregated_reporting_requirement;limit_sample_type_code;monitoring_frequency_code;permit_limit_comment_text,DETERMINATE,,1,1,,
measurement:dmr_form_value_id=3920642647,NM0020583,001,51040,2024-10-31,280,31900,permit_limit_row:limit_set_schedule_id=3600891019|limit_value_id=3610673271,WITHIN_LIMIT,FREQUENCY_UNINTERPRETED,aggregated_reporting_requirement;limit_sample_type_code;monitoring_frequency_code;permit_limit_comment_text,DETERMINATE,,1,1,,
measurement:dmr_form_value_id=3920642648,NM0020583,001,51040,2024-10-31,1438,31900,permit_limit_row:limit_set_schedule_id=3600891019|limit_value_id=3610673272,WITHIN_LIMIT,FREQUENCY_UNINTERPRETED,aggregated_reporting_requirement;limit_sample_type_code;monitoring_frequency_code;permit_limit_comment_text,DETERMINATE,,1,1,,
measurement:dmr_form_value_id=3920642677,NM0020583,001,51040,2024-11-30,2,126,permit_limit_row:limit_set_schedule_id=3600891019|limit_value_id=3610673269,WITHIN_LIMIT,FREQUENCY_UNINTERPRETED,aggregated_reporting_requirement;limit_sample_type_code;monitoring_frequency_code;permit_limit_comment_text,DETERMINATE,,1,1,,
measurement:dmr_form_value_id=3920642678,NM0020583,001,51040,2024-11-30,10,235,permit_limit_row:limit_set_schedule_id=3600891019|limit_value_id=3610673270,WITHIN_LIMIT,FREQUENCY_UNINTERPRETED,aggregated_reporting_requirement;limit_sample_type_code;monitoring_frequency_code;permit_limit_comment_text,DETERMINATE,,1,1,,
measurement:dmr_form_value_id=3920642679,NM0020583,001,51040,2024-11-30,267,31900,permit_limit_row:limit_set_schedule_id=3600891019|limit_value_id=3610673271,WITHIN_LIMIT,FREQUENCY_UNINTERPRETED,aggregated_reporting_requirement;limit_sample_type_code;monitoring_frequency_code;permit_limit_comment_text,DETERMINATE,,1,1,,
measurement:dmr_form_value_id=3920642680,NM0020583,001,51040,2024-11-30,1474,31900,permit_limit_row:limit_set_schedule_id=3600891019|limit_value_id=3610673272,WITHIN_LIMIT,FREQUENCY_UNINTERPRETED,aggregated_reporting_requirement;limit_sample_type_code;monitoring_frequency_code;permit_limit_comment_text,DETERMINATE,,1,1,,
measurement:dmr_form_value_id=3920642709,NM0020583,001,51040,2024-12-31,7,126,permit_limit_row:limit_set_schedule_id=3600891019|limit_value_id=3610673269,WITHIN_LIMIT,FREQUENCY_UNINTERPRETED,aggregated_reporting_requirement;limit_sample_type_code;monitoring_frequency_code;permit_limit_comment_text,DETERMINATE,,1,1,,
measurement:dmr_form_value_id=3920642710,NM0020583,001,51040,2024-12-31,208,235,permit_limit_row:limit_set_schedule_id=3600891019|limit_value_id=3610673270,WITHIN_LIMIT,FREQUENCY_UNINTERPRETED,aggregated_reporting_requirement;limit_sample_type_code;monitoring_frequency_code;permit_limit_comment_text,DETERMINATE,,1,1,,
measurement:dmr_form_value_id=3920642711,NM0020583,001,51040,2024-12-31,917,31900,permit_limit_row:limit_set_schedule_id=3600891019|limit_value_id=3610673271,WITHIN_LIMIT,FREQUENCY_UNINTERPRETED,aggregated_reporting_requirement;limit_sample_type_code;monitoring_frequency_code;permit_limit_comment_text,DETERMINATE,,1,1,,
measurement:dmr_form_value_id=3920642712,NM0020583,001,51040,2024-12-31,26449,31900,permit_limit_row:limit_set_schedule_id=3600891019|limit_value_id=3610673272,WITHIN_LIMIT,FREQUENCY_UNINTERPRETED,aggregated_reporting_requirement;limit_sample_type_code;monitoring_frequency_code;permit_limit_comment_text,DETERMINATE,,1,1,,
measurement:dmr_form_value_id=3920642741,NM0020583,001,51040,2025-01-31,5,126,permit_limit_row:limit_set_schedule_id=3600891019|limit_value_id=3610673269,WITHIN_LIMIT,FREQUENCY_UNINTERPRETED,aggregated_reporting_requirement;limit_sample_type_code;monitoring_frequency_code;permit_limit_comment_text,DETERMINATE,,1,1,,
measurement:dmr_form_value_id=3920642742,NM0020583,001,51040,2025-01-31,208,235,permit_limit_row:limit_set_schedule_id=3600891019|limit_value_id=3610673270,WITHIN_LIMIT,FREQUENCY_UNINTERPRETED,aggregated_reporting_requirement;limit_sample_type_code;monitoring_frequency_code;permit_limit_comment_text,DETERMINATE,,1,1,,
measurement:dmr_form_value_id=3920642743,NM0020583,001,51040,2025-01-31,214,31900,permit_limit_row:limit_set_schedule_id=3600891019|limit_value_id=3610673271,WITHIN_LIMIT,FREQUENCY_UNINTERPRETED,aggregated_reporting_requirement;limit_sample_type_code;monitoring_frequency_code;permit_limit_comment_text,DETERMINATE,,1,1,,
measurement:dmr_form_value_id=3920642744,NM0020583,001,51040,2025-01-31,613,31900,permit_limit_row:limit_set_schedule_id=3600891019|limit_value_id=3610673272,WITHIN_LIMIT,FREQUENCY_UNINTERPRETED,aggregated_reporting_requirement;limit_sample_type_code;monitoring_frequency_code;permit_limit_comment_text,DETERMINATE,,1,1,,
measurement:dmr_form_value_id=3920642773,NM0020583,001,51040,2025-02-28,2,126,permit_limit_row:limit_set_schedule_id=3600891019|limit_value_id=3610673269,WITHIN_LIMIT,FREQUENCY_UNINTERPRETED,aggregated_reporting_requirement;limit_sample_type_code;monitoring_frequency_code;permit_limit_comment_text,DETERMINATE,,1,1,,
measurement:dmr_form_value_id=3920642774,NM0020583,001,51040,2025-02-28,15,235,permit_limit_row:limit_set_schedule_id=3600891019|limit_value_id=3610673270,WITHIN_LIMIT,FREQUENCY_UNINTERPRETED,aggregated_reporting_requirement;limit_sample_type_code;monitoring_frequency_code;permit_limit_comment_text,DETERMINATE,,1,1,,
measurement:dmr_form_value_id=3920642775,NM0020583,001,51040,2025-02-28,305,31900,permit_limit_row:limit_set_schedule_id=3600891019|limit_value_id=3610673271,WITHIN_LIMIT,FREQUENCY_UNINTERPRETED,aggregated_reporting_requirement;limit_sample_type_code;monitoring_frequency_code;permit_limit_comment_text,DETERMINATE,,1,1,,
measurement:dmr_form_value_id=3920642776,NM0020583,001,51040,2025-02-28,2204,31900,permit_limit_row:limit_set_schedule_id=3600891019|limit_value_id=3610673272,WITHIN_LIMIT,FREQUENCY_UNINTERPRETED,aggregated_reporting_requirement;limit_sample_type_code;monitoring_frequency_code;permit_limit_comment_text,DETERMINATE,,1,1,,
measurement:dmr_form_value_id=3920642805,NM0020583,001,51040,2025-03-31,5,126,permit_limit_row:limit_set_schedule_id=3600891019|limit_value_id=3610673269,WITHIN_LIMIT,FREQUENCY_UNINTERPRETED,aggregated_reporting_requirement;limit_sample_type_code;monitoring_frequency_code;permit_limit_comment_text,DETERMINATE,,1,1,,
measurement:dmr_form_value_id=3920642806,NM0020583,001,51040,2025-03-31,13,235,permit_limit_row:limit_set_schedule_id=3600891019|limit_value_id=3610673270,WITHIN_LIMIT,FREQUENCY_UNINTERPRETED,aggregated_reporting_requirement;limit_sample_type_code;monitoring_frequency_code;permit_limit_comment_text,DETERMINATE,,1,1,,
measurement:dmr_form_value_id=3920642807,NM0020583,001,51040,2025-03-31,771,31900,permit_limit_row:limit_set_schedule_id=3600891019|limit_value_id=3610673271,WITHIN_LIMIT,FREQUENCY_UNINTERPRETED,aggregated_reporting_requirement;limit_sample_type_code;monitoring_frequency_code;permit_limit_comment_text,DETERMINATE,,1,1,,
measurement:dmr_form_value_id=3920642808,NM0020583,001,51040,2025-03-31,2216,31900,permit_limit_row:limit_set_schedule_id=3600891019|limit_value_id=3610673272,WITHIN_LIMIT,FREQUENCY_UNINTERPRETED,aggregated_reporting_requirement;limit_sample_type_code;monitoring_frequency_code;permit_limit_comment_text,DETERMINATE,,1,1,,
measurement:dmr_form_value_id=3920642837,NM0020583,001,51040,2025-04-30,17,126,permit_limit_row:limit_set_schedule_id=3600891019|limit_value_id=3610673269,WITHIN_LIMIT,FREQUENCY_UNINTERPRETED,aggregated_reporting_requirement;limit_sample_type_code;monitoring_frequency_code;permit_limit_comment_text,DETERMINATE,,1,1,,
measurement:dmr_form_value_id=3920642838,NM0020583,001,51040,2025-04-30,69,235,permit_limit_row:limit_set_schedule_id=3600891019|limit_value_id=3610673270,WITHIN_LIMIT,FREQUENCY_UNINTERPRETED,aggregated_reporting_requirement;limit_sample_type_code;monitoring_frequency_code;permit_limit_comment_text,DETERMINATE,,1,1,,
measurement:dmr_form_value_id=3920642839,NM0020583,001,51040,2025-04-30,3133,31900,permit_limit_row:limit_set_schedule_id=3600891019|limit_value_id=3610673271,WITHIN_LIMIT,FREQUENCY_UNINTERPRETED,aggregated_reporting_requirement;limit_sample_type_code;monitoring_frequency_code;permit_limit_comment_text,DETERMINATE,,1,1,,
measurement:dmr_form_value_id=3920642840,NM0020583,001,51040,2025-04-30,11951,31900,permit_limit_row:limit_set_schedule_id=3600891019|limit_value_id=3610673272,WITHIN_LIMIT,FREQUENCY_UNINTERPRETED,aggregated_reporting_requirement;limit_sample_type_code;monitoring_frequency_code;permit_limit_comment_text,DETERMINATE,,1,1,,
measurement:dmr_form_value_id=3920642869,NM0020583,001,51040,2025-05-31,2,126,permit_limit_row:limit_set_schedule_id=3600891019|limit_value_id=3610673269,WITHIN_LIMIT,FREQUENCY_UNINTERPRETED,aggregated_reporting_requirement;limit_sample_type_code;monitoring_frequency_code;permit_limit_comment_text,DETERMINATE,,1,1,,
measurement:dmr_form_value_id=3920642870,NM0020583,001,51040,2025-05-31,8,235,permit_limit_row:limit_set_schedule_id=3600891019|limit_value_id=3610673270,WITHIN_LIMIT,FREQUENCY_UNINTERPRETED,aggregated_reporting_requirement;limit_sample_type_code;monitoring_frequency_code;permit_limit_comment_text,DETERMINATE,,1,1,,
measurement:dmr_form_value_id=3920642871,NM0020583,001,51040,2025-05-31,368,31900,permit_limit_row:limit_set_schedule_id=3600891019|limit_value_id=3610673271,WITHIN_LIMIT,FREQUENCY_UNINTERPRETED,aggregated_reporting_requirement;limit_sample_type_code;monitoring_frequency_code;permit_limit_comment_text,DETERMINATE,,1,1,,
measurement:dmr_form_value_id=3920642872,NM0020583,001,51040,2025-05-31,1427,31900,permit_limit_row:limit_set_schedule_id=3600891019|limit_value_id=3610673272,WITHIN_LIMIT,FREQUENCY_UNINTERPRETED,aggregated_reporting_requirement;limit_sample_type_code;monitoring_frequency_code;permit_limit_comment_text,DETERMINATE,,1,1,,
measurement:dmr_form_value_id=3920642901,NM0020583,001,51040,2025-06-30,4,126,permit_limit_row:limit_set_schedule_id=3600891019|limit_value_id=3610673269,WITHIN_LIMIT,FREQUENCY_UNINTERPRETED,aggregated_reporting_requirement;limit_sample_type_code;monitoring_frequency_code;permit_limit_comment_text,DETERMINATE,,1,1,,
measurement:dmr_form_value_id=3920642902,NM0020583,001,51040,2025-06-30,1414,235,permit_limit_row:limit_set_schedule_id=3600891019|limit_value_id=3610673270,EXCEEDANCE,FREQUENCY_UNINTERPRETED,aggregated_reporting_requirement;limit_sample_type_code;monitoring_frequency_code;permit_limit_comment_text,DETERMINATE,,1,1,,
measurement:dmr_form_value_id=3920642903,NM0020583,001,51040,2025-06-30,758,31900,permit_limit_row:limit_set_schedule_id=3600891019|limit_value_id=3610673271,WITHIN_LIMIT,FREQUENCY_UNINTERPRETED,aggregated_reporting_requirement;limit_sample_type_code;monitoring_frequency_code;permit_limit_comment_text,DETERMINATE,,1,1,,
measurement:dmr_form_value_id=3920642904,NM0020583,001,51040,2025-06-30,270020,31900,permit_limit_row:limit_set_schedule_id=3600891019|limit_value_id=3610673272,EXCEEDANCE,FREQUENCY_UNINTERPRETED,aggregated_reporting_requirement;limit_sample_type_code;monitoring_frequency_code;permit_limit_comment_text,DETERMINATE,,1,1,,
measurement:dmr_form_value_id=3920642933,NM0020583,001,51040,2025-07-31,1,126,permit_limit_row:limit_set_schedule_id=3600891019|limit_value_id=3610673269,WITHIN_LIMIT,FREQUENCY_UNINTERPRETED,aggregated_reporting_requirement;limit_sample_type_code;monitoring_frequency_code;permit_limit_comment_text,DETERMINATE,,1,1,,
measurement:dmr_form_value_id=3920642934,NM0020583,001,51040,2025-07-31,3,235,permit_limit_row:limit_set_schedule_id=3600891019|limit_value_id=3610673270,WITHIN_LIMIT,FREQUENCY_UNINTERPRETED,aggregated_reporting_requirement;limit_sample_type_code;monitoring_frequency_code;permit_limit_comment_text,DETERMINATE,,1,1,,
measurement:dmr_form_value_id=3920642935,NM0020583,001,51040,2025-07-31,320,31900,permit_limit_row:limit_set_schedule_id=3600891019|limit_value_id=3610673271,WITHIN_LIMIT,FREQUENCY_UNINTERPRETED,aggregated_reporting_requirement;limit_sample_type_code;monitoring_frequency_code;permit_limit_comment_text,DETERMINATE,,1,1,,
measurement:dmr_form_value_id=3920642936,NM0020583,001,51040,2025-07-31,717,31900,permit_limit_row:limit_set_schedule_id=3600891019|limit_value_id=3610673272,WITHIN_LIMIT,FREQUENCY_UNINTERPRETED,aggregated_reporting_requirement;limit_sample_type_code;monitoring_frequency_code;permit_limit_comment_text,DETERMINATE,,1,1,,
measurement:dmr_form_value_id=3920642965,NM0020583,001,51040,2025-08-31,2,126,permit_limit_row:limit_set_schedule_id=3600891019|limit_value_id=3610673269,WITHIN_LIMIT,FREQUENCY_UNINTERPRETED,aggregated_reporting_requirement;limit_sample_type_code;monitoring_frequency_code;permit_limit_comment_text,DETERMINATE,,1,1,,
measurement:dmr_form_value_id=3920642966,NM0020583,001,51040,2025-08-31,192,235,permit_limit_row:limit_set_schedule_id=3600891019|limit_value_id=3610673270,WITHIN_LIMIT,FREQUENCY_UNINTERPRETED,aggregated_reporting_requirement;limit_sample_type_code;monitoring_frequency_code;permit_limit_comment_text,DETERMINATE,,1,1,,
measurement:dmr_form_value_id=3920642967,NM0020583,001,51040,2025-08-31,490,31900,permit_limit_row:limit_set_schedule_id=3600891019|limit_value_id=3610673271,WITHIN_LIMIT,FREQUENCY_UNINTERPRETED,aggregated_reporting_requirement;limit_sample_type_code;monitoring_frequency_code;permit_limit_comment_text,DETERMINATE,,1,1,,
measurement:dmr_form_value_id=3920642968,NM0020583,001,51040,2025-08-31,43688,31900,permit_limit_row:limit_set_schedule_id=3600891019|limit_value_id=3610673272,EXCEEDANCE,FREQUENCY_UNINTERPRETED,aggregated_reporting_requirement;limit_sample_type_code;monitoring_frequency_code;permit_limit_comment_text,DETERMINATE,,1,1,,
measurement:dmr_form_value_id=3920642997,NM0020583,001,51040,2025-09-30,2,126,permit_limit_row:limit_set_schedule_id=3600891019|limit_value_id=3610673269,WITHIN_LIMIT,FREQUENCY_UNINTERPRETED,aggregated_reporting_requirement;limit_sample_type_code;monitoring_frequency_code;permit_limit_comment_text,DETERMINATE,,1,1,,
measurement:dmr_form_value_id=3920642998,NM0020583,001,51040,2025-09-30,133,235,permit_limit_row:limit_set_schedule_id=3600891019|limit_value_id=3610673270,WITHIN_LIMIT,FREQUENCY_UNINTERPRETED,aggregated_reporting_requirement;limit_sample_type_code;monitoring_frequency_code;permit_limit_comment_text,DETERMINATE,,1,1,,
measurement:dmr_form_value_id=3920642999,NM0020583,001,51040,2025-09-30,499,31900,permit_limit_row:limit_set_schedule_id=3600891019|limit_value_id=3610673271,WITHIN_LIMIT,FREQUENCY_UNINTERPRETED,aggregated_reporting_requirement;limit_sample_type_code;monitoring_frequency_code;permit_limit_comment_text,DETERMINATE,,1,1,,
measurement:dmr_form_value_id=3920643000,NM0020583,001,51040,2025-09-30,26545,31900,permit_limit_row:limit_set_schedule_id=3600891019|limit_value_id=3610673272,WITHIN_LIMIT,FREQUENCY_UNINTERPRETED,aggregated_reporting_requirement;limit_sample_type_code;monitoring_frequency_code;permit_limit_comment_text,DETERMINATE,,1,1,,
measurement:dmr_form_value_id=3920642649,NM0020583,001,70295,2024-10-31,339,,permit_limit_row:limit_set_schedule_id=3600891019|limit_value_id=3610673275,NOT_NUMERIC_CANDIDATE,FREQUENCY_UNINTERPRETED,aggregated_reporting_requirement;limit_sample_type_code;monitoring_frequency_code;permit_limit_comment_text,UNRESOLVED_SEMANTIC,,1,0,,
measurement:dmr_form_value_id=3920642650,NM0020583,001,70295,2024-10-31,367,,permit_limit_row:limit_set_schedule_id=3600891019|limit_value_id=3610673276,NOT_NUMERIC_CANDIDATE,FREQUENCY_UNINTERPRETED,aggregated_reporting_requirement;limit_sample_type_code;monitoring_frequency_code;permit_limit_comment_text,UNRESOLVED_SEMANTIC,,1,0,,
measurement:dmr_form_value_id=3920642651,NM0020583,001,70295,2024-10-31,33427,,permit_limit_row:limit_set_schedule_id=3600891019|limit_value_id=3610673273,NOT_NUMERIC_CANDIDATE,FREQUENCY_UNINTERPRETED,aggregated_reporting_requirement;limit_sample_type_code;monitoring_frequency_code;permit_limit_comment_text,UNRESOLVED_SEMANTIC,,1,0,,
measurement:dmr_form_value_id=3920642652,NM0020583,001,70295,2024-10-31,40080,,permit_limit_row:limit_set_schedule_id=3600891019|limit_value_id=3610673274,NOT_NUMERIC_CANDIDATE,FREQUENCY_UNINTERPRETED,aggregated_reporting_requirement;limit_sample_type_code;monitoring_frequency_code;permit_limit_comment_text,UNRESOLVED_SEMANTIC,,1,0,,
measurement:dmr_form_value_id=3920642653,NM0020583,001,70295,2024-10-31,609,,permit_limit_row:limit_set_schedule_id=3600891019|limit_value_id=3610673287,NOT_NUMERIC_CANDIDATE,FREQUENCY_UNINTERPRETED,aggregated_reporting_requirement;limit_sample_type_code;monitoring_frequency_code;permit_limit_comment_text,UNRESOLVED_SEMANTIC,,1,0,,
measurement:dmr_form_value_id=3920642654,NM0020583,001,70295,2024-10-31,645,,permit_limit_row:limit_set_schedule_id=3600891019|limit_value_id=3610673288,NOT_NUMERIC_CANDIDATE,FREQUENCY_UNINTERPRETED,aggregated_reporting_requirement;limit_sample_type_code;monitoring_frequency_code;permit_limit_comment_text,UNRESOLVED_SEMANTIC,,1,0,,
measurement:dmr_form_value_id=3920642655,NM0020583,001,70295,2024-10-31,25662,,permit_limit_row:limit_set_schedule_id=3600891019|limit_value_id=3610673285,NOT_NUMERIC_CANDIDATE,FREQUENCY_UNINTERPRETED,aggregated_reporting_requirement;limit_sample_type_code;monitoring_frequency_code;permit_limit_comment_text,UNRESOLVED_SEMANTIC,,1,0,,
measurement:dmr_form_value_id=3920642656,NM0020583,001,70295,2024-10-31,26855,,permit_limit_row:limit_set_schedule_id=3600891019|limit_value_id=3610673286,NOT_NUMERIC_CANDIDATE,FREQUENCY_UNINTERPRETED,aggregated_reporting_requirement;limit_sample_type_code;monitoring_frequency_code;permit_limit_comment_text,UNRESOLVED_SEMANTIC,,1,0,,
measurement:dmr_form_value_id=3920642657,NM0020583,001,70295,2024-10-31,269,497,permit_limit_row:limit_set_schedule_id=3600891019|limit_value_id=3610673300,WITHIN_LIMIT,FREQUENCY_UNINTERPRETED,aggregated_reporting_requirement;limit_sample_type_code;monitoring_frequency_code;permit_limit_comment_text,DETERMINATE,,1,1,,
measurement:dmr_form_value_id=3920642658,NM0020583,001,70295,2024-10-31,319,,permit_limit_row:limit_set_schedule_id=3600891019|limit_value_id=3610673297,NOT_NUMERIC_CANDIDATE,FREQUENCY_UNINTERPRETED,aggregated_reporting_requirement;limit_sample_type_code;monitoring_frequency_code;permit_limit_comment_text,UNRESOLVED_SEMANTIC,,1,0,,
measurement:dmr_form_value_id=3920642659,NM0020583,001,70295,2024-10-31,11127,27664,permit_limit_row:limit_set_schedule_id=3600891019|limit_value_id=3610673298,WITHIN_LIMIT,FREQUENCY_UNINTERPRETED,aggregated_reporting_requirement;limit_sample_type_code;monitoring_frequency_code;permit_limit_comment_text,DETERMINATE,,1,1,,
measurement:dmr_form_value_id=3920642660,NM0020583,001,70295,2024-10-31,12717,,permit_limit_row:limit_set_schedule_id=3600891019|limit_value_id=3610673299,NOT_NUMERIC_CANDIDATE,FREQUENCY_UNINTERPRETED,aggregated_reporting_requirement;limit_sample_type_code;monitoring_frequency_code;permit_limit_comment_text,UNRESOLVED_SEMANTIC,,1,0,,
measurement:dmr_form_value_id=3920642681,NM0020583,001,70295,2024-11-30,332,,permit_limit_row:limit_set_schedule_id=3600891019|limit_value_id=3610673275,NOT_NUMERIC_CANDIDATE,FREQUENCY_UNINTERPRETED,aggregated_reporting_requirement;limit_sample_type_code;monitoring_frequency_code;permit_limit_comment_text,UNRESOLVED_SEMANTIC,,1,0,,
measurement:dmr_form_value_id=3920642682,NM0020583,001,70295,2024-11-30,362,,permit_limit_row:limit_set_schedule_id=3600891019|limit_value_id=3610673276,NOT_NUMERIC_CANDIDATE,FREQUENCY_UNINTERPRETED,aggregated_reporting_requirement;limit_sample_type_code;monitoring_frequency_code;permit_limit_comment_text,UNRESOLVED_SEMANTIC,,1,0,,
measurement:dmr_form_value_id=3920642683,NM0020583,001,70295,2024-11-30,22849,,permit_limit_row:limit_set_schedule_id=3600891019|limit_value_id=3610673273,NOT_NUMERIC_CANDIDATE,FREQUENCY_UNINTERPRETED,aggregated_reporting_requirement;limit_sample_type_code;monitoring_frequency_code;permit_limit_comment_text,UNRESOLVED_SEMANTIC,,1,0,,
measurement:dmr_form_value_id=3920642684,NM0020583,001,70295,2024-11-30,28693,,permit_limit_row:limit_set_schedule_id=3600891019|limit_value_id=3610673274,NOT_NUMERIC_CANDIDATE,FREQUENCY_UNINTERPRETED,aggregated_reporting_requirement;limit_sample_type_code;monitoring_frequency_code;permit_limit_comment_text,UNRESOLVED_SEMANTIC,,1,0,,
measurement:dmr_form_value_id=3920642685,NM0020583,001,70295,2024-11-30,679,,permit_limit_row:limit_set_schedule_id=3600891019|limit_value_id=3610673287,NOT_NUMERIC_CANDIDATE,FREQUENCY_UNINTERPRETED,aggregated_reporting_requirement;limit_sample_type_code;monitoring_frequency_code;permit_limit_comment_text,UNRESOLVED_SEMANTIC,,1,0,,
measurement:dmr_form_value_id=3920642686,NM0020583,001,70295,2024-11-30,700,,permit_limit_row:limit_set_schedule_id=3600891019|limit_value_id=3610673288,NOT_NUMERIC_CANDIDATE,FREQUENCY_UNINTERPRETED,aggregated_reporting_requirement;limit_sample_type_code;monitoring_frequency_code;permit_limit_comment_text,UNRESOLVED_SEMANTIC,,1,0,,
measurement:dmr_form_value_id=3920642687,NM0020583,001,70295,2024-11-30,20922,,permit_limit_row:limit_set_schedule_id=3600891019|limit_value_id=3610673285,NOT_NUMERIC_CANDIDATE,FREQUENCY_UNINTERPRETED,aggregated_reporting_requirement;limit_sample_type_code;monitoring_frequency_code;permit_limit_comment_text,UNRESOLVED_SEMANTIC,,1,0,,
measurement:dmr_form_value_id=3920642688,NM0020583,001,70295,2024-11-30,23485,,permit_limit_row:limit_set_schedule_id=3600891019|limit_value_id=3610673286,NOT_NUMERIC_CANDIDATE,FREQUENCY_UNINTERPRETED,aggregated_reporting_requirement;limit_sample_type_code;monitoring_frequency_code;permit_limit_comment_text,UNRESOLVED_SEMANTIC,,1,0,,
measurement:dmr_form_value_id=3920642689,NM0020583,001,70295,2024-11-30,347,497,permit_limit_row:limit_set_schedule_id=3600891019|limit_value_id=3610673300,WITHIN_LIMIT,FREQUENCY_UNINTERPRETED,aggregated_reporting_requirement;limit_sample_type_code;monitoring_frequency_code;permit_limit_comment_text,DETERMINATE,,1,1,,
measurement:dmr_form_value_id=3920642690,NM0020583,001,70295,2024-11-30,375,,permit_limit_row:limit_set_schedule_id=3600891019|limit_value_id=3610673297,NOT_NUMERIC_CANDIDATE,FREQUENCY_UNINTERPRETED,aggregated_reporting_requirement;limit_sample_type_code;monitoring_frequency_code;permit_limit_comment_text,UNRESOLVED_SEMANTIC,,1,0,,
measurement:dmr_form_value_id=3920642691,NM0020583,001,70295,2024-11-30,11157,27664,permit_limit_row:limit_set_schedule_id=3600891019|limit_value_id=3610673298,WITHIN_LIMIT,FREQUENCY_UNINTERPRETED,aggregated_reporting_requirement;limit_sample_type_code;monitoring_frequency_code;permit_limit_comment_text,DETERMINATE,,1,1,,
measurement:dmr_form_value_id=3920642692,NM0020583,001,70295,2024-11-30,12510,,permit_limit_row:limit_set_schedule_id=3600891019|limit_value_id=3610673299,NOT_NUMERIC_CANDIDATE,FREQUENCY_UNINTERPRETED,aggregated_reporting_requirement;limit_sample_type_code;monitoring_frequency_code;permit_limit_comment_text,UNRESOLVED_SEMANTIC,,1,0,,
measurement:dmr_form_value_id=3920642713,NM0020583,001,70295,2024-12-31,356,,permit_limit_row:limit_set_schedule_id=3600891019|limit_value_id=3610673275,NOT_NUMERIC_CANDIDATE,FREQUENCY_UNINTERPRETED,aggregated_reporting_requirement;limit_sample_type_code;monitoring_frequency_code;permit_limit_comment_text,UNRESOLVED_SEMANTIC,,1,0,,
measurement:dmr_form_value_id=3920642714,NM0020583,001,70295,2024-12-31,375,,permit_limit_row:limit_set_schedule_id=3600891019|limit_value_id=3610673276,NOT_NUMERIC_CANDIDATE,FREQUENCY_UNINTERPRETED,aggregated_reporting_requirement;limit_sample_type_code;monitoring_frequency_code;permit_limit_comment_text,UNRESOLVED_SEMANTIC,,1,0,,
measurement:dmr_form_value_id=3920642715,NM0020583,001,70295,2024-12-31,22215,,permit_limit_row:limit_set_schedule_id=3600891019|limit_value_id=3610673273,NOT_NUMERIC_CANDIDATE,FREQUENCY_UNINTERPRETED,aggregated_reporting_requirement;limit_sample_type_code;monitoring_frequency_code;permit_limit_comment_text,UNRESOLVED_SEMANTIC,,1,0,,
measurement:dmr_form_value_id=3920642716,NM0020583,001,70295,2024-12-31,23154,,permit_limit_row:limit_set_schedule_id=3600891019|limit_value_id=3610673274,NOT_NUMERIC_CANDIDATE,FREQUENCY_UNINTERPRETED,aggregated_reporting_requirement;limit_sample_type_code;monitoring_frequency_code;permit_limit_comment_text,UNRESOLVED_SEMANTIC,,1,0,,
measurement:dmr_form_value_id=3920642717,NM0020583,001,70295,2024-12-31,718,,permit_limit_row:limit_set_schedule_id=3600891019|limit_value_id=3610673287,NOT_NUMERIC_CANDIDATE,FREQUENCY_UNINTERPRETED,aggregated_reporting_requirement;limit_sample_type_code;monitoring_frequency_code;permit_limit_comment_text,UNRESOLVED_SEMANTIC,,1,0,,
measurement:dmr_form_value_id=3920642718,NM0020583,001,70295,2024-12-31,736,,permit_limit_row:limit_set_schedule_id=3600891019|limit_value_id=3610673288,NOT_NUMERIC_CANDIDATE,FREQUENCY_UNINTERPRETED,aggregated_reporting_requirement;limit_sample_type_code;monitoring_frequency_code;permit_limit_comment_text,UNRESOLVED_SEMANTIC,,1,0,,
measurement:dmr_form_value_id=3920642719,NM0020583,001,70295,2024-12-31,22404,,permit_limit_row:limit_set_schedule_id=3600891019|limit_value_id=3610673285,NOT_NUMERIC_CANDIDATE,FREQUENCY_UNINTERPRETED,aggregated_reporting_requirement;limit_sample_type_code;monitoring_frequency_code;permit_limit_comment_text,UNRESOLVED_SEMANTIC,,1,0,,
measurement:dmr_form_value_id=3920642720,NM0020583,001,70295,2024-12-31,24123,,permit_limit_row:limit_set_schedule_id=3600891019|limit_value_id=3610673286,NOT_NUMERIC_CANDIDATE,FREQUENCY_UNINTERPRETED,aggregated_reporting_requirement;limit_sample_type_code;monitoring_frequency_code;permit_limit_comment_text,UNRESOLVED_SEMANTIC,,1,0,,
measurement:dmr_form_value_id=3920643973,NM0020583,001,70295,2024-12-31,362,449,permit_limit_row:limit_set_schedule_id=3600891019|limit_value_id=3610838803,WITHIN_LIMIT,FREQUENCY_UNINTERPRETED,aggregated_reporting_requirement;limit_sample_type_code;monitoring_frequency_code;permit_limit_comment_text,DETERMINATE,,1,1,,
measurement:dmr_form_value_id=3920643974,NM0020583,001,70295,2024-12-31,385,,permit_limit_row:limit_set_schedule_id=3600891019|limit_value_id=3610838804,NOT_NUMERIC_CANDIDATE,FREQUENCY_UNINTERPRETED,aggregated_reporting_requirement;limit_sample_type_code;monitoring_frequency_code;permit_limit_comment_text,UNRESOLVED_SEMANTIC,,1,0,,
measurement:dmr_form_value_id=3920643975,NM0020583,001,70295,2024-12-31,11051,24992,permit_limit_row:limit_set_schedule_id=3600891019|limit_value_id=3610838801,WITHIN_LIMIT,FREQUENCY_UNINTERPRETED,aggregated_reporting_requirement;limit_sample_type_code;monitoring_frequency_code;permit_limit_comment_text,DETERMINATE,,1,1,,
measurement:dmr_form_value_id=3920643976,NM0020583,001,70295,2024-12-31,12619,,permit_limit_row:limit_set_schedule_id=3600891019|limit_value_id=3610838802,NOT_NUMERIC_CANDIDATE,FREQUENCY_UNINTERPRETED,aggregated_reporting_requirement;limit_sample_type_code;monitoring_frequency_code;permit_limit_comment_text,UNRESOLVED_SEMANTIC,,1,0,,
measurement:dmr_form_value_id=3920642745,NM0020583,001,70295,2025-01-31,375,,permit_limit_row:limit_set_schedule_id=3600891019|limit_value_id=3610673275,NOT_NUMERIC_CANDIDATE,FREQUENCY_UNINTERPRETED,aggregated_reporting_requirement;limit_sample_type_code;monitoring_frequency_code;permit_limit_comment_text,UNRESOLVED_SEMANTIC,,1,0,,
measurement:dmr_form_value_id=3920642746,NM0020583,001,70295,2025-01-31,380,,permit_limit_row:limit_set_schedule_id=3600891019|limit_value_id=3610673276,NOT_NUMERIC_CANDIDATE,FREQUENCY_UNINTERPRETED,aggregated_reporting_requirement;limit_sample_type_code;monitoring_frequency_code;permit_limit_comment_text,UNRESOLVED_SEMANTIC,,1,0,,
measurement:dmr_form_value_id=3920642747,NM0020583,001,70295,2025-01-31,23795,,permit_limit_row:limit_set_schedule_id=3600891019|limit_value_id=3610673273,NOT_NUMERIC_CANDIDATE,FREQUENCY_UNINTERPRETED,aggregated_reporting_requirement;limit_sample_type_code;monitoring_frequency_code;permit_limit_comment_text,UNRESOLVED_SEMANTIC,,1,0,,
measurement:dmr_form_value_id=3920642748,NM0020583,001,70295,2025-01-31,26545,,permit_limit_row:limit_set_schedule_id=3600891019|limit_value_id=3610673274,NOT_NUMERIC_CANDIDATE,FREQUENCY_UNINTERPRETED,aggregated_reporting_requirement;limit_sample_type_code;monitoring_frequency_code;permit_limit_comment_text,UNRESOLVED_SEMANTIC,,1,0,,
measurement:dmr_form_value_id=3920642749,NM0020583,001,70295,2025-01-31,720,,permit_limit_row:limit_set_schedule_id=3600891019|limit_value_id=3610673287,NOT_NUMERIC_CANDIDATE,FREQUENCY_UNINTERPRETED,aggregated_reporting_requirement;limit_sample_type_code;monitoring_frequency_code;permit_limit_comment_text,UNRESOLVED_SEMANTIC,,1,0,,
measurement:dmr_form_value_id=3920642750,NM0020583,001,70295,2025-01-31,752,,permit_limit_row:limit_set_schedule_id=3600891019|limit_value_id=3610673288,NOT_NUMERIC_CANDIDATE,FREQUENCY_UNINTERPRETED,aggregated_reporting_requirement;limit_sample_type_code;monitoring_frequency_code;permit_limit_comment_text,UNRESOLVED_SEMANTIC,,1,0,,
measurement:dmr_form_value_id=3920642751,NM0020583,001,70295,2025-01-31,21804,,permit_limit_row:limit_set_schedule_id=3600891019|limit_value_id=3610673285,NOT_NUMERIC_CANDIDATE,FREQUENCY_UNINTERPRETED,aggregated_reporting_requirement;limit_sample_type_code;monitoring_frequency_code;permit_limit_comment_text,UNRESOLVED_SEMANTIC,,1,0,,
measurement:dmr_form_value_id=3920642752,NM0020583,001,70295,2025-01-31,26246,,permit_limit_row:limit_set_schedule_id=3600891019|limit_value_id=3610673286,NOT_NUMERIC_CANDIDATE,FREQUENCY_UNINTERPRETED,aggregated_reporting_requirement;limit_sample_type_code;monitoring_frequency_code;permit_limit_comment_text,UNRESOLVED_SEMANTIC,,1,0,,
measurement:dmr_form_value_id=3920643977,NM0020583,001,70295,2025-01-31,345,449,permit_limit_row:limit_set_schedule_id=3600891019|limit_value_id=3610838803,WITHIN_LIMIT,FREQUENCY_UNINTERPRETED,aggregated_reporting_requirement;limit_sample_type_code;monitoring_frequency_code;permit_limit_comment_text,DETERMINATE,,1,1,,
measurement:dmr_form_value_id=3920643978,NM0020583,001,70295,2025-01-31,372,,permit_limit_row:limit_set_schedule_id=3600891019|limit_value_id=3610838804,NOT_NUMERIC_CANDIDATE,FREQUENCY_UNINTERPRETED,aggregated_reporting_requirement;limit_sample_type_code;monitoring_frequency_code;permit_limit_comment_text,UNRESOLVED_SEMANTIC,,1,0,,
measurement:dmr_form_value_id=3920643979,NM0020583,001,70295,2025-01-31,10372,24992,permit_limit_row:limit_set_schedule_id=3600891019|limit_value_id=3610838801,WITHIN_LIMIT,FREQUENCY_UNINTERPRETED,aggregated_reporting_requirement;limit_sample_type_code;monitoring_frequency_code;permit_limit_comment_text,DETERMINATE,,1,1,,
measurement:dmr_form_value_id=3920643980,NM0020583,001,70295,2025-01-31,12496,,permit_limit_row:limit_set_schedule_id=3600891019|limit_value_id=3610838802,NOT_NUMERIC_CANDIDATE,FREQUENCY_UNINTERPRETED,aggregated_reporting_requirement;limit_sample_type_code;monitoring_frequency_code;permit_limit_comment_text,UNRESOLVED_SEMANTIC,,1,0,,
measurement:dmr_form_value_id=3920642777,NM0020583,001,70295,2025-02-28,391,,permit_limit_row:limit_set_schedule_id=3600891019|limit_value_id=3610673275,NOT_NUMERIC_CANDIDATE,FREQUENCY_UNINTERPRETED,aggregated_reporting_requirement;limit_sample_type_code;monitoring_frequency_code;permit_limit_comment_text,UNRESOLVED_SEMANTIC,,1,0,,
measurement:dmr_form_value_id=3920642778,NM0020583,001,70295,2025-02-28,396,,permit_limit_row:limit_set_schedule_id=3600891019|limit_value_id=3610673276,NOT_NUMERIC_CANDIDATE,FREQUENCY_UNINTERPRETED,aggregated_reporting_requirement;limit_sample_type_code;monitoring_frequency_code;permit_limit_comment_text,UNRESOLVED_SEMANTIC,,1,0,,
measurement:dmr_form_value_id=3920642779,NM0020583,001,70295,2025-02-28,24819,,permit_limit_row:limit_set_schedule_id=3600891019|limit_value_id=3610673273,NOT_NUMERIC_CANDIDATE,FREQUENCY_UNINTERPRETED,aggregated_reporting_requirement;limit_sample_type_code;monitoring_frequency_code;permit_limit_comment_text,UNRESOLVED_SEMANTIC,,1,0,,
measurement:dmr_form_value_id=3920642780,NM0020583,001,70295,2025-02-28,25889,,permit_limit_row:limit_set_schedule_id=3600891019|limit_value_id=3610673274,NOT_NUMERIC_CANDIDATE,FREQUENCY_UNINTERPRETED,aggregated_reporting_requirement;limit_sample_type_code;monitoring_frequency_code;permit_limit_comment_text,UNRESOLVED_SEMANTIC,,1,0,,
measurement:dmr_form_value_id=3920642781,NM0020583,001,70295,2025-02-28,726,,permit_limit_row:limit_set_schedule_id=3600891019|limit_value_id=3610673287,NOT_NUMERIC_CANDIDATE,FREQUENCY_UNINTERPRETED,aggregated_reporting_requirement;limit_sample_type_code;monitoring_frequency_code;permit_limit_comment_text,UNRESOLVED_SEMANTIC,,1,0,,
measurement:dmr_form_value_id=3920642782,NM0020583,001,70295,2025-02-28,734,,permit_limit_row:limit_set_schedule_id=3600891019|limit_value_id=3610673288,NOT_NUMERIC_CANDIDATE,FREQUENCY_UNINTERPRETED,aggregated_reporting_requirement;limit_sample_type_code;monitoring_frequency_code;permit_limit_comment_text,UNRESOLVED_SEMANTIC,,1,0,,
measurement:dmr_form_value_id=3920642783,NM0020583,001,70295,2025-02-28,25774,,permit_limit_row:limit_set_schedule_id=3600891019|limit_value_id=3610673285,NOT_NUMERIC_CANDIDATE,FREQUENCY_UNINTERPRETED,aggregated_reporting_requirement;limit_sample_type_code;monitoring_frequency_code;permit_limit_comment_text,UNRESOLVED_SEMANTIC,,1,0,,
measurement:dmr_form_value_id=3920642784,NM0020583,001,70295,2025-02-28,26751,,permit_limit_row:limit_set_schedule_id=3600891019|limit_value_id=3610673286,NOT_NUMERIC_CANDIDATE,FREQUENCY_UNINTERPRETED,aggregated_reporting_requirement;limit_sample_type_code;monitoring_frequency_code;permit_limit_comment_text,UNRESOLVED_SEMANTIC,,1,0,,
measurement:dmr_form_value_id=3920643981,NM0020583,001,70295,2025-02-28,335,449,permit_limit_row:limit_set_schedule_id=3600891019|limit_value_id=3610838803,WITHIN_LIMIT,FREQUENCY_UNINTERPRETED,aggregated_reporting_requirement;limit_sample_type_code;monitoring_frequency_code;permit_limit_comment_text,DETERMINATE,,1,1,,
measurement:dmr_form_value_id=3920643982,NM0020583,001,70295,2025-02-28,345,,permit_limit_row:limit_set_schedule_id=3600891019|limit_value_id=3610838804,NOT_NUMERIC_CANDIDATE,FREQUENCY_UNINTERPRETED,aggregated_reporting_requirement;limit_sample_type_code;monitoring_frequency_code;permit_limit_comment_text,UNRESOLVED_SEMANTIC,,1,0,,
measurement:dmr_form_value_id=3920643983,NM0020583,001,70295,2025-02-28,11585,24992,permit_limit_row:limit_set_schedule_id=3600891019|limit_value_id=3610838801,WITHIN_LIMIT,FREQUENCY_UNINTERPRETED,aggregated_reporting_requirement;limit_sample_type_code;monitoring_frequency_code;permit_limit_comment_text,DETERMINATE,,1,1,,
measurement:dmr_form_value_id=3920643984,NM0020583,001,70295,2025-02-28,12319,,permit_limit_row:limit_set_schedule_id=3600891019|limit_value_id=3610838802,NOT_NUMERIC_CANDIDATE,FREQUENCY_UNINTERPRETED,aggregated_reporting_requirement;limit_sample_type_code;monitoring_frequency_code;permit_limit_comment_text,UNRESOLVED_SEMANTIC,,1,0,,
measurement:dmr_form_value_id=3920642809,NM0020583,001,70295,2025-03-31,395,,permit_limit_row:limit_set_schedule_id=3600891019|limit_value_id=3610673275,NOT_NUMERIC_CANDIDATE,FREQUENCY_UNINTERPRETED,aggregated_reporting_requirement;limit_sample_type_code;monitoring_frequency_code;permit_limit_comment_text,UNRESOLVED_SEMANTIC,,1,0,,
measurement:dmr_form_value_id=3920642810,NM0020583,001,70295,2025-03-31,419,,permit_limit_row:limit_set_schedule_id=3600891019|limit_value_id=3610673276,NOT_NUMERIC_CANDIDATE,FREQUENCY_UNINTERPRETED,aggregated_reporting_requirement;limit_sample_type_code;monitoring_frequency_code;permit_limit_comment_text,UNRESOLVED_SEMANTIC,,1,0,,
measurement:dmr_form_value_id=3920642811,NM0020583,001,70295,2025-03-31,27872,,permit_limit_row:limit_set_schedule_id=3600891019|limit_value_id=3610673273,NOT_NUMERIC_CANDIDATE,FREQUENCY_UNINTERPRETED,aggregated_reporting_requirement;limit_sample_type_code;monitoring_frequency_code;permit_limit_comment_text,UNRESOLVED_SEMANTIC,,1,0,,
measurement:dmr_form_value_id=3920642812,NM0020583,001,70295,2025-03-31,33180,,permit_limit_row:limit_set_schedule_id=3600891019|limit_value_id=3610673274,NOT_NUMERIC_CANDIDATE,FREQUENCY_UNINTERPRETED,aggregated_reporting_requirement;limit_sample_type_code;monitoring_frequency_code;permit_limit_comment_text,UNRESOLVED_SEMANTIC,,1,0,,
measurement:dmr_form_value_id=3920642813,NM0020583,001,70295,2025-03-31,744,,permit_limit_row:limit_set_schedule_id=3600891019|limit_value_id=3610673287,NOT_NUMERIC_CANDIDATE,FREQUENCY_UNINTERPRETED,aggregated_reporting_requirement;limit_sample_type_code;monitoring_frequency_code;permit_limit_comment_text,UNRESOLVED_SEMANTIC,,1,0,,
measurement:dmr_form_value_id=3920642814,NM0020583,001,70295,2025-03-31,770,,permit_limit_row:limit_set_schedule_id=3600891019|limit_value_id=3610673288,NOT_NUMERIC_CANDIDATE,FREQUENCY_UNINTERPRETED,aggregated_reporting_requirement;limit_sample_type_code;monitoring_frequency_code;permit_limit_comment_text,UNRESOLVED_SEMANTIC,,1,0,,
measurement:dmr_form_value_id=3920642815,NM0020583,001,70295,2025-03-31,26750,,permit_limit_row:limit_set_schedule_id=3600891019|limit_value_id=3610673285,NOT_NUMERIC_CANDIDATE,FREQUENCY_UNINTERPRETED,aggregated_reporting_requirement;limit_sample_type_code;monitoring_frequency_code;permit_limit_comment_text,UNRESOLVED_SEMANTIC,,1,0,,
measurement:dmr_form_value_id=3920642816,NM0020583,001,70295,2025-03-31,29540,,permit_limit_row:limit_set_schedule_id=3600891019|limit_value_id=3610673286,NOT_NUMERIC_CANDIDATE,FREQUENCY_UNINTERPRETED,aggregated_reporting_requirement;limit_sample_type_code;monitoring_frequency_code;permit_limit_comment_text,UNRESOLVED_SEMANTIC,,1,0,,
measurement:dmr_form_value_id=3920643985,NM0020583,001,70295,2025-03-31,350,449,permit_limit_row:limit_set_schedule_id=3600891019|limit_value_id=3610838803,WITHIN_LIMIT,FREQUENCY_UNINTERPRETED,aggregated_reporting_requirement;limit_sample_type_code;monitoring_frequency_code;permit_limit_comment_text,DETERMINATE,,1,1,,
measurement:dmr_form_value_id=3920643986,NM0020583,001,70295,2025-03-31,397,,permit_limit_row:limit_set_schedule_id=3600891019|limit_value_id=3610838804,NOT_NUMERIC_CANDIDATE,FREQUENCY_UNINTERPRETED,aggregated_reporting_requirement;limit_sample_type_code;monitoring_frequency_code;permit_limit_comment_text,UNRESOLVED_SEMANTIC,,1,0,,
measurement:dmr_form_value_id=3920643987,NM0020583,001,70295,2025-03-31,12441,24992,permit_limit_row:limit_set_schedule_id=3600891019|limit_value_id=3610838801,WITHIN_LIMIT,FREQUENCY_UNINTERPRETED,aggregated_reporting_requirement;limit_sample_type_code;monitoring_frequency_code;permit_limit_comment_text,DETERMINATE,,1,1,,
measurement:dmr_form_value_id=3920643988,NM0020583,001,70295,2025-03-31,15231,,permit_limit_row:limit_set_schedule_id=3600891019|limit_value_id=3610838802,NOT_NUMERIC_CANDIDATE,FREQUENCY_UNINTERPRETED,aggregated_reporting_requirement;limit_sample_type_code;monitoring_frequency_code;permit_limit_comment_text,UNRESOLVED_SEMANTIC,,1,0,,
measurement:dmr_form_value_id=3920642841,NM0020583,001,70295,2025-04-30,382,,permit_limit_row:limit_set_schedule_id=3600891019|limit_value_id=3610673275,NOT_NUMERIC_CANDIDATE,FREQUENCY_UNINTERPRETED,aggregated_reporting_requirement;limit_sample_type_code;monitoring_frequency_code;permit_limit_comment_text,UNRESOLVED_SEMANTIC,,1,0,,
measurement:dmr_form_value_id=3920642842,NM0020583,001,70295,2025-04-30,387,,permit_limit_row:limit_set_schedule_id=3600891019|limit_value_id=3610673276,NOT_NUMERIC_CANDIDATE,FREQUENCY_UNINTERPRETED,aggregated_reporting_requirement;limit_sample_type_code;monitoring_frequency_code;permit_limit_comment_text,UNRESOLVED_SEMANTIC,,1,0,,
measurement:dmr_form_value_id=3920642843,NM0020583,001,70295,2025-04-30,37526,,permit_limit_row:limit_set_schedule_id=3600891019|limit_value_id=3610673273,NOT_NUMERIC_CANDIDATE,FREQUENCY_UNINTERPRETED,aggregated_reporting_requirement;limit_sample_type_code;monitoring_frequency_code;permit_limit_comment_text,UNRESOLVED_SEMANTIC,,1,0,,
measurement:dmr_form_value_id=3920642844,NM0020583,001,70295,2025-04-30,42701,,permit_limit_row:limit_set_schedule_id=3600891019|limit_value_id=3610673274,NOT_NUMERIC_CANDIDATE,FREQUENCY_UNINTERPRETED,aggregated_reporting_requirement;limit_sample_type_code;monitoring_frequency_code;permit_limit_comment_text,UNRESOLVED_SEMANTIC,,1,0,,
measurement:dmr_form_value_id=3920642845,NM0020583,001,70295,2025-04-30,677,,permit_limit_row:limit_set_schedule_id=3600891019|limit_value_id=3610673287,NOT_NUMERIC_CANDIDATE,FREQUENCY_UNINTERPRETED,aggregated_reporting_requirement;limit_sample_type_code;monitoring_frequency_code;permit_limit_comment_text,UNRESOLVED_SEMANTIC,,1,0,,
measurement:dmr_form_value_id=3920642846,NM0020583,001,70295,2025-04-30,706,,permit_limit_row:limit_set_schedule_id=3600891019|limit_value_id=3610673288,NOT_NUMERIC_CANDIDATE,FREQUENCY_UNINTERPRETED,aggregated_reporting_requirement;limit_sample_type_code;monitoring_frequency_code;permit_limit_comment_text,UNRESOLVED_SEMANTIC,,1,0,,
measurement:dmr_form_value_id=3920642847,NM0020583,001,70295,2025-04-30,30001,,permit_limit_row:limit_set_schedule_id=3600891019|limit_value_id=3610673285,NOT_NUMERIC_CANDIDATE,FREQUENCY_UNINTERPRETED,aggregated_reporting_requirement;limit_sample_type_code;monitoring_frequency_code;permit_limit_comment_text,UNRESOLVED_SEMANTIC,,1,0,,
measurement:dmr_form_value_id=3920642848,NM0020583,001,70295,2025-04-30,31842,,permit_limit_row:limit_set_schedule_id=3600891019|limit_value_id=3610673286,NOT_NUMERIC_CANDIDATE,FREQUENCY_UNINTERPRETED,aggregated_reporting_requirement;limit_sample_type_code;monitoring_frequency_code;permit_limit_comment_text,UNRESOLVED_SEMANTIC,,1,0,,
measurement:dmr_form_value_id=3920643989,NM0020583,001,70295,2025-04-30,295,449,permit_limit_row:limit_set_schedule_id=3600891019|limit_value_id=3610838803,WITHIN_LIMIT,FREQUENCY_UNINTERPRETED,aggregated_reporting_requirement;limit_sample_type_code;monitoring_frequency_code;permit_limit_comment_text,DETERMINATE,,1,1,,
measurement:dmr_form_value_id=3920643990,NM0020583,001,70295,2025-04-30,321,,permit_limit_row:limit_set_schedule_id=3600891019|limit_value_id=3610838804,NOT_NUMERIC_CANDIDATE,FREQUENCY_UNINTERPRETED,aggregated_reporting_requirement;limit_sample_type_code;monitoring_frequency_code;permit_limit_comment_text,UNRESOLVED_SEMANTIC,,1,0,,
measurement:dmr_form_value_id=3920643991,NM0020583,001,70295,2025-04-30,12166,24992,permit_limit_row:limit_set_schedule_id=3600891019|limit_value_id=3610838801,WITHIN_LIMIT,FREQUENCY_UNINTERPRETED,aggregated_reporting_requirement;limit_sample_type_code;monitoring_frequency_code;permit_limit_comment_text,DETERMINATE,,1,1,,
measurement:dmr_form_value_id=3920643992,NM0020583,001,70295,2025-04-30,14153,,permit_limit_row:limit_set_schedule_id=3600891019|limit_value_id=3610838802,NOT_NUMERIC_CANDIDATE,FREQUENCY_UNINTERPRETED,aggregated_reporting_requirement;limit_sample_type_code;monitoring_frequency_code;permit_limit_comment_text,UNRESOLVED_SEMANTIC,,1,0,,
measurement:dmr_form_value_id=3920642873,NM0020583,001,70295,2025-05-31,383,,permit_limit_row:limit_set_schedule_id=3600891019|limit_value_id=3610673275,NOT_NUMERIC_CANDIDATE,FREQUENCY_UNINTERPRETED,aggregated_reporting_requirement;limit_sample_type_code;monitoring_frequency_code;permit_limit_comment_text,UNRESOLVED_SEMANTIC,,1,0,,
measurement:dmr_form_value_id=3920642874,NM0020583,001,70295,2025-05-31,407,,permit_limit_row:limit_set_schedule_id=3600891019|limit_value_id=3610673276,NOT_NUMERIC_CANDIDATE,FREQUENCY_UNINTERPRETED,aggregated_reporting_requirement;limit_sample_type_code;monitoring_frequency_code;permit_limit_comment_text,UNRESOLVED_SEMANTIC,,1,0,,
measurement:dmr_form_value_id=3920642875,NM0020583,001,70295,2025-05-31,37801,,permit_limit_row:limit_set_schedule_id=3600891019|limit_value_id=3610673273,NOT_NUMERIC_CANDIDATE,FREQUENCY_UNINTERPRETED,aggregated_reporting_requirement;limit_sample_type_code;monitoring_frequency_code;permit_limit_comment_text,UNRESOLVED_SEMANTIC,,1,0,,
measurement:dmr_form_value_id=3920642876,NM0020583,001,70295,2025-05-31,45228,,permit_limit_row:limit_set_schedule_id=3600891019|limit_value_id=3610673274,NOT_NUMERIC_CANDIDATE,FREQUENCY_UNINTERPRETED,aggregated_reporting_requirement;limit_sample_type_code;monitoring_frequency_code;permit_limit_comment_text,UNRESOLVED_SEMANTIC,,1,0,,
measurement:dmr_form_value_id=3920642877,NM0020583,001,70295,2025-05-31,669,,permit_limit_row:limit_set_schedule_id=3600891019|limit_value_id=3610673287,NOT_NUMERIC_CANDIDATE,FREQUENCY_UNINTERPRETED,aggregated_reporting_requirement;limit_sample_type_code;monitoring_frequency_code;permit_limit_comment_text,UNRESOLVED_SEMANTIC,,1,0,,
measurement:dmr_form_value_id=3920642878,NM0020583,001,70295,2025-05-31,681,,permit_limit_row:limit_set_schedule_id=3600891019|limit_value_id=3610673288,NOT_NUMERIC_CANDIDATE,FREQUENCY_UNINTERPRETED,aggregated_reporting_requirement;limit_sample_type_code;monitoring_frequency_code;permit_limit_comment_text,UNRESOLVED_SEMANTIC,,1,0,,
measurement:dmr_form_value_id=3920642879,NM0020583,001,70295,2025-05-31,28638,,permit_limit_row:limit_set_schedule_id=3600891019|limit_value_id=3610673285,NOT_NUMERIC_CANDIDATE,FREQUENCY_UNINTERPRETED,aggregated_reporting_requirement;limit_sample_type_code;monitoring_frequency_code;permit_limit_comment_text,UNRESOLVED_SEMANTIC,,1,0,,
measurement:dmr_form_value_id=3920642880,NM0020583,001,70295,2025-05-31,30284,,permit_limit_row:limit_set_schedule_id=3600891019|limit_value_id=3610673286,NOT_NUMERIC_CANDIDATE,FREQUENCY_UNINTERPRETED,aggregated_reporting_requirement;limit_sample_type_code;monitoring_frequency_code;permit_limit_comment_text,UNRESOLVED_SEMANTIC,,1,0,,
measurement:dmr_form_value_id=3920643993,NM0020583,001,70295,2025-05-31,286,449,permit_limit_row:limit_set_schedule_id=3600891019|limit_value_id=3610838803,WITHIN_LIMIT,FREQUENCY_UNINTERPRETED,aggregated_reporting_requirement;limit_sample_type_code;monitoring_frequency_code;permit_limit_comment_text,DETERMINATE,,1,1,,
measurement:dmr_form_value_id=3920643994,NM0020583,001,70295,2025-05-31,299,,permit_limit_row:limit_set_schedule_id=3600891019|limit_value_id=3610838804,NOT_NUMERIC_CANDIDATE,FREQUENCY_UNINTERPRETED,aggregated_reporting_requirement;limit_sample_type_code;monitoring_frequency_code;permit_limit_comment_text,UNRESOLVED_SEMANTIC,,1,0,,
measurement:dmr_form_value_id=3920643995,NM0020583,001,70295,2025-05-31,12017,24992,permit_limit_row:limit_set_schedule_id=3600891019|limit_value_id=3610838801,WITHIN_LIMIT,FREQUENCY_UNINTERPRETED,aggregated_reporting_requirement;limit_sample_type_code;monitoring_frequency_code;permit_limit_comment_text,DETERMINATE,,1,1,,
measurement:dmr_form_value_id=3920643996,NM0020583,001,70295,2025-05-31,12643,,permit_limit_row:limit_set_schedule_id=3600891019|limit_value_id=3610838802,NOT_NUMERIC_CANDIDATE,FREQUENCY_UNINTERPRETED,aggregated_reporting_requirement;limit_sample_type_code;monitoring_frequency_code;permit_limit_comment_text,UNRESOLVED_SEMANTIC,,1,0,,
measurement:dmr_form_value_id=3920642905,NM0020583,001,70295,2025-06-30,350,,permit_limit_row:limit_set_schedule_id=3600891019|limit_value_id=3610673275,NOT_NUMERIC_CANDIDATE,FREQUENCY_UNINTERPRETED,aggregated_reporting_requirement;limit_sample_type_code;monitoring_frequency_code;permit_limit_comment_text,UNRESOLVED_SEMANTIC,,1,0,,
measurement:dmr_form_value_id=3920642906,NM0020583,001,70295,2025-06-30,361,,permit_limit_row:limit_set_schedule_id=3600891019|limit_value_id=3610673276,NOT_NUMERIC_CANDIDATE,FREQUENCY_UNINTERPRETED,aggregated_reporting_requirement;limit_sample_type_code;monitoring_frequency_code;permit_limit_comment_text,UNRESOLVED_SEMANTIC,,1,0,,
measurement:dmr_form_value_id=3920642907,NM0020583,001,70295,2025-06-30,44302,,permit_limit_row:limit_set_schedule_id=3600891019|limit_value_id=3610673273,NOT_NUMERIC_CANDIDATE,FREQUENCY_UNINTERPRETED,aggregated_reporting_requirement;limit_sample_type_code;monitoring_frequency_code;permit_limit_comment_text,UNRESOLVED_SEMANTIC,,1,0,,
measurement:dmr_form_value_id=3920642908,NM0020583,001,70295,2025-06-30,49417,,permit_limit_row:limit_set_schedule_id=3600891019|limit_value_id=3610673274,NOT_NUMERIC_CANDIDATE,FREQUENCY_UNINTERPRETED,aggregated_reporting_requirement;limit_sample_type_code;monitoring_frequency_code;permit_limit_comment_text,UNRESOLVED_SEMANTIC,,1,0,,
measurement:dmr_form_value_id=3920642909,NM0020583,001,70295,2025-06-30,631,,permit_limit_row:limit_set_schedule_id=3600891019|limit_value_id=3610673287,NOT_NUMERIC_CANDIDATE,FREQUENCY_UNINTERPRETED,aggregated_reporting_requirement;limit_sample_type_code;monitoring_frequency_code;permit_limit_comment_text,UNRESOLVED_SEMANTIC,,1,0,,
measurement:dmr_form_value_id=3920642910,NM0020583,001,70295,2025-06-30,660,,permit_limit_row:limit_set_schedule_id=3600891019|limit_value_id=3610673288,NOT_NUMERIC_CANDIDATE,FREQUENCY_UNINTERPRETED,aggregated_reporting_requirement;limit_sample_type_code;monitoring_frequency_code;permit_limit_comment_text,UNRESOLVED_SEMANTIC,,1,0,,
measurement:dmr_form_value_id=3920642911,NM0020583,001,70295,2025-06-30,29468,,permit_limit_row:limit_set_schedule_id=3600891019|limit_value_id=3610673285,NOT_NUMERIC_CANDIDATE,FREQUENCY_UNINTERPRETED,aggregated_reporting_requirement;limit_sample_type_code;monitoring_frequency_code;permit_limit_comment_text,UNRESOLVED_SEMANTIC,,1,0,,
measurement:dmr_form_value_id=3920642912,NM0020583,001,70295,2025-06-30,30340,,permit_limit_row:limit_set_schedule_id=3600891019|limit_value_id=3610673286,NOT_NUMERIC_CANDIDATE,FREQUENCY_UNINTERPRETED,aggregated_reporting_requirement;limit_sample_type_code;monitoring_frequency_code;permit_limit_comment_text,UNRESOLVED_SEMANTIC,,1,0,,
measurement:dmr_form_value_id=3920643997,NM0020583,001,70295,2025-06-30,281,449,permit_limit_row:limit_set_schedule_id=3600891019|limit_value_id=3610838803,WITHIN_LIMIT,FREQUENCY_UNINTERPRETED,aggregated_reporting_requirement;limit_sample_type_code;monitoring_frequency_code;permit_limit_comment_text,DETERMINATE,,1,1,,
measurement:dmr_form_value_id=3920643998,NM0020583,001,70295,2025-06-30,299,,permit_limit_row:limit_set_schedule_id=3600891019|limit_value_id=3610838804,NOT_NUMERIC_CANDIDATE,FREQUENCY_UNINTERPRETED,aggregated_reporting_requirement;limit_sample_type_code;monitoring_frequency_code;permit_limit_comment_text,UNRESOLVED_SEMANTIC,,1,0,,
measurement:dmr_form_value_id=3920643999,NM0020583,001,70295,2025-06-30,12788,24992,permit_limit_row:limit_set_schedule_id=3600891019|limit_value_id=3610838801,WITHIN_LIMIT,FREQUENCY_UNINTERPRETED,aggregated_reporting_requirement;limit_sample_type_code;monitoring_frequency_code;permit_limit_comment_text,DETERMINATE,,1,1,,
measurement:dmr_form_value_id=3920644000,NM0020583,001,70295,2025-06-30,13780,,permit_limit_row:limit_set_schedule_id=3600891019|limit_value_id=3610838802,NOT_NUMERIC_CANDIDATE,FREQUENCY_UNINTERPRETED,aggregated_reporting_requirement;limit_sample_type_code;monitoring_frequency_code;permit_limit_comment_text,UNRESOLVED_SEMANTIC,,1,0,,
measurement:dmr_form_value_id=3920642937,NM0020583,001,70295,2025-07-31,324,,permit_limit_row:limit_set_schedule_id=3600891019|limit_value_id=3610673275,NOT_NUMERIC_CANDIDATE,FREQUENCY_UNINTERPRETED,aggregated_reporting_requirement;limit_sample_type_code;monitoring_frequency_code;permit_limit_comment_text,UNRESOLVED_SEMANTIC,,1,0,,
measurement:dmr_form_value_id=3920642938,NM0020583,001,70295,2025-07-31,330,,permit_limit_row:limit_set_schedule_id=3600891019|limit_value_id=3610673276,NOT_NUMERIC_CANDIDATE,FREQUENCY_UNINTERPRETED,aggregated_reporting_requirement;limit_sample_type_code;monitoring_frequency_code;permit_limit_comment_text,UNRESOLVED_SEMANTIC,,1,0,,
measurement:dmr_form_value_id=3920642939,NM0020583,001,70295,2025-07-31,44291,,permit_limit_row:limit_set_schedule_id=3600891019|limit_value_id=3610673273,NOT_NUMERIC_CANDIDATE,FREQUENCY_UNINTERPRETED,aggregated_reporting_requirement;limit_sample_type_code;monitoring_frequency_code;permit_limit_comment_text,UNRESOLVED_SEMANTIC,,1,0,,
measurement:dmr_form_value_id=3920642940,NM0020583,001,70295,2025-07-31,57249,,permit_limit_row:limit_set_schedule_id=3600891019|limit_value_id=3610673274,NOT_NUMERIC_CANDIDATE,FREQUENCY_UNINTERPRETED,aggregated_reporting_requirement;limit_sample_type_code;monitoring_frequency_code;permit_limit_comment_text,UNRESOLVED_SEMANTIC,,1,0,,
measurement:dmr_form_value_id=3920642941,NM0020583,001,70295,2025-07-31,571,,permit_limit_row:limit_set_schedule_id=3600891019|limit_value_id=3610673287,NOT_NUMERIC_CANDIDATE,FREQUENCY_UNINTERPRETED,aggregated_reporting_requirement;limit_sample_type_code;monitoring_frequency_code;permit_limit_comment_text,UNRESOLVED_SEMANTIC,,1,0,,
measurement:dmr_form_value_id=3920642942,NM0020583,001,70295,2025-07-31,583,,permit_limit_row:limit_set_schedule_id=3600891019|limit_value_id=3610673288,NOT_NUMERIC_CANDIDATE,FREQUENCY_UNINTERPRETED,aggregated_reporting_requirement;limit_sample_type_code;monitoring_frequency_code;permit_limit_comment_text,UNRESOLVED_SEMANTIC,,1,0,,
measurement:dmr_form_value_id=3920642943,NM0020583,001,70295,2025-07-31,28614,,permit_limit_row:limit_set_schedule_id=3600891019|limit_value_id=3610673285,NOT_NUMERIC_CANDIDATE,FREQUENCY_UNINTERPRETED,aggregated_reporting_requirement;limit_sample_type_code;monitoring_frequency_code;permit_limit_comment_text,UNRESOLVED_SEMANTIC,,1,0,,
measurement:dmr_form_value_id=3920642944,NM0020583,001,70295,2025-07-31,31899,,permit_limit_row:limit_set_schedule_id=3600891019|limit_value_id=3610673286,NOT_NUMERIC_CANDIDATE,FREQUENCY_UNINTERPRETED,aggregated_reporting_requirement;limit_sample_type_code;monitoring_frequency_code;permit_limit_comment_text,UNRESOLVED_SEMANTIC,,1,0,,
measurement:dmr_form_value_id=3920644001,NM0020583,001,70295,2025-07-31,247,449,permit_limit_row:limit_set_schedule_id=3600891019|limit_value_id=3610838803,WITHIN_LIMIT,FREQUENCY_UNINTERPRETED,aggregated_reporting_requirement;limit_sample_type_code;monitoring_frequency_code;permit_limit_comment_text,DETERMINATE,,1,1,,
measurement:dmr_form_value_id=3920644002,NM0020583,001,70295,2025-07-31,258,,permit_limit_row:limit_set_schedule_id=3600891019|limit_value_id=3610838804,NOT_NUMERIC_CANDIDATE,FREQUENCY_UNINTERPRETED,aggregated_reporting_requirement;limit_sample_type_code;monitoring_frequency_code;permit_limit_comment_text,UNRESOLVED_SEMANTIC,,1,0,,
measurement:dmr_form_value_id=3920644003,NM0020583,001,70295,2025-07-31,12141,24992,permit_limit_row:limit_set_schedule_id=3600891019|limit_value_id=3610838801,WITHIN_LIMIT,FREQUENCY_UNINTERPRETED,aggregated_reporting_requirement;limit_sample_type_code;monitoring_frequency_code;permit_limit_comment_text,DETERMINATE,,1,1,,
measurement:dmr_form_value_id=3920644004,NM0020583,001,70295,2025-07-31,13443,,permit_limit_row:limit_set_schedule_id=3600891019|limit_value_id=3610838802,NOT_NUMERIC_CANDIDATE,FREQUENCY_UNINTERPRETED,aggregated_reporting_requirement;limit_sample_type_code;monitoring_frequency_code;permit_limit_comment_text,UNRESOLVED_SEMANTIC,,1,0,,
measurement:dmr_form_value_id=3920642969,NM0020583,001,70295,2025-08-31,358,,permit_limit_row:limit_set_schedule_id=3600891019|limit_value_id=3610673275,NOT_NUMERIC_CANDIDATE,FREQUENCY_UNINTERPRETED,aggregated_reporting_requirement;limit_sample_type_code;monitoring_frequency_code;permit_limit_comment_text,UNRESOLVED_SEMANTIC,,1,0,,
measurement:dmr_form_value_id=3920642970,NM0020583,001,70295,2025-08-31,431,,permit_limit_row:limit_set_schedule_id=3600891019|limit_value_id=3610673276,NOT_NUMERIC_CANDIDATE,FREQUENCY_UNINTERPRETED,aggregated_reporting_requirement;limit_sample_type_code;monitoring_frequency_code;permit_limit_comment_text,UNRESOLVED_SEMANTIC,,1,0,,
measurement:dmr_form_value_id=3920642971,NM0020583,001,70295,2025-08-31,41573,,permit_limit_row:limit_set_schedule_id=3600891019|limit_value_id=3610673273,NOT_NUMERIC_CANDIDATE,FREQUENCY_UNINTERPRETED,aggregated_reporting_requirement;limit_sample_type_code;monitoring_frequency_code;permit_limit_comment_text,UNRESOLVED_SEMANTIC,,1,0,,
measurement:dmr_form_value_id=3920642972,NM0020583,001,70295,2025-08-31,59167,,permit_limit_row:limit_set_schedule_id=3600891019|limit_value_id=3610673274,NOT_NUMERIC_CANDIDATE,FREQUENCY_UNINTERPRETED,aggregated_reporting_requirement;limit_sample_type_code;monitoring_frequency_code;permit_limit_comment_text,UNRESOLVED_SEMANTIC,,1,0,,
measurement:dmr_form_value_id=3920642973,NM0020583,001,70295,2025-08-31,577,,permit_limit_row:limit_set_schedule_id=3600891019|limit_value_id=3610673287,NOT_NUMERIC_CANDIDATE,FREQUENCY_UNINTERPRETED,aggregated_reporting_requirement;limit_sample_type_code;monitoring_frequency_code;permit_limit_comment_text,UNRESOLVED_SEMANTIC,,1,0,,
measurement:dmr_form_value_id=3920642974,NM0020583,001,70295,2025-08-31,606,,permit_limit_row:limit_set_schedule_id=3600891019|limit_value_id=3610673288,NOT_NUMERIC_CANDIDATE,FREQUENCY_UNINTERPRETED,aggregated_reporting_requirement;limit_sample_type_code;monitoring_frequency_code;permit_limit_comment_text,UNRESOLVED_SEMANTIC,,1,0,,
measurement:dmr_form_value_id=3920642975,NM0020583,001,70295,2025-08-31,27367,,permit_limit_row:limit_set_schedule_id=3600891019|limit_value_id=3610673285,NOT_NUMERIC_CANDIDATE,FREQUENCY_UNINTERPRETED,aggregated_reporting_requirement;limit_sample_type_code;monitoring_frequency_code;permit_limit_comment_text,UNRESOLVED_SEMANTIC,,1,0,,
measurement:dmr_form_value_id=3920642976,NM0020583,001,70295,2025-08-31,28249,,permit_limit_row:limit_set_schedule_id=3600891019|limit_value_id=3610673286,NOT_NUMERIC_CANDIDATE,FREQUENCY_UNINTERPRETED,aggregated_reporting_requirement;limit_sample_type_code;monitoring_frequency_code;permit_limit_comment_text,UNRESOLVED_SEMANTIC,,1,0,,
measurement:dmr_form_value_id=3920644005,NM0020583,001,70295,2025-08-31,219,449,permit_limit_row:limit_set_schedule_id=3600891019|limit_value_id=3610838803,WITHIN_LIMIT,FREQUENCY_UNINTERPRETED,aggregated_reporting_requirement;limit_sample_type_code;monitoring_frequency_code;permit_limit_comment_text,DETERMINATE,,1,1,,
measurement:dmr_form_value_id=3920644006,NM0020583,001,70295,2025-08-31,265,,permit_limit_row:limit_set_schedule_id=3600891019|limit_value_id=3610838804,NOT_NUMERIC_CANDIDATE,FREQUENCY_UNINTERPRETED,aggregated_reporting_requirement;limit_sample_type_code;monitoring_frequency_code;permit_limit_comment_text,UNRESOLVED_SEMANTIC,,1,0,,
measurement:dmr_form_value_id=3920644007,NM0020583,001,70295,2025-08-31,10296,24992,permit_limit_row:limit_set_schedule_id=3600891019|limit_value_id=3610838801,WITHIN_LIMIT,FREQUENCY_UNINTERPRETED,aggregated_reporting_requirement;limit_sample_type_code;monitoring_frequency_code;permit_limit_comment_text,DETERMINATE,,1,1,,
measurement:dmr_form_value_id=3920644008,NM0020583,001,70295,2025-08-31,11697,,permit_limit_row:limit_set_schedule_id=3600891019|limit_value_id=3610838802,NOT_NUMERIC_CANDIDATE,FREQUENCY_UNINTERPRETED,aggregated_reporting_requirement;limit_sample_type_code;monitoring_frequency_code;permit_limit_comment_text,UNRESOLVED_SEMANTIC,,1,0,,
measurement:dmr_form_value_id=3920643001,NM0020583,001,70295,2025-09-30,357,,permit_limit_row:limit_set_schedule_id=3600891019|limit_value_id=3610673275,NOT_NUMERIC_CANDIDATE,FREQUENCY_UNINTERPRETED,aggregated_reporting_requirement;limit_sample_type_code;monitoring_frequency_code;permit_limit_comment_text,UNRESOLVED_SEMANTIC,,1,0,,
measurement:dmr_form_value_id=3920643002,NM0020583,001,70295,2025-09-30,367,,permit_limit_row:limit_set_schedule_id=3600891019|limit_value_id=3610673276,NOT_NUMERIC_CANDIDATE,FREQUENCY_UNINTERPRETED,aggregated_reporting_requirement;limit_sample_type_code;monitoring_frequency_code;permit_limit_comment_text,UNRESOLVED_SEMANTIC,,1,0,,
measurement:dmr_form_value_id=3920643003,NM0020583,001,70295,2025-09-30,31537,,permit_limit_row:limit_set_schedule_id=3600891019|limit_value_id=3610673273,NOT_NUMERIC_CANDIDATE,FREQUENCY_UNINTERPRETED,aggregated_reporting_requirement;limit_sample_type_code;monitoring_frequency_code;permit_limit_comment_text,UNRESOLVED_SEMANTIC,,1,0,,
measurement:dmr_form_value_id=3920643004,NM0020583,001,70295,2025-09-30,41304,,permit_limit_row:limit_set_schedule_id=3600891019|limit_value_id=3610673274,NOT_NUMERIC_CANDIDATE,FREQUENCY_UNINTERPRETED,aggregated_reporting_requirement;limit_sample_type_code;monitoring_frequency_code;permit_limit_comment_text,UNRESOLVED_SEMANTIC,,1,0,,
measurement:dmr_form_value_id=3920643005,NM0020583,001,70295,2025-09-30,617,,permit_limit_row:limit_set_schedule_id=3600891019|limit_value_id=3610673287,NOT_NUMERIC_CANDIDATE,FREQUENCY_UNINTERPRETED,aggregated_reporting_requirement;limit_sample_type_code;monitoring_frequency_code;permit_limit_comment_text,UNRESOLVED_SEMANTIC,,1,0,,
measurement:dmr_form_value_id=3920643006,NM0020583,001,70295,2025-09-30,635,,permit_limit_row:limit_set_schedule_id=3600891019|limit_value_id=3610673288,NOT_NUMERIC_CANDIDATE,FREQUENCY_UNINTERPRETED,aggregated_reporting_requirement;limit_sample_type_code;monitoring_frequency_code;permit_limit_comment_text,UNRESOLVED_SEMANTIC,,1,0,,
measurement:dmr_form_value_id=3920643007,NM0020583,001,70295,2025-09-30,28298,,permit_limit_row:limit_set_schedule_id=3600891019|limit_value_id=3610673285,NOT_NUMERIC_CANDIDATE,FREQUENCY_UNINTERPRETED,aggregated_reporting_requirement;limit_sample_type_code;monitoring_frequency_code;permit_limit_comment_text,UNRESOLVED_SEMANTIC,,1,0,,
measurement:dmr_form_value_id=3920643008,NM0020583,001,70295,2025-09-30,30409,,permit_limit_row:limit_set_schedule_id=3600891019|limit_value_id=3610673286,NOT_NUMERIC_CANDIDATE,FREQUENCY_UNINTERPRETED,aggregated_reporting_requirement;limit_sample_type_code;monitoring_frequency_code;permit_limit_comment_text,UNRESOLVED_SEMANTIC,,1,0,,
measurement:dmr_form_value_id=3920644009,NM0020583,001,70295,2025-09-30,261,449,permit_limit_row:limit_set_schedule_id=3600891019|limit_value_id=3610838803,WITHIN_LIMIT,FREQUENCY_UNINTERPRETED,aggregated_reporting_requirement;limit_sample_type_code;monitoring_frequency_code;permit_limit_comment_text,DETERMINATE,,1,1,,
measurement:dmr_form_value_id=3920644010,NM0020583,001,70295,2025-09-30,276,,permit_limit_row:limit_set_schedule_id=3600891019|limit_value_id=3610838804,NOT_NUMERIC_CANDIDATE,FREQUENCY_UNINTERPRETED,aggregated_reporting_requirement;limit_sample_type_code;monitoring_frequency_code;permit_limit_comment_text,UNRESOLVED_SEMANTIC,,1,0,,
measurement:dmr_form_value_id=3920644011,NM0020583,001,70295,2025-09-30,11794,24992,permit_limit_row:limit_set_schedule_id=3600891019|limit_value_id=3610838801,WITHIN_LIMIT,FREQUENCY_UNINTERPRETED,aggregated_reporting_requirement;limit_sample_type_code;monitoring_frequency_code;permit_limit_comment_text,DETERMINATE,,1,1,,
measurement:dmr_form_value_id=3920644012,NM0020583,001,70295,2025-09-30,12197,,permit_limit_row:limit_set_schedule_id=3600891019|limit_value_id=3610838802,NOT_NUMERIC_CANDIDATE,FREQUENCY_UNINTERPRETED,aggregated_reporting_requirement;limit_sample_type_code;monitoring_frequency_code;permit_limit_comment_text,UNRESOLVED_SEMANTIC,,1,0,,
measurement:dmr_form_value_id=3920642661,NM0020583,001,81010,2024-10-31,98,85,permit_limit_row:limit_set_schedule_id=3600891019|limit_value_id=3610673293,WITHIN_LIMIT,FREQUENCY_UNINTERPRETED,aggregated_reporting_requirement;limit_sample_type_code;monitoring_frequency_code;permit_limit_comment_text,DETERMINATE,,1,1,,
measurement:dmr_form_value_id=3920642693,NM0020583,001,81010,2024-11-30,98,85,permit_limit_row:limit_set_schedule_id=3600891019|limit_value_id=3610673293,WITHIN_LIMIT,FREQUENCY_UNINTERPRETED,aggregated_reporting_requirement;limit_sample_type_code;monitoring_frequency_code;permit_limit_comment_text,DETERMINATE,,1,1,,
measurement:dmr_form_value_id=3920642725,NM0020583,001,81010,2024-12-31,97,85,permit_limit_row:limit_set_schedule_id=3600891019|limit_value_id=3610673293,WITHIN_LIMIT,FREQUENCY_UNINTERPRETED,aggregated_reporting_requirement;limit_sample_type_code;monitoring_frequency_code;permit_limit_comment_text,DETERMINATE,,1,1,,
measurement:dmr_form_value_id=3920642757,NM0020583,001,81010,2025-01-31,98,85,permit_limit_row:limit_set_schedule_id=3600891019|limit_value_id=3610673293,WITHIN_LIMIT,FREQUENCY_UNINTERPRETED,aggregated_reporting_requirement;limit_sample_type_code;monitoring_frequency_code;permit_limit_comment_text,DETERMINATE,,1,1,,
measurement:dmr_form_value_id=3920642789,NM0020583,001,81010,2025-02-28,98,85,permit_limit_row:limit_set_schedule_id=3600891019|limit_value_id=3610673293,WITHIN_LIMIT,FREQUENCY_UNINTERPRETED,aggregated_reporting_requirement;limit_sample_type_code;monitoring_frequency_code;permit_limit_comment_text,DETERMINATE,,1,1,,
measurement:dmr_form_value_id=3920642821,NM0020583,001,81010,2025-03-31,98,85,permit_limit_row:limit_set_schedule_id=3600891019|limit_value_id=3610673293,WITHIN_LIMIT,FREQUENCY_UNINTERPRETED,aggregated_reporting_requirement;limit_sample_type_code;monitoring_frequency_code;permit_limit_comment_text,DETERMINATE,,1,1,,
measurement:dmr_form_value_id=3920642853,NM0020583,001,81010,2025-04-30,98,85,permit_limit_row:limit_set_schedule_id=3600891019|limit_value_id=3610673293,WITHIN_LIMIT,FREQUENCY_UNINTERPRETED,aggregated_reporting_requirement;limit_sample_type_code;monitoring_frequency_code;permit_limit_comment_text,DETERMINATE,,1,1,,
measurement:dmr_form_value_id=3920642885,NM0020583,001,81010,2025-05-31,98,85,permit_limit_row:limit_set_schedule_id=3600891019|limit_value_id=3610673293,WITHIN_LIMIT,FREQUENCY_UNINTERPRETED,aggregated_reporting_requirement;limit_sample_type_code;monitoring_frequency_code;permit_limit_comment_text,DETERMINATE,,1,1,,
measurement:dmr_form_value_id=3920642917,NM0020583,001,81010,2025-06-30,98,85,permit_limit_row:limit_set_schedule_id=3600891019|limit_value_id=3610673293,WITHIN_LIMIT,FREQUENCY_UNINTERPRETED,aggregated_reporting_requirement;limit_sample_type_code;monitoring_frequency_code;permit_limit_comment_text,DETERMINATE,,1,1,,
measurement:dmr_form_value_id=3920642949,NM0020583,001,81010,2025-07-31,97,85,permit_limit_row:limit_set_schedule_id=3600891019|limit_value_id=3610673293,WITHIN_LIMIT,FREQUENCY_UNINTERPRETED,aggregated_reporting_requirement;limit_sample_type_code;monitoring_frequency_code;permit_limit_comment_text,DETERMINATE,,1,1,,
measurement:dmr_form_value_id=3920642981,NM0020583,001,81010,2025-08-31,98,85,permit_limit_row:limit_set_schedule_id=3600891019|limit_value_id=3610673293,WITHIN_LIMIT,FREQUENCY_UNINTERPRETED,aggregated_reporting_requirement;limit_sample_type_code;monitoring_frequency_code;permit_limit_comment_text,DETERMINATE,,1,1,,
measurement:dmr_form_value_id=3920643013,NM0020583,001,81010,2025-09-30,98,85,permit_limit_row:limit_set_schedule_id=3600891019|limit_value_id=3610673293,WITHIN_LIMIT,FREQUENCY_UNINTERPRETED,aggregated_reporting_requirement;limit_sample_type_code;monitoring_frequency_code;permit_limit_comment_text,DETERMINATE,,1,1,,
measurement:dmr_form_value_id=3920642662,NM0020583,001,81011,2024-10-31,99,85,permit_limit_row:limit_set_schedule_id=3600891019|limit_value_id=3610673292,WITHIN_LIMIT,FREQUENCY_UNINTERPRETED,aggregated_reporting_requirement;limit_sample_type_code;monitoring_frequency_code;permit_limit_comment_text,DETERMINATE,,1,1,,
measurement:dmr_form_value_id=3920642694,NM0020583,001,81011,2024-11-30,96,85,permit_limit_row:limit_set_schedule_id=3600891019|limit_value_id=3610673292,WITHIN_LIMIT,FREQUENCY_UNINTERPRETED,aggregated_reporting_requirement;limit_sample_type_code;monitoring_frequency_code;permit_limit_comment_text,DETERMINATE,,1,1,,
measurement:dmr_form_value_id=3920642726,NM0020583,001,81011,2024-12-31,97,85,permit_limit_row:limit_set_schedule_id=3600891019|limit_value_id=3610673292,WITHIN_LIMIT,FREQUENCY_UNINTERPRETED,aggregated_reporting_requirement;limit_sample_type_code;monitoring_frequency_code;permit_limit_comment_text,DETERMINATE,,1,1,,
measurement:dmr_form_value_id=3920642758,NM0020583,001,81011,2025-01-31,98,85,permit_limit_row:limit_set_schedule_id=3600891019|limit_value_id=3610673292,WITHIN_LIMIT,FREQUENCY_UNINTERPRETED,aggregated_reporting_requirement;limit_sample_type_code;monitoring_frequency_code;permit_limit_comment_text,DETERMINATE,,1,1,,
measurement:dmr_form_value_id=3920642790,NM0020583,001,81011,2025-02-28,98,85,permit_limit_row:limit_set_schedule_id=3600891019|limit_value_id=3610673292,WITHIN_LIMIT,FREQUENCY_UNINTERPRETED,aggregated_reporting_requirement;limit_sample_type_code;monitoring_frequency_code;permit_limit_comment_text,DETERMINATE,,1,1,,
measurement:dmr_form_value_id=3920642822,NM0020583,001,81011,2025-03-31,98,85,permit_limit_row:limit_set_schedule_id=3600891019|limit_value_id=3610673292,WITHIN_LIMIT,FREQUENCY_UNINTERPRETED,aggregated_reporting_requirement;limit_sample_type_code;monitoring_frequency_code;permit_limit_comment_text,DETERMINATE,,1,1,,
measurement:dmr_form_value_id=3920642854,NM0020583,001,81011,2025-04-30,98,85,permit_limit_row:limit_set_schedule_id=3600891019|limit_value_id=3610673292,WITHIN_LIMIT,FREQUENCY_UNINTERPRETED,aggregated_reporting_requirement;limit_sample_type_code;monitoring_frequency_code;permit_limit_comment_text,DETERMINATE,,1,1,,
measurement:dmr_form_value_id=3920642886,NM0020583,001,81011,2025-05-31,98,85,permit_limit_row:limit_set_schedule_id=3600891019|limit_value_id=3610673292,WITHIN_LIMIT,FREQUENCY_UNINTERPRETED,aggregated_reporting_requirement;limit_sample_type_code;monitoring_frequency_code;permit_limit_comment_text,DETERMINATE,,1,1,,
measurement:dmr_form_value_id=3920642918,NM0020583,001,81011,2025-06-30,98,85,permit_limit_row:limit_set_schedule_id=3600891019|limit_value_id=3610673292,WITHIN_LIMIT,FREQUENCY_UNINTERPRETED,aggregated_reporting_requirement;limit_sample_type_code;monitoring_frequency_code;permit_limit_comment_text,DETERMINATE,,1,1,,
measurement:dmr_form_value_id=3920642950,NM0020583,001,81011,2025-07-31,98,85,permit_limit_row:limit_set_schedule_id=3600891019|limit_value_id=3610673292,WITHIN_LIMIT,FREQUENCY_UNINTERPRETED,aggregated_reporting_requirement;limit_sample_type_code;monitoring_frequency_code;permit_limit_comment_text,DETERMINATE,,1,1,,
measurement:dmr_form_value_id=3920642982,NM0020583,001,81011,2025-08-31,99,85,permit_limit_row:limit_set_schedule_id=3600891019|limit_value_id=3610673292,WITHIN_LIMIT,FREQUENCY_UNINTERPRETED,aggregated_reporting_requirement;limit_sample_type_code;monitoring_frequency_code;permit_limit_comment_text,DETERMINATE,,1,1,,
measurement:dmr_form_value_id=3920643014,NM0020583,001,81011,2025-09-30,98,85,permit_limit_row:limit_set_schedule_id=3600891019|limit_value_id=3610673292,WITHIN_LIMIT,FREQUENCY_UNINTERPRETED,aggregated_reporting_requirement;limit_sample_type_code;monitoring_frequency_code;permit_limit_comment_text,DETERMINATE,,1,1,,
measurement:dmr_form_value_id=3920662047,NM0020583,TX1,22415,2024-11-30,,,permit_limit_row:limit_set_schedule_id=3600904539|limit_value_id=3610839676,UNRESOLVED_SEMANTIC,FREQUENCY_UNINTERPRETED,limit_sample_type_code;monitoring_frequency_code;nodi_code_semantics;permit_limit_comment_text,UNRESOLVED_SEMANTIC,9,0,0,,
measurement:dmr_form_value_id=3920662059,NM0020583,TX1,22415,2025-02-28,,,permit_limit_row:limit_set_schedule_id=3600904539|limit_value_id=3610839676,UNRESOLVED_SEMANTIC,FREQUENCY_UNINTERPRETED,limit_sample_type_code;monitoring_frequency_code;nodi_code_semantics;permit_limit_comment_text,UNRESOLVED_SEMANTIC,9,0,0,,
measurement:dmr_form_value_id=3920662071,NM0020583,TX1,22415,2025-05-31,,,permit_limit_row:limit_set_schedule_id=3600904539|limit_value_id=3610839676,UNRESOLVED_SEMANTIC,FREQUENCY_UNINTERPRETED,limit_sample_type_code;monitoring_frequency_code;nodi_code_semantics;permit_limit_comment_text,UNRESOLVED_SEMANTIC,9,0,0,,
measurement:dmr_form_value_id=3920662083,NM0020583,TX1,22415,2025-08-31,,,permit_limit_row:limit_set_schedule_id=3600904539|limit_value_id=3610839676,UNRESOLVED_SEMANTIC,FREQUENCY_UNINTERPRETED,limit_sample_type_code;monitoring_frequency_code;nodi_code_semantics;permit_limit_comment_text,UNRESOLVED_SEMANTIC,9,0,0,,
measurement:dmr_form_value_id=3920662048,NM0020583,TX1,22416,2024-11-30,,,permit_limit_row:limit_set_schedule_id=3600904539|limit_value_id=3610839677,UNRESOLVED_SEMANTIC,FREQUENCY_UNINTERPRETED,limit_sample_type_code;monitoring_frequency_code;nodi_code_semantics;permit_limit_comment_text,UNRESOLVED_SEMANTIC,9,0,0,,
measurement:dmr_form_value_id=3920662060,NM0020583,TX1,22416,2025-02-28,,,permit_limit_row:limit_set_schedule_id=3600904539|limit_value_id=3610839677,UNRESOLVED_SEMANTIC,FREQUENCY_UNINTERPRETED,limit_sample_type_code;monitoring_frequency_code;nodi_code_semantics;permit_limit_comment_text,UNRESOLVED_SEMANTIC,9,0,0,,
measurement:dmr_form_value_id=3920662072,NM0020583,TX1,22416,2025-05-31,,,permit_limit_row:limit_set_schedule_id=3600904539|limit_value_id=3610839677,UNRESOLVED_SEMANTIC,FREQUENCY_UNINTERPRETED,limit_sample_type_code;monitoring_frequency_code;nodi_code_semantics;permit_limit_comment_text,UNRESOLVED_SEMANTIC,9,0,0,,
measurement:dmr_form_value_id=3920662084,NM0020583,TX1,22416,2025-08-31,,,permit_limit_row:limit_set_schedule_id=3600904539|limit_value_id=3610839677,UNRESOLVED_SEMANTIC,FREQUENCY_UNINTERPRETED,limit_sample_type_code;monitoring_frequency_code;nodi_code_semantics;permit_limit_comment_text,UNRESOLVED_SEMANTIC,9,0,0,,
measurement:dmr_form_value_id=3920662049,NM0020583,TX1,22418,2024-11-30,,,permit_limit_row:limit_set_schedule_id=3600904539|limit_value_id=3610839678,UNRESOLVED_SEMANTIC,FREQUENCY_UNINTERPRETED,limit_sample_type_code;monitoring_frequency_code;nodi_code_semantics;permit_limit_comment_text,UNRESOLVED_SEMANTIC,9,0,0,,
measurement:dmr_form_value_id=3920662061,NM0020583,TX1,22418,2025-02-28,,,permit_limit_row:limit_set_schedule_id=3600904539|limit_value_id=3610839678,UNRESOLVED_SEMANTIC,FREQUENCY_UNINTERPRETED,limit_sample_type_code;monitoring_frequency_code;nodi_code_semantics;permit_limit_comment_text,UNRESOLVED_SEMANTIC,9,0,0,,
measurement:dmr_form_value_id=3920662073,NM0020583,TX1,22418,2025-05-31,,,permit_limit_row:limit_set_schedule_id=3600904539|limit_value_id=3610839678,UNRESOLVED_SEMANTIC,FREQUENCY_UNINTERPRETED,limit_sample_type_code;monitoring_frequency_code;nodi_code_semantics;permit_limit_comment_text,UNRESOLVED_SEMANTIC,9,0,0,,
measurement:dmr_form_value_id=3920662085,NM0020583,TX1,22418,2025-08-31,,,permit_limit_row:limit_set_schedule_id=3600904539|limit_value_id=3610839678,UNRESOLVED_SEMANTIC,FREQUENCY_UNINTERPRETED,limit_sample_type_code;monitoring_frequency_code;nodi_code_semantics;permit_limit_comment_text,UNRESOLVED_SEMANTIC,9,0,0,,
measurement:dmr_form_value_id=3920662050,NM0020583,TX1,22419,2024-11-30,,,permit_limit_row:limit_set_schedule_id=3600904539|limit_value_id=3610839679,UNRESOLVED_SEMANTIC,FREQUENCY_UNINTERPRETED,limit_sample_type_code;monitoring_frequency_code;nodi_code_semantics;permit_limit_comment_text,UNRESOLVED_SEMANTIC,9,0,0,,
measurement:dmr_form_value_id=3920662062,NM0020583,TX1,22419,2025-02-28,,,permit_limit_row:limit_set_schedule_id=3600904539|limit_value_id=3610839679,UNRESOLVED_SEMANTIC,FREQUENCY_UNINTERPRETED,limit_sample_type_code;monitoring_frequency_code;nodi_code_semantics;permit_limit_comment_text,UNRESOLVED_SEMANTIC,9,0,0,,
measurement:dmr_form_value_id=3920662074,NM0020583,TX1,22419,2025-05-31,,,permit_limit_row:limit_set_schedule_id=3600904539|limit_value_id=3610839679,UNRESOLVED_SEMANTIC,FREQUENCY_UNINTERPRETED,limit_sample_type_code;monitoring_frequency_code;nodi_code_semantics;permit_limit_comment_text,UNRESOLVED_SEMANTIC,9,0,0,,
measurement:dmr_form_value_id=3920662086,NM0020583,TX1,22419,2025-08-31,,,permit_limit_row:limit_set_schedule_id=3600904539|limit_value_id=3610839679,UNRESOLVED_SEMANTIC,FREQUENCY_UNINTERPRETED,limit_sample_type_code;monitoring_frequency_code;nodi_code_semantics;permit_limit_comment_text,UNRESOLVED_SEMANTIC,9,0,0,,
measurement:dmr_form_value_id=3920662051,NM0020583,TX1,51443,2024-11-30,,,permit_limit_row:limit_set_schedule_id=3600904539|limit_value_id=3610839680,UNRESOLVED_SEMANTIC,FREQUENCY_UNINTERPRETED,limit_sample_type_code;monitoring_frequency_code;nodi_code_semantics;permit_limit_comment_text,UNRESOLVED_SEMANTIC,9,0,0,,
measurement:dmr_form_value_id=3920662063,NM0020583,TX1,51443,2025-02-28,,,permit_limit_row:limit_set_schedule_id=3600904539|limit_value_id=3610839680,UNRESOLVED_SEMANTIC,FREQUENCY_UNINTERPRETED,limit_sample_type_code;monitoring_frequency_code;nodi_code_semantics;permit_limit_comment_text,UNRESOLVED_SEMANTIC,9,0,0,,
measurement:dmr_form_value_id=3920662075,NM0020583,TX1,51443,2025-05-31,,,permit_limit_row:limit_set_schedule_id=3600904539|limit_value_id=3610839680,UNRESOLVED_SEMANTIC,FREQUENCY_UNINTERPRETED,limit_sample_type_code;monitoring_frequency_code;nodi_code_semantics;permit_limit_comment_text,UNRESOLVED_SEMANTIC,9,0,0,,
measurement:dmr_form_value_id=3920662087,NM0020583,TX1,51443,2025-08-31,,,permit_limit_row:limit_set_schedule_id=3600904539|limit_value_id=3610839680,UNRESOLVED_SEMANTIC,FREQUENCY_UNINTERPRETED,limit_sample_type_code;monitoring_frequency_code;nodi_code_semantics;permit_limit_comment_text,UNRESOLVED_SEMANTIC,9,0,0,,
measurement:dmr_form_value_id=3920662052,NM0020583,TX1,51444,2024-11-30,,,permit_limit_row:limit_set_schedule_id=3600904539|limit_value_id=3610839681,UNRESOLVED_SEMANTIC,FREQUENCY_UNINTERPRETED,limit_sample_type_code;monitoring_frequency_code;nodi_code_semantics;permit_limit_comment_text,UNRESOLVED_SEMANTIC,9,0,0,,
measurement:dmr_form_value_id=3920662064,NM0020583,TX1,51444,2025-02-28,,,permit_limit_row:limit_set_schedule_id=3600904539|limit_value_id=3610839681,UNRESOLVED_SEMANTIC,FREQUENCY_UNINTERPRETED,limit_sample_type_code;monitoring_frequency_code;nodi_code_semantics;permit_limit_comment_text,UNRESOLVED_SEMANTIC,9,0,0,,
measurement:dmr_form_value_id=3920662076,NM0020583,TX1,51444,2025-05-31,,,permit_limit_row:limit_set_schedule_id=3600904539|limit_value_id=3610839681,UNRESOLVED_SEMANTIC,FREQUENCY_UNINTERPRETED,limit_sample_type_code;monitoring_frequency_code;nodi_code_semantics;permit_limit_comment_text,UNRESOLVED_SEMANTIC,9,0,0,,
measurement:dmr_form_value_id=3920662088,NM0020583,TX1,51444,2025-08-31,,,permit_limit_row:limit_set_schedule_id=3600904539|limit_value_id=3610839681,UNRESOLVED_SEMANTIC,FREQUENCY_UNINTERPRETED,limit_sample_type_code;monitoring_frequency_code;nodi_code_semantics;permit_limit_comment_text,UNRESOLVED_SEMANTIC,9,0,0,,
measurement:dmr_form_value_id=3920662053,NM0020583,TX1,TEM3D,2024-11-30,0,,permit_limit_row:limit_set_schedule_id=3600904539|limit_value_id=3610839682,PASS,FREQUENCY_UNINTERPRETED,limit_sample_type_code;monitoring_frequency_code;permit_limit_comment_text,DETERMINATE,,1,0,,0
measurement:dmr_form_value_id=3920662065,NM0020583,TX1,TEM3D,2025-02-28,0,,permit_limit_row:limit_set_schedule_id=3600904539|limit_value_id=3610839682,PASS,FREQUENCY_UNINTERPRETED,limit_sample_type_code;monitoring_frequency_code;permit_limit_comment_text,DETERMINATE,,1,0,,0
measurement:dmr_form_value_id=3920662077,NM0020583,TX1,TEM3D,2025-05-31,0,,permit_limit_row:limit_set_schedule_id=3600904539|limit_value_id=3610839682,PASS,FREQUENCY_UNINTERPRETED,limit_sample_type_code;monitoring_frequency_code;permit_limit_comment_text,DETERMINATE,,1,0,,0
measurement:dmr_form_value_id=3920662089,NM0020583,TX1,TEM3D,2025-08-31,0,,permit_limit_row:limit_set_schedule_id=3600904539|limit_value_id=3610839682,PASS,FREQUENCY_UNINTERPRETED,limit_sample_type_code;monitoring_frequency_code;permit_limit_comment_text,DETERMINATE,,1,0,,0
measurement:dmr_form_value_id=3920662054,NM0020583,TX1,TEM6C,2024-11-30,0,,permit_limit_row:limit_set_schedule_id=3600904539|limit_value_id=3610839683,PASS,FREQUENCY_UNINTERPRETED,limit_sample_type_code;monitoring_frequency_code;permit_limit_comment_text,DETERMINATE,,1,0,,0
measurement:dmr_form_value_id=3920662066,NM0020583,TX1,TEM6C,2025-02-28,0,,permit_limit_row:limit_set_schedule_id=3600904539|limit_value_id=3610839683,PASS,FREQUENCY_UNINTERPRETED,limit_sample_type_code;monitoring_frequency_code;permit_limit_comment_text,DETERMINATE,,1,0,,0
measurement:dmr_form_value_id=3920662078,NM0020583,TX1,TEM6C,2025-05-31,0,,permit_limit_row:limit_set_schedule_id=3600904539|limit_value_id=3610839683,PASS,FREQUENCY_UNINTERPRETED,limit_sample_type_code;monitoring_frequency_code;permit_limit_comment_text,DETERMINATE,,1,0,,0
measurement:dmr_form_value_id=3920662090,NM0020583,TX1,TEM6C,2025-08-31,0,,permit_limit_row:limit_set_schedule_id=3600904539|limit_value_id=3610839683,PASS,FREQUENCY_UNINTERPRETED,limit_sample_type_code;monitoring_frequency_code;permit_limit_comment_text,DETERMINATE,,1,0,,0
measurement:dmr_form_value_id=3920662055,NM0020583,TX1,TOM3D,2024-11-30,31,,permit_limit_row:limit_set_schedule_id=3600904539|limit_value_id=3610839684,UNRESOLVED_SEMANTIC,FREQUENCY_UNINTERPRETED,limit_sample_type_code;monitoring_frequency_code;pass_fail_reporting_semantics;permit_limit_comment_text,UNRESOLVED_SEMANTIC,,1,0,,
measurement:dmr_form_value_id=3920662067,NM0020583,TX1,TOM3D,2025-02-28,31,,permit_limit_row:limit_set_schedule_id=3600904539|limit_value_id=3610839684,UNRESOLVED_SEMANTIC,FREQUENCY_UNINTERPRETED,limit_sample_type_code;monitoring_frequency_code;pass_fail_reporting_semantics;permit_limit_comment_text,UNRESOLVED_SEMANTIC,,1,0,,
measurement:dmr_form_value_id=3920662079,NM0020583,TX1,TOM3D,2025-05-31,31,,permit_limit_row:limit_set_schedule_id=3600904539|limit_value_id=3610839684,UNRESOLVED_SEMANTIC,FREQUENCY_UNINTERPRETED,limit_sample_type_code;monitoring_frequency_code;pass_fail_reporting_semantics;permit_limit_comment_text,UNRESOLVED_SEMANTIC,,1,0,,
measurement:dmr_form_value_id=3920662091,NM0020583,TX1,TOM3D,2025-08-31,31,,permit_limit_row:limit_set_schedule_id=3600904539|limit_value_id=3610839684,UNRESOLVED_SEMANTIC,FREQUENCY_UNINTERPRETED,limit_sample_type_code;monitoring_frequency_code;pass_fail_reporting_semantics;permit_limit_comment_text,UNRESOLVED_SEMANTIC,,1,0,,
measurement:dmr_form_value_id=3920662056,NM0020583,TX1,TOM6C,2024-11-30,31,,permit_limit_row:limit_set_schedule_id=3600904539|limit_value_id=3610839685,UNRESOLVED_SEMANTIC,FREQUENCY_UNINTERPRETED,limit_sample_type_code;monitoring_frequency_code;pass_fail_reporting_semantics;permit_limit_comment_text,UNRESOLVED_SEMANTIC,,1,0,,
measurement:dmr_form_value_id=3920662068,NM0020583,TX1,TOM6C,2025-02-28,31,,permit_limit_row:limit_set_schedule_id=3600904539|limit_value_id=3610839685,UNRESOLVED_SEMANTIC,FREQUENCY_UNINTERPRETED,limit_sample_type_code;monitoring_frequency_code;pass_fail_reporting_semantics;permit_limit_comment_text,UNRESOLVED_SEMANTIC,,1,0,,
measurement:dmr_form_value_id=3920662080,NM0020583,TX1,TOM6C,2025-05-31,31,,permit_limit_row:limit_set_schedule_id=3600904539|limit_value_id=3610839685,UNRESOLVED_SEMANTIC,FREQUENCY_UNINTERPRETED,limit_sample_type_code;monitoring_frequency_code;pass_fail_reporting_semantics;permit_limit_comment_text,UNRESOLVED_SEMANTIC,,1,0,,
measurement:dmr_form_value_id=3920662092,NM0020583,TX1,TOM6C,2025-08-31,31,,permit_limit_row:limit_set_schedule_id=3600904539|limit_value_id=3610839685,UNRESOLVED_SEMANTIC,FREQUENCY_UNINTERPRETED,limit_sample_type_code;monitoring_frequency_code;pass_fail_reporting_semantics;permit_limit_comment_text,UNRESOLVED_SEMANTIC,,1,0,,
measurement:dmr_form_value_id=3920662057,NM0020583,TX1,TQM3D,2024-11-30,0,,permit_limit_row:limit_set_schedule_id=3600904539|limit_value_id=3610839686,UNRESOLVED_SEMANTIC,FREQUENCY_UNINTERPRETED,limit_sample_type_code;monitoring_frequency_code;pass_fail_reporting_semantics;permit_limit_comment_text,UNRESOLVED_SEMANTIC,,1,0,,
measurement:dmr_form_value_id=3920662069,NM0020583,TX1,TQM3D,2025-02-28,0,,permit_limit_row:limit_set_schedule_id=3600904539|limit_value_id=3610839686,UNRESOLVED_SEMANTIC,FREQUENCY_UNINTERPRETED,limit_sample_type_code;monitoring_frequency_code;pass_fail_reporting_semantics;permit_limit_comment_text,UNRESOLVED_SEMANTIC,,1,0,,
measurement:dmr_form_value_id=3920662081,NM0020583,TX1,TQM3D,2025-05-31,9.26,,permit_limit_row:limit_set_schedule_id=3600904539|limit_value_id=3610839686,UNRESOLVED_SEMANTIC,FREQUENCY_UNINTERPRETED,limit_sample_type_code;monitoring_frequency_code;pass_fail_reporting_semantics;permit_limit_comment_text,UNRESOLVED_SEMANTIC,,1,0,,
measurement:dmr_form_value_id=3920662093,NM0020583,TX1,TQM3D,2025-08-31,12.83,,permit_limit_row:limit_set_schedule_id=3600904539|limit_value_id=3610839686,UNRESOLVED_SEMANTIC,FREQUENCY_UNINTERPRETED,limit_sample_type_code;monitoring_frequency_code;pass_fail_reporting_semantics;permit_limit_comment_text,UNRESOLVED_SEMANTIC,,1,0,,
measurement:dmr_form_value_id=3920662058,NM0020583,TX1,TQM6C,2024-11-30,7.44,,permit_limit_row:limit_set_schedule_id=3600904539|limit_value_id=3610839687,UNRESOLVED_SEMANTIC,FREQUENCY_UNINTERPRETED,limit_sample_type_code;monitoring_frequency_code;pass_fail_reporting_semantics;permit_limit_comment_text,UNRESOLVED_SEMANTIC,,1,0,,
measurement:dmr_form_value_id=3920662070,NM0020583,TX1,TQM6C,2025-02-28,0,,permit_limit_row:limit_set_schedule_id=3600904539|limit_value_id=3610839687,UNRESOLVED_SEMANTIC,FREQUENCY_UNINTERPRETED,limit_sample_type_code;monitoring_frequency_code;pass_fail_reporting_semantics;permit_limit_comment_text,UNRESOLVED_SEMANTIC,,1,0,,
measurement:dmr_form_value_id=3920662082,NM0020583,TX1,TQM6C,2025-05-31,0,,permit_limit_row:limit_set_schedule_id=3600904539|limit_value_id=3610839687,UNRESOLVED_SEMANTIC,FREQUENCY_UNINTERPRETED,limit_sample_type_code;monitoring_frequency_code;pass_fail_reporting_semantics;permit_limit_comment_text,UNRESOLVED_SEMANTIC,,1,0,,
measurement:dmr_form_value_id=3920662094,NM0020583,TX1,TQM6C,2025-08-31,0,,permit_limit_row:limit_set_schedule_id=3600904539|limit_value_id=3610839687,UNRESOLVED_SEMANTIC,FREQUENCY_UNINTERPRETED,limit_sample_type_code;monitoring_frequency_code;pass_fail_reporting_semantics;permit_limit_comment_text,UNRESOLVED_SEMANTIC,,1,0,,
measurement:dmr_form_value_id=3920700840,NM0028762,001,00400,2024-10-31,7.87,6.6,permit_limit_row:limit_set_schedule_id=3600904607|limit_value_id=3610840344,WITHIN_LIMIT,UNRESOLVED_FACTUAL,discharge_occurrence_in_period;limit_sample_type_code;monitoring_frequency_code,UNRESOLVED_FACTUAL,,1,1,discharge_occurrence,
measurement:dmr_form_value_id=3920700841,NM0028762,001,00400,2024-10-31,8.03,9,permit_limit_row:limit_set_schedule_id=3600904607|limit_value_id=3610840345,WITHIN_LIMIT,UNRESOLVED_FACTUAL,discharge_occurrence_in_period;limit_sample_type_code;monitoring_frequency_code,UNRESOLVED_FACTUAL,,1,1,discharge_occurrence,
measurement:dmr_form_value_id=3920700851,NM0028762,001,00400,2024-11-30,7.97,6.6,permit_limit_row:limit_set_schedule_id=3600904607|limit_value_id=3610840344,WITHIN_LIMIT,UNRESOLVED_FACTUAL,discharge_occurrence_in_period;limit_sample_type_code;monitoring_frequency_code,UNRESOLVED_FACTUAL,,1,1,discharge_occurrence,
measurement:dmr_form_value_id=3920700852,NM0028762,001,00400,2024-11-30,8.02,9,permit_limit_row:limit_set_schedule_id=3600904607|limit_value_id=3610840345,WITHIN_LIMIT,UNRESOLVED_FACTUAL,discharge_occurrence_in_period;limit_sample_type_code;monitoring_frequency_code,UNRESOLVED_FACTUAL,,1,1,discharge_occurrence,
measurement:dmr_form_value_id=3920700862,NM0028762,001,00400,2024-12-31,7.82,6.6,permit_limit_row:limit_set_schedule_id=3600904607|limit_value_id=3610840344,WITHIN_LIMIT,UNRESOLVED_FACTUAL,discharge_occurrence_in_period;limit_sample_type_code;monitoring_frequency_code,UNRESOLVED_FACTUAL,,1,1,discharge_occurrence,
measurement:dmr_form_value_id=3920700863,NM0028762,001,00400,2024-12-31,8,9,permit_limit_row:limit_set_schedule_id=3600904607|limit_value_id=3610840345,WITHIN_LIMIT,UNRESOLVED_FACTUAL,discharge_occurrence_in_period;limit_sample_type_code;monitoring_frequency_code,UNRESOLVED_FACTUAL,,1,1,discharge_occurrence,
measurement:dmr_form_value_id=3920700873,NM0028762,001,00400,2025-01-31,7.67,6.6,permit_limit_row:limit_set_schedule_id=3600904607|limit_value_id=3610840344,WITHIN_LIMIT,UNRESOLVED_FACTUAL,discharge_occurrence_in_period;limit_sample_type_code;monitoring_frequency_code,UNRESOLVED_FACTUAL,,1,1,discharge_occurrence,
measurement:dmr_form_value_id=3920700874,NM0028762,001,00400,2025-01-31,8.03,9,permit_limit_row:limit_set_schedule_id=3600904607|limit_value_id=3610840345,WITHIN_LIMIT,UNRESOLVED_FACTUAL,discharge_occurrence_in_period;limit_sample_type_code;monitoring_frequency_code,UNRESOLVED_FACTUAL,,1,1,discharge_occurrence,
measurement:dmr_form_value_id=3920700884,NM0028762,001,00400,2025-02-28,7.57,6.6,permit_limit_row:limit_set_schedule_id=3600904607|limit_value_id=3610840344,WITHIN_LIMIT,UNRESOLVED_FACTUAL,discharge_occurrence_in_period;limit_sample_type_code;monitoring_frequency_code,UNRESOLVED_FACTUAL,,1,1,discharge_occurrence,
measurement:dmr_form_value_id=3920700885,NM0028762,001,00400,2025-02-28,8,9,permit_limit_row:limit_set_schedule_id=3600904607|limit_value_id=3610840345,WITHIN_LIMIT,UNRESOLVED_FACTUAL,discharge_occurrence_in_period;limit_sample_type_code;monitoring_frequency_code,UNRESOLVED_FACTUAL,,1,1,discharge_occurrence,
measurement:dmr_form_value_id=3920700895,NM0028762,001,00400,2025-03-31,7.69,6.6,permit_limit_row:limit_set_schedule_id=3600904607|limit_value_id=3610840344,WITHIN_LIMIT,UNRESOLVED_FACTUAL,discharge_occurrence_in_period;limit_sample_type_code;monitoring_frequency_code,UNRESOLVED_FACTUAL,,1,1,discharge_occurrence,
measurement:dmr_form_value_id=3920700896,NM0028762,001,00400,2025-03-31,8.05,9,permit_limit_row:limit_set_schedule_id=3600904607|limit_value_id=3610840345,WITHIN_LIMIT,UNRESOLVED_FACTUAL,discharge_occurrence_in_period;limit_sample_type_code;monitoring_frequency_code,UNRESOLVED_FACTUAL,,1,1,discharge_occurrence,
measurement:dmr_form_value_id=3920700906,NM0028762,001,00400,2025-04-30,7.84,6.6,permit_limit_row:limit_set_schedule_id=3600904607|limit_value_id=3610840344,WITHIN_LIMIT,UNRESOLVED_FACTUAL,discharge_occurrence_in_period;limit_sample_type_code;monitoring_frequency_code,UNRESOLVED_FACTUAL,,1,1,discharge_occurrence,
measurement:dmr_form_value_id=3920700907,NM0028762,001,00400,2025-04-30,7.96,9,permit_limit_row:limit_set_schedule_id=3600904607|limit_value_id=3610840345,WITHIN_LIMIT,UNRESOLVED_FACTUAL,discharge_occurrence_in_period;limit_sample_type_code;monitoring_frequency_code,UNRESOLVED_FACTUAL,,1,1,discharge_occurrence,
measurement:dmr_form_value_id=3920700917,NM0028762,001,00400,2025-05-31,7.82,6.6,permit_limit_row:limit_set_schedule_id=3600904607|limit_value_id=3610840344,WITHIN_LIMIT,UNRESOLVED_FACTUAL,discharge_occurrence_in_period;limit_sample_type_code;monitoring_frequency_code,UNRESOLVED_FACTUAL,,1,1,discharge_occurrence,
measurement:dmr_form_value_id=3920700918,NM0028762,001,00400,2025-05-31,7.93,9,permit_limit_row:limit_set_schedule_id=3600904607|limit_value_id=3610840345,WITHIN_LIMIT,UNRESOLVED_FACTUAL,discharge_occurrence_in_period;limit_sample_type_code;monitoring_frequency_code,UNRESOLVED_FACTUAL,,1,1,discharge_occurrence,
measurement:dmr_form_value_id=3920700928,NM0028762,001,00400,2025-06-30,7.64,6.6,permit_limit_row:limit_set_schedule_id=3600904607|limit_value_id=3610840344,WITHIN_LIMIT,UNRESOLVED_FACTUAL,discharge_occurrence_in_period;limit_sample_type_code;monitoring_frequency_code,UNRESOLVED_FACTUAL,,1,1,discharge_occurrence,
measurement:dmr_form_value_id=3920700929,NM0028762,001,00400,2025-06-30,7.93,9,permit_limit_row:limit_set_schedule_id=3600904607|limit_value_id=3610840345,WITHIN_LIMIT,UNRESOLVED_FACTUAL,discharge_occurrence_in_period;limit_sample_type_code;monitoring_frequency_code,UNRESOLVED_FACTUAL,,1,1,discharge_occurrence,
measurement:dmr_form_value_id=3920700939,NM0028762,001,00400,2025-07-31,7.75,6.6,permit_limit_row:limit_set_schedule_id=3600904607|limit_value_id=3610840344,WITHIN_LIMIT,UNRESOLVED_FACTUAL,discharge_occurrence_in_period;limit_sample_type_code;monitoring_frequency_code,UNRESOLVED_FACTUAL,,1,1,discharge_occurrence,
measurement:dmr_form_value_id=3920700940,NM0028762,001,00400,2025-07-31,7.93,9,permit_limit_row:limit_set_schedule_id=3600904607|limit_value_id=3610840345,WITHIN_LIMIT,UNRESOLVED_FACTUAL,discharge_occurrence_in_period;limit_sample_type_code;monitoring_frequency_code,UNRESOLVED_FACTUAL,,1,1,discharge_occurrence,
measurement:dmr_form_value_id=3920700950,NM0028762,001,00400,2025-08-31,8.01,6.6,permit_limit_row:limit_set_schedule_id=3600904607|limit_value_id=3610840344,WITHIN_LIMIT,UNRESOLVED_FACTUAL,discharge_occurrence_in_period;limit_sample_type_code;monitoring_frequency_code,UNRESOLVED_FACTUAL,,1,1,discharge_occurrence,
measurement:dmr_form_value_id=3920700951,NM0028762,001,00400,2025-08-31,8.08,9,permit_limit_row:limit_set_schedule_id=3600904607|limit_value_id=3610840345,WITHIN_LIMIT,UNRESOLVED_FACTUAL,discharge_occurrence_in_period;limit_sample_type_code;monitoring_frequency_code,UNRESOLVED_FACTUAL,,1,1,discharge_occurrence,
measurement:dmr_form_value_id=3920700961,NM0028762,001,00400,2025-09-30,8.01,6.6,permit_limit_row:limit_set_schedule_id=3600904607|limit_value_id=3610840344,WITHIN_LIMIT,UNRESOLVED_FACTUAL,discharge_occurrence_in_period;limit_sample_type_code;monitoring_frequency_code,UNRESOLVED_FACTUAL,,1,1,discharge_occurrence,
measurement:dmr_form_value_id=3920700962,NM0028762,001,00400,2025-09-30,8.16,9,permit_limit_row:limit_set_schedule_id=3600904607|limit_value_id=3610840345,WITHIN_LIMIT,UNRESOLVED_FACTUAL,discharge_occurrence_in_period;limit_sample_type_code;monitoring_frequency_code,UNRESOLVED_FACTUAL,,1,1,discharge_occurrence,
measurement:dmr_form_value_id=3920700842,NM0028762,001,00530,2024-10-31,4,20,permit_limit_row:limit_set_schedule_id=3600904607|limit_value_id=3610840342,WITHIN_LIMIT,UNRESOLVED_FACTUAL,discharge_occurrence_in_period;limit_sample_type_code;monitoring_frequency_code,UNRESOLVED_FACTUAL,,1,1,discharge_occurrence,
measurement:dmr_form_value_id=3920700843,NM0028762,001,00530,2024-10-31,4,30,permit_limit_row:limit_set_schedule_id=3600904607|limit_value_id=3610840343,WITHIN_LIMIT,UNRESOLVED_FACTUAL,discharge_occurrence_in_period;limit_sample_type_code;monitoring_frequency_code,UNRESOLVED_FACTUAL,,1,1,discharge_occurrence,
measurement:dmr_form_value_id=3920700844,NM0028762,001,00530,2024-10-31,4.75,,permit_limit_row:limit_set_schedule_id=3600904607|limit_value_id=3610840340,NOT_NUMERIC_CANDIDATE,UNRESOLVED_FACTUAL,discharge_occurrence_in_period;limit_sample_type_code;monitoring_frequency_code,UNRESOLVED_FACTUAL,,1,0,discharge_occurrence,
measurement:dmr_form_value_id=3920700845,NM0028762,001,00530,2024-10-31,9.25,,permit_limit_row:limit_set_schedule_id=3600904607|limit_value_id=3610840341,NOT_NUMERIC_CANDIDATE,UNRESOLVED_FACTUAL,discharge_occurrence_in_period;limit_sample_type_code;monitoring_frequency_code,UNRESOLVED_FACTUAL,,1,0,discharge_occurrence,
measurement:dmr_form_value_id=3920700853,NM0028762,001,00530,2024-11-30,6.75,20,permit_limit_row:limit_set_schedule_id=3600904607|limit_value_id=3610840342,WITHIN_LIMIT,UNRESOLVED_FACTUAL,discharge_occurrence_in_period;limit_sample_type_code;monitoring_frequency_code,UNRESOLVED_FACTUAL,,1,1,discharge_occurrence,
measurement:dmr_form_value_id=3920700854,NM0028762,001,00530,2024-11-30,11,30,permit_limit_row:limit_set_schedule_id=3600904607|limit_value_id=3610840343,WITHIN_LIMIT,UNRESOLVED_FACTUAL,discharge_occurrence_in_period;limit_sample_type_code;monitoring_frequency_code,UNRESOLVED_FACTUAL,,1,1,discharge_occurrence,
measurement:dmr_form_value_id=3920700855,NM0028762,001,00530,2024-11-30,3.4141,,permit_limit_row:limit_set_schedule_id=3600904607|limit_value_id=3610840340,NOT_NUMERIC_CANDIDATE,UNRESOLVED_FACTUAL,discharge_occurrence_in_period;limit_sample_type_code;monitoring_frequency_code,UNRESOLVED_FACTUAL,,1,0,discharge_occurrence,
measurement:dmr_form_value_id=3920700856,NM0028762,001,00530,2024-11-30,4.7704,,permit_limit_row:limit_set_schedule_id=3600904607|limit_value_id=3610840341,NOT_NUMERIC_CANDIDATE,UNRESOLVED_FACTUAL,discharge_occurrence_in_period;limit_sample_type_code;monitoring_frequency_code,UNRESOLVED_FACTUAL,,1,0,discharge_occurrence,
measurement:dmr_form_value_id=3920700864,NM0028762,001,00530,2024-12-31,6.5,20,permit_limit_row:limit_set_schedule_id=3600904607|limit_value_id=3610840342,WITHIN_LIMIT,UNRESOLVED_FACTUAL,discharge_occurrence_in_period;limit_sample_type_code;monitoring_frequency_code,UNRESOLVED_FACTUAL,,1,1,discharge_occurrence,
measurement:dmr_form_value_id=3920700865,NM0028762,001,00530,2024-12-31,9,30,permit_limit_row:limit_set_schedule_id=3600904607|limit_value_id=3610840343,WITHIN_LIMIT,UNRESOLVED_FACTUAL,discharge_occurrence_in_period;limit_sample_type_code;monitoring_frequency_code,UNRESOLVED_FACTUAL,,1,1,discharge_occurrence,
measurement:dmr_form_value_id=3920700866,NM0028762,001,00530,2024-12-31,3.6899,,permit_limit_row:limit_set_schedule_id=3600904607|limit_value_id=3610840340,NOT_NUMERIC_CANDIDATE,UNRESOLVED_FACTUAL,discharge_occurrence_in_period;limit_sample_type_code;monitoring_frequency_code,UNRESOLVED_FACTUAL,,1,0,discharge_occurrence,
measurement:dmr_form_value_id=3920700867,NM0028762,001,00530,2024-12-31,6.7617,,permit_limit_row:limit_set_schedule_id=3600904607|limit_value_id=3610840341,NOT_NUMERIC_CANDIDATE,UNRESOLVED_FACTUAL,discharge_occurrence_in_period;limit_sample_type_code;monitoring_frequency_code,UNRESOLVED_FACTUAL,,1,0,discharge_occurrence,
measurement:dmr_form_value_id=3920700875,NM0028762,001,00530,2025-01-31,7.4,20,permit_limit_row:limit_set_schedule_id=3600904607|limit_value_id=3610840342,WITHIN_LIMIT,UNRESOLVED_FACTUAL,discharge_occurrence_in_period;limit_sample_type_code;monitoring_frequency_code,UNRESOLVED_FACTUAL,,1,1,discharge_occurrence,
measurement:dmr_form_value_id=3920700876,NM0028762,001,00530,2025-01-31,16,30,permit_limit_row:limit_set_schedule_id=3600904607|limit_value_id=3610840343,WITHIN_LIMIT,UNRESOLVED_FACTUAL,discharge_occurrence_in_period;limit_sample_type_code;monitoring_frequency_code,UNRESOLVED_FACTUAL,,1,1,discharge_occurrence,
measurement:dmr_form_value_id=3920700877,NM0028762,001,00530,2025-01-31,4.31,,permit_limit_row:limit_set_schedule_id=3600904607|limit_value_id=3610840340,NOT_NUMERIC_CANDIDATE,UNRESOLVED_FACTUAL,discharge_occurrence_in_period;limit_sample_type_code;monitoring_frequency_code,UNRESOLVED_FACTUAL,,1,0,discharge_occurrence,
measurement:dmr_form_value_id=3920700878,NM0028762,001,00530,2025-01-31,13.82,,permit_limit_row:limit_set_schedule_id=3600904607|limit_value_id=3610840341,NOT_NUMERIC_CANDIDATE,UNRESOLVED_FACTUAL,discharge_occurrence_in_period;limit_sample_type_code;monitoring_frequency_code,UNRESOLVED_FACTUAL,,1,0,discharge_occurrence,
measurement:dmr_form_value_id=3920700886,NM0028762,001,00530,2025-02-28,6.5,20,permit_limit_row:limit_set_schedule_id=3600904607|limit_value_id=3610840342,WITHIN_LIMIT,UNRESOLVED_FACTUAL,discharge_occurrence_in_period;limit_sample_type_code;monitoring_frequency_code,UNRESOLVED_FACTUAL,,1,1,discharge_occurrence,
measurement:dmr_form_value_id=3920700887,NM0028762,001,00530,2025-02-28,14,30,permit_limit_row:limit_set_schedule_id=3600904607|limit_value_id=3610840343,WITHIN_LIMIT,UNRESOLVED_FACTUAL,discharge_occurrence_in_period;limit_sample_type_code;monitoring_frequency_code,UNRESOLVED_FACTUAL,,1,1,discharge_occurrence,
measurement:dmr_form_value_id=3920700888,NM0028762,001,00530,2025-02-28,1.96,,permit_limit_row:limit_set_schedule_id=3600904607|limit_value_id=3610840340,NOT_NUMERIC_CANDIDATE,UNRESOLVED_FACTUAL,discharge_occurrence_in_period;limit_sample_type_code;monitoring_frequency_code,UNRESOLVED_FACTUAL,,1,0,discharge_occurrence,
measurement:dmr_form_value_id=3920700889,NM0028762,001,00530,2025-02-28,3.04,,permit_limit_row:limit_set_schedule_id=3600904607|limit_value_id=3610840341,NOT_NUMERIC_CANDIDATE,UNRESOLVED_FACTUAL,discharge_occurrence_in_period;limit_sample_type_code;monitoring_frequency_code,UNRESOLVED_FACTUAL,,1,0,discharge_occurrence,
measurement:dmr_form_value_id=3920700897,NM0028762,001,00530,2025-03-31,4,20,permit_limit_row:limit_set_schedule_id=3600904607|limit_value_id=3610840342,WITHIN_LIMIT,UNRESOLVED_FACTUAL,discharge_occurrence_in_period;limit_sample_type_code;monitoring_frequency_code,UNRESOLVED_FACTUAL,,1,1,discharge_occurrence,
measurement:dmr_form_value_id=3920700898,NM0028762,001,00530,2025-03-31,4,30,permit_limit_row:limit_set_schedule_id=3600904607|limit_value_id=3610840343,WITHIN_LIMIT,UNRESOLVED_FACTUAL,discharge_occurrence_in_period;limit_sample_type_code;monitoring_frequency_code,UNRESOLVED_FACTUAL,,1,1,discharge_occurrence,
measurement:dmr_form_value_id=3920700899,NM0028762,001,00530,2025-03-31,2.46,,permit_limit_row:limit_set_schedule_id=3600904607|limit_value_id=3610840340,NOT_NUMERIC_CANDIDATE,UNRESOLVED_FACTUAL,discharge_occurrence_in_period;limit_sample_type_code;monitoring_frequency_code,UNRESOLVED_FACTUAL,,1,0,discharge_occurrence,
measurement:dmr_form_value_id=3920700900,NM0028762,001,00530,2025-03-31,4.77,,permit_limit_row:limit_set_schedule_id=3600904607|limit_value_id=3610840341,NOT_NUMERIC_CANDIDATE,UNRESOLVED_FACTUAL,discharge_occurrence_in_period;limit_sample_type_code;monitoring_frequency_code,UNRESOLVED_FACTUAL,,1,0,discharge_occurrence,
measurement:dmr_form_value_id=3920700908,NM0028762,001,00530,2025-04-30,4.4,20,permit_limit_row:limit_set_schedule_id=3600904607|limit_value_id=3610840342,WITHIN_LIMIT,UNRESOLVED_FACTUAL,discharge_occurrence_in_period;limit_sample_type_code;monitoring_frequency_code,UNRESOLVED_FACTUAL,,1,1,discharge_occurrence,
measurement:dmr_form_value_id=3920700909,NM0028762,001,00530,2025-04-30,6,30,permit_limit_row:limit_set_schedule_id=3600904607|limit_value_id=3610840343,WITHIN_LIMIT,UNRESOLVED_FACTUAL,discharge_occurrence_in_period;limit_sample_type_code;monitoring_frequency_code,UNRESOLVED_FACTUAL,,1,1,discharge_occurrence,
measurement:dmr_form_value_id=3920700910,NM0028762,001,00530,2025-04-30,3.55,,permit_limit_row:limit_set_schedule_id=3600904607|limit_value_id=3610840340,NOT_NUMERIC_CANDIDATE,UNRESOLVED_FACTUAL,discharge_occurrence_in_period;limit_sample_type_code;monitoring_frequency_code,UNRESOLVED_FACTUAL,,1,0,discharge_occurrence,
measurement:dmr_form_value_id=3920700911,NM0028762,001,00530,2025-04-30,5.53,,permit_limit_row:limit_set_schedule_id=3600904607|limit_value_id=3610840341,NOT_NUMERIC_CANDIDATE,UNRESOLVED_FACTUAL,discharge_occurrence_in_period;limit_sample_type_code;monitoring_frequency_code,UNRESOLVED_FACTUAL,,1,0,discharge_occurrence,
measurement:dmr_form_value_id=3920700919,NM0028762,001,00530,2025-05-31,4,20,permit_limit_row:limit_set_schedule_id=3600904607|limit_value_id=3610840342,WITHIN_LIMIT,UNRESOLVED_FACTUAL,discharge_occurrence_in_period;limit_sample_type_code;monitoring_frequency_code,UNRESOLVED_FACTUAL,,1,1,discharge_occurrence,
measurement:dmr_form_value_id=3920700920,NM0028762,001,00530,2025-05-31,4,30,permit_limit_row:limit_set_schedule_id=3600904607|limit_value_id=3610840343,WITHIN_LIMIT,UNRESOLVED_FACTUAL,discharge_occurrence_in_period;limit_sample_type_code;monitoring_frequency_code,UNRESOLVED_FACTUAL,,1,1,discharge_occurrence,
measurement:dmr_form_value_id=3920700921,NM0028762,001,00530,2025-05-31,4.08,,permit_limit_row:limit_set_schedule_id=3600904607|limit_value_id=3610840340,NOT_NUMERIC_CANDIDATE,UNRESOLVED_FACTUAL,discharge_occurrence_in_period;limit_sample_type_code;monitoring_frequency_code,UNRESOLVED_FACTUAL,,1,0,discharge_occurrence,
measurement:dmr_form_value_id=3920700922,NM0028762,001,00530,2025-05-31,5.69,,permit_limit_row:limit_set_schedule_id=3600904607|limit_value_id=3610840341,NOT_NUMERIC_CANDIDATE,UNRESOLVED_FACTUAL,discharge_occurrence_in_period;limit_sample_type_code;monitoring_frequency_code,UNRESOLVED_FACTUAL,,1,0,discharge_occurrence,
measurement:dmr_form_value_id=3920700930,NM0028762,001,00530,2025-06-30,4,20,permit_limit_row:limit_set_schedule_id=3600904607|limit_value_id=3610840342,WITHIN_LIMIT,UNRESOLVED_FACTUAL,discharge_occurrence_in_period;limit_sample_type_code;monitoring_frequency_code,UNRESOLVED_FACTUAL,,1,1,discharge_occurrence,
measurement:dmr_form_value_id=3920700931,NM0028762,001,00530,2025-06-30,4,30,permit_limit_row:limit_set_schedule_id=3600904607|limit_value_id=3610840343,WITHIN_LIMIT,UNRESOLVED_FACTUAL,discharge_occurrence_in_period;limit_sample_type_code;monitoring_frequency_code,UNRESOLVED_FACTUAL,,1,1,discharge_occurrence,
measurement:dmr_form_value_id=3920700932,NM0028762,001,00530,2025-06-30,4.28,,permit_limit_row:limit_set_schedule_id=3600904607|limit_value_id=3610840340,NOT_NUMERIC_CANDIDATE,UNRESOLVED_FACTUAL,discharge_occurrence_in_period;limit_sample_type_code;monitoring_frequency_code,UNRESOLVED_FACTUAL,,1,0,discharge_occurrence,
measurement:dmr_form_value_id=3920700933,NM0028762,001,00530,2025-06-30,6.54,,permit_limit_row:limit_set_schedule_id=3600904607|limit_value_id=3610840341,NOT_NUMERIC_CANDIDATE,UNRESOLVED_FACTUAL,discharge_occurrence_in_period;limit_sample_type_code;monitoring_frequency_code,UNRESOLVED_FACTUAL,,1,0,discharge_occurrence,
measurement:dmr_form_value_id=3920700941,NM0028762,001,00530,2025-07-31,4,20,permit_limit_row:limit_set_schedule_id=3600904607|limit_value_id=3610840342,WITHIN_LIMIT,UNRESOLVED_FACTUAL,discharge_occurrence_in_period;limit_sample_type_code;monitoring_frequency_code,UNRESOLVED_FACTUAL,,1,1,discharge_occurrence,
measurement:dmr_form_value_id=3920700942,NM0028762,001,00530,2025-07-31,4,30,permit_limit_row:limit_set_schedule_id=3600904607|limit_value_id=3610840343,WITHIN_LIMIT,UNRESOLVED_FACTUAL,discharge_occurrence_in_period;limit_sample_type_code;monitoring_frequency_code,UNRESOLVED_FACTUAL,,1,1,discharge_occurrence,
measurement:dmr_form_value_id=3920700943,NM0028762,001,00530,2025-07-31,6.3,,permit_limit_row:limit_set_schedule_id=3600904607|limit_value_id=3610840340,NOT_NUMERIC_CANDIDATE,UNRESOLVED_FACTUAL,discharge_occurrence_in_period;limit_sample_type_code;monitoring_frequency_code,UNRESOLVED_FACTUAL,,1,0,discharge_occurrence,
measurement:dmr_form_value_id=3920700944,NM0028762,001,00530,2025-07-31,7.73,,permit_limit_row:limit_set_schedule_id=3600904607|limit_value_id=3610840341,NOT_NUMERIC_CANDIDATE,UNRESOLVED_FACTUAL,discharge_occurrence_in_period;limit_sample_type_code;monitoring_frequency_code,UNRESOLVED_FACTUAL,,1,0,discharge_occurrence,
measurement:dmr_form_value_id=3920700952,NM0028762,001,00530,2025-08-31,5.8,20,permit_limit_row:limit_set_schedule_id=3600904607|limit_value_id=3610840342,WITHIN_LIMIT,UNRESOLVED_FACTUAL,discharge_occurrence_in_period;limit_sample_type_code;monitoring_frequency_code,UNRESOLVED_FACTUAL,,1,1,discharge_occurrence,
measurement:dmr_form_value_id=3920700953,NM0028762,001,00530,2025-08-31,8.8,30,permit_limit_row:limit_set_schedule_id=3600904607|limit_value_id=3610840343,WITHIN_LIMIT,UNRESOLVED_FACTUAL,discharge_occurrence_in_period;limit_sample_type_code;monitoring_frequency_code,UNRESOLVED_FACTUAL,,1,1,discharge_occurrence,
measurement:dmr_form_value_id=3920700954,NM0028762,001,00530,2025-08-31,7.07,,permit_limit_row:limit_set_schedule_id=3600904607|limit_value_id=3610840340,NOT_NUMERIC_CANDIDATE,UNRESOLVED_FACTUAL,discharge_occurrence_in_period;limit_sample_type_code;monitoring_frequency_code,UNRESOLVED_FACTUAL,,1,0,discharge_occurrence,
measurement:dmr_form_value_id=3920700955,NM0028762,001,00530,2025-08-31,18.67,,permit_limit_row:limit_set_schedule_id=3600904607|limit_value_id=3610840341,NOT_NUMERIC_CANDIDATE,UNRESOLVED_FACTUAL,discharge_occurrence_in_period;limit_sample_type_code;monitoring_frequency_code,UNRESOLVED_FACTUAL,,1,0,discharge_occurrence,
measurement:dmr_form_value_id=3920700963,NM0028762,001,00530,2025-09-30,5.82,20,permit_limit_row:limit_set_schedule_id=3600904607|limit_value_id=3610840342,WITHIN_LIMIT,UNRESOLVED_FACTUAL,discharge_occurrence_in_period;limit_sample_type_code;monitoring_frequency_code,UNRESOLVED_FACTUAL,,1,1,discharge_occurrence,
measurement:dmr_form_value_id=3920700964,NM0028762,001,00530,2025-09-30,7.6,30,permit_limit_row:limit_set_schedule_id=3600904607|limit_value_id=3610840343,WITHIN_LIMIT,UNRESOLVED_FACTUAL,discharge_occurrence_in_period;limit_sample_type_code;monitoring_frequency_code,UNRESOLVED_FACTUAL,,1,1,discharge_occurrence,
measurement:dmr_form_value_id=3920700965,NM0028762,001,00530,2025-09-30,7.89,,permit_limit_row:limit_set_schedule_id=3600904607|limit_value_id=3610840340,NOT_NUMERIC_CANDIDATE,UNRESOLVED_FACTUAL,discharge_occurrence_in_period;limit_sample_type_code;monitoring_frequency_code,UNRESOLVED_FACTUAL,,1,0,discharge_occurrence,
measurement:dmr_form_value_id=3920700966,NM0028762,001,00530,2025-09-30,10.92,,permit_limit_row:limit_set_schedule_id=3600904607|limit_value_id=3610840341,NOT_NUMERIC_CANDIDATE,UNRESOLVED_FACTUAL,discharge_occurrence_in_period;limit_sample_type_code;monitoring_frequency_code,UNRESOLVED_FACTUAL,,1,0,discharge_occurrence,
measurement:dmr_form_value_id=3920700846,NM0028762,001,50050,2024-10-31,.14099,,permit_limit_row:limit_set_schedule_id=3600904607|limit_value_id=3610840349,NOT_NUMERIC_CANDIDATE,UNRESOLVED_FACTUAL,discharge_occurrence_in_period;limit_sample_type_code;monitoring_frequency_code,UNRESOLVED_FACTUAL,,1,0,discharge_occurrence,
measurement:dmr_form_value_id=3920700847,NM0028762,001,50050,2024-10-31,.27726,,permit_limit_row:limit_set_schedule_id=3600904607|limit_value_id=3610840350,NOT_NUMERIC_CANDIDATE,UNRESOLVED_FACTUAL,discharge_occurrence_in_period;limit_sample_type_code;monitoring_frequency_code,UNRESOLVED_FACTUAL,,1,0,discharge_occurrence,
measurement:dmr_form_value_id=3920700857,NM0028762,001,50050,2024-11-30,.0969,,permit_limit_row:limit_set_schedule_id=3600904607|limit_value_id=3610840349,NOT_NUMERIC_CANDIDATE,UNRESOLVED_FACTUAL,discharge_occurrence_in_period;limit_sample_type_code;monitoring_frequency_code,UNRESOLVED_FACTUAL,,1,0,discharge_occurrence,
measurement:dmr_form_value_id=3920700858,NM0028762,001,50050,2024-11-30,.208,,permit_limit_row:limit_set_schedule_id=3600904607|limit_value_id=3610840350,NOT_NUMERIC_CANDIDATE,UNRESOLVED_FACTUAL,discharge_occurrence_in_period;limit_sample_type_code;monitoring_frequency_code,UNRESOLVED_FACTUAL,,1,0,discharge_occurrence,
measurement:dmr_form_value_id=3920700868,NM0028762,001,50050,2024-12-31,.0867,,permit_limit_row:limit_set_schedule_id=3600904607|limit_value_id=3610840349,NOT_NUMERIC_CANDIDATE,UNRESOLVED_FACTUAL,discharge_occurrence_in_period;limit_sample_type_code;monitoring_frequency_code,UNRESOLVED_FACTUAL,,1,0,discharge_occurrence,
measurement:dmr_form_value_id=3920700869,NM0028762,001,50050,2024-12-31,.27,,permit_limit_row:limit_set_schedule_id=3600904607|limit_value_id=3610840350,NOT_NUMERIC_CANDIDATE,UNRESOLVED_FACTUAL,discharge_occurrence_in_period;limit_sample_type_code;monitoring_frequency_code,UNRESOLVED_FACTUAL,,1,0,discharge_occurrence,
measurement:dmr_form_value_id=3920700879,NM0028762,001,50050,2025-01-31,.057,,permit_limit_row:limit_set_schedule_id=3600904607|limit_value_id=3610840349,NOT_NUMERIC_CANDIDATE,UNRESOLVED_FACTUAL,discharge_occurrence_in_period;limit_sample_type_code;monitoring_frequency_code,UNRESOLVED_FACTUAL,,1,0,discharge_occurrence,
measurement:dmr_form_value_id=3920700880,NM0028762,001,50050,2025-01-31,.197,,permit_limit_row:limit_set_schedule_id=3600904607|limit_value_id=3610840350,NOT_NUMERIC_CANDIDATE,UNRESOLVED_FACTUAL,discharge_occurrence_in_period;limit_sample_type_code;monitoring_frequency_code,UNRESOLVED_FACTUAL,,1,0,discharge_occurrence,
measurement:dmr_form_value_id=3920700890,NM0028762,001,50050,2025-02-28,.062,,permit_limit_row:limit_set_schedule_id=3600904607|limit_value_id=3610840349,NOT_NUMERIC_CANDIDATE,UNRESOLVED_FACTUAL,discharge_occurrence_in_period;limit_sample_type_code;monitoring_frequency_code,UNRESOLVED_FACTUAL,,1,0,discharge_occurrence,
measurement:dmr_form_value_id=3920700891,NM0028762,001,50050,2025-02-28,.401,,permit_limit_row:limit_set_schedule_id=3600904607|limit_value_id=3610840350,NOT_NUMERIC_CANDIDATE,UNRESOLVED_FACTUAL,discharge_occurrence_in_period;limit_sample_type_code;monitoring_frequency_code,UNRESOLVED_FACTUAL,,1,0,discharge_occurrence,
measurement:dmr_form_value_id=3920700901,NM0028762,001,50050,2025-03-31,.066,,permit_limit_row:limit_set_schedule_id=3600904607|limit_value_id=3610840349,NOT_NUMERIC_CANDIDATE,UNRESOLVED_FACTUAL,discharge_occurrence_in_period;limit_sample_type_code;monitoring_frequency_code,UNRESOLVED_FACTUAL,,1,0,discharge_occurrence,
measurement:dmr_form_value_id=3920700902,NM0028762,001,50050,2025-03-31,.169,,permit_limit_row:limit_set_schedule_id=3600904607|limit_value_id=3610840350,NOT_NUMERIC_CANDIDATE,UNRESOLVED_FACTUAL,discharge_occurrence_in_period;limit_sample_type_code;monitoring_frequency_code,UNRESOLVED_FACTUAL,,1,0,discharge_occurrence,
measurement:dmr_form_value_id=3920700912,NM0028762,001,50050,2025-04-30,.085,,permit_limit_row:limit_set_schedule_id=3600904607|limit_value_id=3610840349,NOT_NUMERIC_CANDIDATE,UNRESOLVED_FACTUAL,discharge_occurrence_in_period;limit_sample_type_code;monitoring_frequency_code,UNRESOLVED_FACTUAL,,1,0,discharge_occurrence,
measurement:dmr_form_value_id=3920700913,NM0028762,001,50050,2025-04-30,.205,,permit_limit_row:limit_set_schedule_id=3600904607|limit_value_id=3610840350,NOT_NUMERIC_CANDIDATE,UNRESOLVED_FACTUAL,discharge_occurrence_in_period;limit_sample_type_code;monitoring_frequency_code,UNRESOLVED_FACTUAL,,1,0,discharge_occurrence,
measurement:dmr_form_value_id=3920700923,NM0028762,001,50050,2025-05-31,.148,,permit_limit_row:limit_set_schedule_id=3600904607|limit_value_id=3610840349,NOT_NUMERIC_CANDIDATE,UNRESOLVED_FACTUAL,discharge_occurrence_in_period;limit_sample_type_code;monitoring_frequency_code,UNRESOLVED_FACTUAL,,1,0,discharge_occurrence,
measurement:dmr_form_value_id=3920700924,NM0028762,001,50050,2025-05-31,.272,,permit_limit_row:limit_set_schedule_id=3600904607|limit_value_id=3610840350,NOT_NUMERIC_CANDIDATE,UNRESOLVED_FACTUAL,discharge_occurrence_in_period;limit_sample_type_code;monitoring_frequency_code,UNRESOLVED_FACTUAL,,1,0,discharge_occurrence,
measurement:dmr_form_value_id=3920700934,NM0028762,001,50050,2025-06-30,.142,,permit_limit_row:limit_set_schedule_id=3600904607|limit_value_id=3610840349,NOT_NUMERIC_CANDIDATE,UNRESOLVED_FACTUAL,discharge_occurrence_in_period;limit_sample_type_code;monitoring_frequency_code,UNRESOLVED_FACTUAL,,1,0,discharge_occurrence,
measurement:dmr_form_value_id=3920700935,NM0028762,001,50050,2025-06-30,.272,,permit_limit_row:limit_set_schedule_id=3600904607|limit_value_id=3610840350,NOT_NUMERIC_CANDIDATE,UNRESOLVED_FACTUAL,discharge_occurrence_in_period;limit_sample_type_code;monitoring_frequency_code,UNRESOLVED_FACTUAL,,1,0,discharge_occurrence,
measurement:dmr_form_value_id=3920700945,NM0028762,001,50050,2025-07-31,.155,,permit_limit_row:limit_set_schedule_id=3600904607|limit_value_id=3610840349,NOT_NUMERIC_CANDIDATE,UNRESOLVED_FACTUAL,discharge_occurrence_in_period;limit_sample_type_code;monitoring_frequency_code,UNRESOLVED_FACTUAL,,1,0,discharge_occurrence,
measurement:dmr_form_value_id=3920700946,NM0028762,001,50050,2025-07-31,.2588,,permit_limit_row:limit_set_schedule_id=3600904607|limit_value_id=3610840350,NOT_NUMERIC_CANDIDATE,UNRESOLVED_FACTUAL,discharge_occurrence_in_period;limit_sample_type_code;monitoring_frequency_code,UNRESOLVED_FACTUAL,,1,0,discharge_occurrence,
measurement:dmr_form_value_id=3920700956,NM0028762,001,50050,2025-08-31,.128,,permit_limit_row:limit_set_schedule_id=3600904607|limit_value_id=3610840349,NOT_NUMERIC_CANDIDATE,UNRESOLVED_FACTUAL,discharge_occurrence_in_period;limit_sample_type_code;monitoring_frequency_code,UNRESOLVED_FACTUAL,,1,0,discharge_occurrence,
measurement:dmr_form_value_id=3920700957,NM0028762,001,50050,2025-08-31,.265,,permit_limit_row:limit_set_schedule_id=3600904607|limit_value_id=3610840350,NOT_NUMERIC_CANDIDATE,UNRESOLVED_FACTUAL,discharge_occurrence_in_period;limit_sample_type_code;monitoring_frequency_code,UNRESOLVED_FACTUAL,,1,0,discharge_occurrence,
measurement:dmr_form_value_id=3920700967,NM0028762,001,50050,2025-09-30,.136,,permit_limit_row:limit_set_schedule_id=3600904607|limit_value_id=3610840349,NOT_NUMERIC_CANDIDATE,UNRESOLVED_FACTUAL,discharge_occurrence_in_period;limit_sample_type_code;monitoring_frequency_code,UNRESOLVED_FACTUAL,,1,0,discharge_occurrence,
measurement:dmr_form_value_id=3920700968,NM0028762,001,50050,2025-09-30,.255,,permit_limit_row:limit_set_schedule_id=3600904607|limit_value_id=3610840350,NOT_NUMERIC_CANDIDATE,UNRESOLVED_FACTUAL,discharge_occurrence_in_period;limit_sample_type_code;monitoring_frequency_code,UNRESOLVED_FACTUAL,,1,0,discharge_occurrence,
measurement:dmr_form_value_id=3920700848,NM0028762,001,50060,2024-10-31,11,11,permit_limit_row:limit_set_schedule_id=3600904607|limit_value_id=3610840348,WITHIN_LIMIT,UNRESOLVED_FACTUAL,discharge_occurrence_in_period;limit_sample_type_code;monitoring_frequency_code,UNRESOLVED_FACTUAL,,1,1,discharge_occurrence,
measurement:dmr_form_value_id=3920700859,NM0028762,001,50060,2024-11-30,11,11,permit_limit_row:limit_set_schedule_id=3600904607|limit_value_id=3610840348,WITHIN_LIMIT,UNRESOLVED_FACTUAL,discharge_occurrence_in_period;limit_sample_type_code;monitoring_frequency_code,UNRESOLVED_FACTUAL,,1,1,discharge_occurrence,
measurement:dmr_form_value_id=3920700870,NM0028762,001,50060,2024-12-31,10,11,permit_limit_row:limit_set_schedule_id=3600904607|limit_value_id=3610840348,WITHIN_LIMIT,UNRESOLVED_FACTUAL,discharge_occurrence_in_period;limit_sample_type_code;monitoring_frequency_code,UNRESOLVED_FACTUAL,,1,1,discharge_occurrence,
measurement:dmr_form_value_id=3920700881,NM0028762,001,50060,2025-01-31,9,11,permit_limit_row:limit_set_schedule_id=3600904607|limit_value_id=3610840348,WITHIN_LIMIT,UNRESOLVED_FACTUAL,discharge_occurrence_in_period;limit_sample_type_code;monitoring_frequency_code,UNRESOLVED_FACTUAL,,1,1,discharge_occurrence,
measurement:dmr_form_value_id=3920700892,NM0028762,001,50060,2025-02-28,10,11,permit_limit_row:limit_set_schedule_id=3600904607|limit_value_id=3610840348,WITHIN_LIMIT,UNRESOLVED_FACTUAL,discharge_occurrence_in_period;limit_sample_type_code;monitoring_frequency_code,UNRESOLVED_FACTUAL,,1,1,discharge_occurrence,
measurement:dmr_form_value_id=3920700903,NM0028762,001,50060,2025-03-31,9,11,permit_limit_row:limit_set_schedule_id=3600904607|limit_value_id=3610840348,WITHIN_LIMIT,UNRESOLVED_FACTUAL,discharge_occurrence_in_period;limit_sample_type_code;monitoring_frequency_code,UNRESOLVED_FACTUAL,,1,1,discharge_occurrence,
measurement:dmr_form_value_id=3920700914,NM0028762,001,50060,2025-04-30,11,11,permit_limit_row:limit_set_schedule_id=3600904607|limit_value_id=3610840348,WITHIN_LIMIT,UNRESOLVED_FACTUAL,discharge_occurrence_in_period;limit_sample_type_code;monitoring_frequency_code,UNRESOLVED_FACTUAL,,1,1,discharge_occurrence,
measurement:dmr_form_value_id=3920700925,NM0028762,001,50060,2025-05-31,9,11,permit_limit_row:limit_set_schedule_id=3600904607|limit_value_id=3610840348,WITHIN_LIMIT,UNRESOLVED_FACTUAL,discharge_occurrence_in_period;limit_sample_type_code;monitoring_frequency_code,UNRESOLVED_FACTUAL,,1,1,discharge_occurrence,
measurement:dmr_form_value_id=3920700936,NM0028762,001,50060,2025-06-30,11,11,permit_limit_row:limit_set_schedule_id=3600904607|limit_value_id=3610840348,WITHIN_LIMIT,UNRESOLVED_FACTUAL,discharge_occurrence_in_period;limit_sample_type_code;monitoring_frequency_code,UNRESOLVED_FACTUAL,,1,1,discharge_occurrence,
measurement:dmr_form_value_id=3920700947,NM0028762,001,50060,2025-07-31,11,11,permit_limit_row:limit_set_schedule_id=3600904607|limit_value_id=3610840348,WITHIN_LIMIT,UNRESOLVED_FACTUAL,discharge_occurrence_in_period;limit_sample_type_code;monitoring_frequency_code,UNRESOLVED_FACTUAL,,1,1,discharge_occurrence,
measurement:dmr_form_value_id=3920700958,NM0028762,001,50060,2025-08-31,11,11,permit_limit_row:limit_set_schedule_id=3600904607|limit_value_id=3610840348,WITHIN_LIMIT,UNRESOLVED_FACTUAL,discharge_occurrence_in_period;limit_sample_type_code;monitoring_frequency_code,UNRESOLVED_FACTUAL,,1,1,discharge_occurrence,
measurement:dmr_form_value_id=3920700969,NM0028762,001,50060,2025-09-30,11,11,permit_limit_row:limit_set_schedule_id=3600904607|limit_value_id=3610840348,WITHIN_LIMIT,UNRESOLVED_FACTUAL,discharge_occurrence_in_period;limit_sample_type_code;monitoring_frequency_code,UNRESOLVED_FACTUAL,,1,1,discharge_occurrence,
measurement:dmr_form_value_id=3920701165,NM0028762,001,70295,2024-12-31,480,,permit_limit_row:limit_set_schedule_id=3600904606|limit_value_id=3610840338,NOT_NUMERIC_CANDIDATE,UNRESOLVED_FACTUAL,discharge_occurrence_in_period;limit_sample_type_code;monitoring_frequency_code,UNRESOLVED_FACTUAL,,1,0,discharge_occurrence,
measurement:dmr_form_value_id=3920701166,NM0028762,001,70295,2024-12-31,480,,permit_limit_row:limit_set_schedule_id=3600904606|limit_value_id=3610840339,NOT_NUMERIC_CANDIDATE,UNRESOLVED_FACTUAL,discharge_occurrence_in_period;limit_sample_type_code;monitoring_frequency_code,UNRESOLVED_FACTUAL,,1,0,discharge_occurrence,
measurement:dmr_form_value_id=3920701167,NM0028762,001,70295,2024-12-31,232.18,,permit_limit_row:limit_set_schedule_id=3600904606|limit_value_id=3610840337,NOT_NUMERIC_CANDIDATE,UNRESOLVED_FACTUAL,discharge_occurrence_in_period;limit_sample_type_code;monitoring_frequency_code,UNRESOLVED_FACTUAL,,1,0,discharge_occurrence,
measurement:dmr_form_value_id=3920701168,NM0028762,001,70295,2024-12-31,232.18,,permit_limit_row:limit_set_schedule_id=3600904606|limit_value_id=3610840336,NOT_NUMERIC_CANDIDATE,UNRESOLVED_FACTUAL,discharge_occurrence_in_period;limit_sample_type_code;monitoring_frequency_code,UNRESOLVED_FACTUAL,,1,0,discharge_occurrence,
measurement:dmr_form_value_id=3920701173,NM0028762,001,70295,2025-03-31,550,,permit_limit_row:limit_set_schedule_id=3600904606|limit_value_id=3610840338,NOT_NUMERIC_CANDIDATE,UNRESOLVED_FACTUAL,discharge_occurrence_in_period;limit_sample_type_code;monitoring_frequency_code,UNRESOLVED_FACTUAL,,1,0,discharge_occurrence,
measurement:dmr_form_value_id=3920701174,NM0028762,001,70295,2025-03-31,550,,permit_limit_row:limit_set_schedule_id=3600904606|limit_value_id=3610840339,NOT_NUMERIC_CANDIDATE,UNRESOLVED_FACTUAL,discharge_occurrence_in_period;limit_sample_type_code;monitoring_frequency_code,UNRESOLVED_FACTUAL,,1,0,discharge_occurrence,
measurement:dmr_form_value_id=3920701175,NM0028762,001,70295,2025-03-31,119,,permit_limit_row:limit_set_schedule_id=3600904606|limit_value_id=3610840337,NOT_NUMERIC_CANDIDATE,UNRESOLVED_FACTUAL,discharge_occurrence_in_period;limit_sample_type_code;monitoring_frequency_code,UNRESOLVED_FACTUAL,,1,0,discharge_occurrence,
measurement:dmr_form_value_id=3920701176,NM0028762,001,70295,2025-03-31,119,,permit_limit_row:limit_set_schedule_id=3600904606|limit_value_id=3610840336,NOT_NUMERIC_CANDIDATE,UNRESOLVED_FACTUAL,discharge_occurrence_in_period;limit_sample_type_code;monitoring_frequency_code,UNRESOLVED_FACTUAL,,1,0,discharge_occurrence,
measurement:dmr_form_value_id=3920701181,NM0028762,001,70295,2025-06-30,380,,permit_limit_row:limit_set_schedule_id=3600904606|limit_value_id=3610840338,NOT_NUMERIC_CANDIDATE,UNRESOLVED_FACTUAL,discharge_occurrence_in_period;limit_sample_type_code;monitoring_frequency_code,UNRESOLVED_FACTUAL,,1,0,discharge_occurrence,
measurement:dmr_form_value_id=3920701182,NM0028762,001,70295,2025-06-30,380,,permit_limit_row:limit_set_schedule_id=3600904606|limit_value_id=3610840339,NOT_NUMERIC_CANDIDATE,UNRESOLVED_FACTUAL,discharge_occurrence_in_period;limit_sample_type_code;monitoring_frequency_code,UNRESOLVED_FACTUAL,,1,0,discharge_occurrence,
measurement:dmr_form_value_id=3920701183,NM0028762,001,70295,2025-06-30,274,,permit_limit_row:limit_set_schedule_id=3600904606|limit_value_id=3610840337,NOT_NUMERIC_CANDIDATE,UNRESOLVED_FACTUAL,discharge_occurrence_in_period;limit_sample_type_code;monitoring_frequency_code,UNRESOLVED_FACTUAL,,1,0,discharge_occurrence,
measurement:dmr_form_value_id=3920701184,NM0028762,001,70295,2025-06-30,274,,permit_limit_row:limit_set_schedule_id=3600904606|limit_value_id=3610840336,NOT_NUMERIC_CANDIDATE,UNRESOLVED_FACTUAL,discharge_occurrence_in_period;limit_sample_type_code;monitoring_frequency_code,UNRESOLVED_FACTUAL,,1,0,discharge_occurrence,
measurement:dmr_form_value_id=3920701189,NM0028762,001,70295,2025-09-30,410,,permit_limit_row:limit_set_schedule_id=3600904606|limit_value_id=3610840338,NOT_NUMERIC_CANDIDATE,UNRESOLVED_FACTUAL,discharge_occurrence_in_period;limit_sample_type_code;monitoring_frequency_code,UNRESOLVED_FACTUAL,,1,0,discharge_occurrence,
measurement:dmr_form_value_id=3920701190,NM0028762,001,70295,2025-09-30,410,,permit_limit_row:limit_set_schedule_id=3600904606|limit_value_id=3610840339,NOT_NUMERIC_CANDIDATE,UNRESOLVED_FACTUAL,discharge_occurrence_in_period;limit_sample_type_code;monitoring_frequency_code,UNRESOLVED_FACTUAL,,1,0,discharge_occurrence,
measurement:dmr_form_value_id=3920701191,NM0028762,001,70295,2025-09-30,234,,permit_limit_row:limit_set_schedule_id=3600904606|limit_value_id=3610840337,NOT_NUMERIC_CANDIDATE,UNRESOLVED_FACTUAL,discharge_occurrence_in_period;limit_sample_type_code;monitoring_frequency_code,UNRESOLVED_FACTUAL,,1,0,discharge_occurrence,
measurement:dmr_form_value_id=3920701192,NM0028762,001,70295,2025-09-30,234,,permit_limit_row:limit_set_schedule_id=3600904606|limit_value_id=3610840336,NOT_NUMERIC_CANDIDATE,UNRESOLVED_FACTUAL,discharge_occurrence_in_period;limit_sample_type_code;monitoring_frequency_code,UNRESOLVED_FACTUAL,,1,0,discharge_occurrence,
measurement:dmr_form_value_id=3920701293,NM0028762,001,78248,2024-12-31,5,,permit_limit_row:limit_set_schedule_id=3600904606|limit_value_id=3610840369,NOT_NUMERIC_CANDIDATE,UNRESOLVED_FACTUAL,discharge_occurrence_in_period;limit_sample_type_code;monitoring_frequency_code,UNRESOLVED_FACTUAL,,1,0,discharge_occurrence,
measurement:dmr_form_value_id=3920701294,NM0028762,001,78248,2024-12-31,5,,permit_limit_row:limit_set_schedule_id=3600904606|limit_value_id=3610840370,NOT_NUMERIC_CANDIDATE,UNRESOLVED_FACTUAL,discharge_occurrence_in_period;limit_sample_type_code;monitoring_frequency_code,UNRESOLVED_FACTUAL,,1,0,discharge_occurrence,
measurement:dmr_form_value_id=3920701295,NM0028762,001,78248,2024-12-31,1.12,,permit_limit_row:limit_set_schedule_id=3600904606|limit_value_id=3610840367,NOT_NUMERIC_CANDIDATE,UNRESOLVED_FACTUAL,discharge_occurrence_in_period;limit_sample_type_code;monitoring_frequency_code,UNRESOLVED_FACTUAL,,1,0,discharge_occurrence,
measurement:dmr_form_value_id=3920701296,NM0028762,001,78248,2024-12-31,1.12,,permit_limit_row:limit_set_schedule_id=3600904606|limit_value_id=3610840368,NOT_NUMERIC_CANDIDATE,UNRESOLVED_FACTUAL,discharge_occurrence_in_period;limit_sample_type_code;monitoring_frequency_code,UNRESOLVED_FACTUAL,,1,0,discharge_occurrence,
measurement:dmr_form_value_id=3920701297,NM0028762,001,78248,2025-03-31,5,,permit_limit_row:limit_set_schedule_id=3600904606|limit_value_id=3610840369,NOT_NUMERIC_CANDIDATE,UNRESOLVED_FACTUAL,discharge_occurrence_in_period;limit_sample_type_code;monitoring_frequency_code,UNRESOLVED_FACTUAL,,1,0,discharge_occurrence,
measurement:dmr_form_value_id=3920701298,NM0028762,001,78248,2025-03-31,5,,permit_limit_row:limit_set_schedule_id=3600904606|limit_value_id=3610840370,NOT_NUMERIC_CANDIDATE,UNRESOLVED_FACTUAL,discharge_occurrence_in_period;limit_sample_type_code;monitoring_frequency_code,UNRESOLVED_FACTUAL,,1,0,discharge_occurrence,
measurement:dmr_form_value_id=3920701299,NM0028762,001,78248,2025-03-31,1.08,,permit_limit_row:limit_set_schedule_id=3600904606|limit_value_id=3610840367,NOT_NUMERIC_CANDIDATE,UNRESOLVED_FACTUAL,discharge_occurrence_in_period;limit_sample_type_code;monitoring_frequency_code,UNRESOLVED_FACTUAL,,1,0,discharge_occurrence,
measurement:dmr_form_value_id=3920701300,NM0028762,001,78248,2025-03-31,1.08,,permit_limit_row:limit_set_schedule_id=3600904606|limit_value_id=3610840368,NOT_NUMERIC_CANDIDATE,UNRESOLVED_FACTUAL,discharge_occurrence_in_period;limit_sample_type_code;monitoring_frequency_code,UNRESOLVED_FACTUAL,,1,0,discharge_occurrence,
measurement:dmr_form_value_id=3920701301,NM0028762,001,78248,2025-06-30,.005,,permit_limit_row:limit_set_schedule_id=3600904606|limit_value_id=3610840369,NOT_NUMERIC_CANDIDATE,UNRESOLVED_FACTUAL,discharge_occurrence_in_period;limit_sample_type_code;monitoring_frequency_code,UNRESOLVED_FACTUAL,,1,0,discharge_occurrence,
measurement:dmr_form_value_id=3920701302,NM0028762,001,78248,2025-06-30,.005,,permit_limit_row:limit_set_schedule_id=3600904606|limit_value_id=3610840370,NOT_NUMERIC_CANDIDATE,UNRESOLVED_FACTUAL,discharge_occurrence_in_period;limit_sample_type_code;monitoring_frequency_code,UNRESOLVED_FACTUAL,,1,0,discharge_occurrence,
measurement:dmr_form_value_id=3920701303,NM0028762,001,78248,2025-06-30,.00361,,permit_limit_row:limit_set_schedule_id=3600904606|limit_value_id=3610840367,NOT_NUMERIC_CANDIDATE,UNRESOLVED_FACTUAL,discharge_occurrence_in_period;limit_sample_type_code;monitoring_frequency_code,UNRESOLVED_FACTUAL,,1,0,discharge_occurrence,
measurement:dmr_form_value_id=3920701304,NM0028762,001,78248,2025-06-30,.00361,,permit_limit_row:limit_set_schedule_id=3600904606|limit_value_id=3610840368,NOT_NUMERIC_CANDIDATE,UNRESOLVED_FACTUAL,discharge_occurrence_in_period;limit_sample_type_code;monitoring_frequency_code,UNRESOLVED_FACTUAL,,1,0,discharge_occurrence,
measurement:dmr_form_value_id=3920701305,NM0028762,001,78248,2025-09-30,.005,,permit_limit_row:limit_set_schedule_id=3600904606|limit_value_id=3610840369,NOT_NUMERIC_CANDIDATE,UNRESOLVED_FACTUAL,discharge_occurrence_in_period;limit_sample_type_code;monitoring_frequency_code,UNRESOLVED_FACTUAL,,1,0,discharge_occurrence,
measurement:dmr_form_value_id=3920701306,NM0028762,001,78248,2025-09-30,.005,,permit_limit_row:limit_set_schedule_id=3600904606|limit_value_id=3610840370,NOT_NUMERIC_CANDIDATE,UNRESOLVED_FACTUAL,discharge_occurrence_in_period;limit_sample_type_code;monitoring_frequency_code,UNRESOLVED_FACTUAL,,1,0,discharge_occurrence,
measurement:dmr_form_value_id=3920701307,NM0028762,001,78248,2025-09-30,.002285,,permit_limit_row:limit_set_schedule_id=3600904606|limit_value_id=3610840367,NOT_NUMERIC_CANDIDATE,UNRESOLVED_FACTUAL,discharge_occurrence_in_period;limit_sample_type_code;monitoring_frequency_code,UNRESOLVED_FACTUAL,,1,0,discharge_occurrence,
measurement:dmr_form_value_id=3920701308,NM0028762,001,78248,2025-09-30,.00285,,permit_limit_row:limit_set_schedule_id=3600904606|limit_value_id=3610840368,NOT_NUMERIC_CANDIDATE,UNRESOLVED_FACTUAL,discharge_occurrence_in_period;limit_sample_type_code;monitoring_frequency_code,UNRESOLVED_FACTUAL,,1,0,discharge_occurrence,
