part_number,part_type,description,rated_voltage_v,min_temp_c,max_temp_c,lifecycle
X100,sensor_interface,Field sensor interface,24,-20,60,active
X110,sensor_interface,Coated sensor interface,24,-30,85,active
X120,sensor_interface,Low-voltage sensor interface,12,-20,70,active
X130,sensor_interface,Indoor sensor interface,24,0,60,active
X140,sensor_interface,Extended-temperature interface,24,-40,105,active
X150,sensor_interface,High-voltage sensor interface,48,-20,80,active
X160,sensor_interface,Legacy sealed sensor interface,24,-20,75,discontinued
X170,sensor_interface,Logic-level sensor interface,5,-10,50,active
X180,sensor_interface,Standard sensor interface,24,-20,80,active
R200,power_relay,Standard power relay,24,-20,70,active
R210,power_relay,Vibration-rated power relay,24,-40,85,active
C300,connector,Five-volt keyed connector,5,-20,70,active
X100-G001-A369,sensor_interface_g001-a369,Field sensor interface G001-A369,24,-20,80,active
X110-G001-A369,sensor_interface_g001-a369,Coated sensor interface G001-A369,24,-30,85,active
X120-G001-A369,sensor_interface_g001-a369,Low-voltage sensor interface G001-A369,12,-20,70,active
X130-G001-A369,sensor_interface_g001-a369,Indoor sensor interface G001-A369,24,0,60,active
X140-G001-A369,sensor_interface_g001-a369,Extended-temperature interface G001-A369,24,-40,105,active
X150-G001-A369,sensor_interface_g001-a369,High-voltage sensor interface G001-A369,48,-20,80,active
X160-G001-A369,sensor_interface_g001-a369,Legacy sealed sensor interface G001-A369,24,-20,75,discontinued
X170-G001-A369,sensor_interface_g001-a369,Logic-level sensor interface G001-A369,5,-10,50,active
X180-G001-A369,sensor_interface_g001-a369,Standard sensor interface G001-A369,24,-20,80,active
R200-G001-A369,power_relay_g001-a369,Standard power relay G001-A369,24,-20,70,active
R210-G001-A369,power_relay_g001-a369,Vibration-rated power relay G001-A369,24,-40,85,active
C300-G001-A369,connector_g001-a369,Five-volt keyed connector G001-A369,5,-20,70,active
X100-G002-F2B3,sensor_interface_g002-f2b3,Field sensor interface G002-F2B3,24,-20,80,active
X110-G002-F2B3,sensor_interface_g002-f2b3,Coated sensor interface G002-F2B3,24,-30,85,active
X120-G002-F2B3,sensor_interface_g002-f2b3,Low-voltage sensor interface G002-F2B3,12,-20,70,active
X130-G002-F2B3,sensor_interface_g002-f2b3,Indoor sensor interface G002-F2B3,24,0,60,active
X140-G002-F2B3,sensor_interface_g002-f2b3,Extended-temperature interface G002-F2B3,24,-40,105,active
X150-G002-F2B3,sensor_interface_g002-f2b3,High-voltage sensor interface G002-F2B3,48,-20,80,active
X160-G002-F2B3,sensor_interface_g002-f2b3,Legacy sealed sensor interface G002-F2B3,24,-20,75,discontinued
X170-G002-F2B3,sensor_interface_g002-f2b3,Logic-level sensor interface G002-F2B3,5,-10,50,active
X180-G002-F2B3,sensor_interface_g002-f2b3,Standard sensor interface G002-F2B3,24,-20,80,active
R200-G002-F2B3,power_relay_g002-f2b3,Standard power relay G002-F2B3,24,-20,70,active
R210-G002-F2B3,power_relay_g002-f2b3,Vibration-rated power relay G002-F2B3,24,-40,85,active
C300-G002-F2B3,connector_g002-f2b3,Five-volt keyed connector G002-F2B3,5,-20,70,active
X100-G003-4768,sensor_interface_g003-4768,Field sensor interface G003-4768,24,-20,80,active
X110-G003-4768,sensor_interface_g003-4768,Coated sensor interface G003-4768,24,-30,85,active
X120-G003-4768,sensor_interface_g003-4768,Low-voltage sensor interface G003-4768,12,-20,70,active
X130-G003-4768,sensor_interface_g003-4768,Indoor sensor interface G003-4768,24,0,60,active
X140-G003-4768,sensor_interface_g003-4768,Extended-temperature interface G003-4768,24,-40,105,active
X150-G003-4768,sensor_interface_g003-4768,High-voltage sensor interface G003-4768,48,-20,80,active
X160-G003-4768,sensor_interface_g003-4768,Legacy sealed sensor interface G003-4768,24,-20,75,discontinued
X170-G003-4768,sensor_interface_g003-4768,Logic-level sensor interface G003-4768,5,-10,50,active
X180-G003-4768,sensor_interface_g003-4768,Standard sensor interface G003-4768,24,-20,80,active
R200-G003-4768,power_relay_g003-4768,Standard power relay G003-4768,24,-20,70,active
R210-G003-4768,power_relay_g003-4768,Vibration-rated power relay G003-4768,24,-40,85,active
C300-G003-4768,connector_g003-4768,Five-volt keyed connector G003-4768,5,-20,70,active
X100-G004-8D30,sensor_interface_g004-8d30,Field sensor interface G004-8D30,24,-20,80,active
X110-G004-8D30,sensor_interface_g004-8d30,Coated sensor interface G004-8D30,24,-30,85,active
X120-G004-8D30,sensor_interface_g004-8d30,Low-voltage sensor interface G004-8D30,12,-20,70,active
X130-G004-8D30,sensor_interface_g004-8d30,Indoor sensor interface G004-8D30,24,0,60,active
X140-G004-8D30,sensor_interface_g004-8d30,Extended-temperature interface G004-8D30,24,-40,105,active
X150-G004-8D30,sensor_interface_g004-8d30,High-voltage sensor interface G004-8D30,48,-20,80,active
X160-G004-8D30,sensor_interface_g004-8d30,Legacy sealed sensor interface G004-8D30,24,-20,75,discontinued
X170-G004-8D30,sensor_interface_g004-8d30,Logic-level sensor interface G004-8D30,5,-10,50,active
X180-G004-8D30,sensor_interface_g004-8d30,Standard sensor interface G004-8D30,24,-20,80,active
R200-G004-8D30,power_relay_g004-8d30,Standard power relay G004-8D30,24,-20,70,active
R210-G004-8D30,power_relay_g004-8d30,Vibration-rated power relay G004-8D30,24,-40,85,active
C300-G004-8D30,connector_g004-8d30,Five-volt keyed connector G004-8D30,5,-20,70,active
X100-G005-0E54,sensor_interface_g005-0e54,Field sensor interface G005-0E54,24,-20,80,active
X110-G005-0E54,sensor_interface_g005-0e54,Coated sensor interface G005-0E54,24,-30,85,active
X120-G005-0E54,sensor_interface_g005-0e54,Low-voltage sensor interface G005-0E54,12,-20,70,active
X130-G005-0E54,sensor_interface_g005-0e54,Indoor sensor interface G005-0E54,24,0,60,active
X140-G005-0E54,sensor_interface_g005-0e54,Extended-temperature interface G005-0E54,24,-40,105,active
X150-G005-0E54,sensor_interface_g005-0e54,High-voltage sensor interface G005-0E54,48,-20,80,active
X160-G005-0E54,sensor_interface_g005-0e54,Legacy sealed sensor interface G005-0E54,24,-20,75,discontinued
X170-G005-0E54,sensor_interface_g005-0e54,Logic-level sensor interface G005-0E54,5,-10,50,active
X180-G005-0E54,sensor_interface_g005-0e54,Standard sensor interface G005-0E54,24,-20,80,active
R200-G005-0E54,power_relay_g005-0e54,Standard power relay G005-0E54,24,-20,70,active
R210-G005-0E54,power_relay_g005-0e54,Vibration-rated power relay G005-0E54,24,-40,85,active
C300-G005-0E54,connector_g005-0e54,Five-volt keyed connector G005-0E54,5,-20,70,active
X100-G006-401D,sensor_interface_g006-401d,Field sensor interface G006-401D,24,-20,80,active
X110-G006-401D,sensor_interface_g006-401d,Coated sensor interface G006-401D,24,-30,85,active
X120-G006-401D,sensor_interface_g006-401d,Low-voltage sensor interface G006-401D,12,-20,70,active
X130-G006-401D,sensor_interface_g006-401d,Indoor sensor interface G006-401D,24,0,60,active
X140-G006-401D,sensor_interface_g006-401d,Extended-temperature interface G006-401D,24,-40,105,active
X150-G006-401D,sensor_interface_g006-401d,High-voltage sensor interface G006-401D,48,-20,80,active
X160-G006-401D,sensor_interface_g006-401d,Legacy sealed sensor interface G006-401D,24,-20,75,discontinued
X170-G006-401D,sensor_interface_g006-401d,Logic-level sensor interface G006-401D,5,-10,50,active
X180-G006-401D,sensor_interface_g006-401d,Standard sensor interface G006-401D,24,-20,80,active
R200-G006-401D,power_relay_g006-401d,Standard power relay G006-401D,24,-20,70,active
R210-G006-401D,power_relay_g006-401d,Vibration-rated power relay G006-401D,24,-40,85,active
C300-G006-401D,connector_g006-401d,Five-volt keyed connector G006-401D,5,-20,70,active
X100-G007-318A,sensor_interface_g007-318a,Field sensor interface G007-318A,24,-20,80,active
X110-G007-318A,sensor_interface_g007-318a,Coated sensor interface G007-318A,24,-30,85,active
X120-G007-318A,sensor_interface_g007-318a,Low-voltage sensor interface G007-318A,12,-20,70,active
X130-G007-318A,sensor_interface_g007-318a,Indoor sensor interface G007-318A,24,0,60,active
X140-G007-318A,sensor_interface_g007-318a,Extended-temperature interface G007-318A,24,-40,105,active
X150-G007-318A,sensor_interface_g007-318a,High-voltage sensor interface G007-318A,48,-20,80,active
X160-G007-318A,sensor_interface_g007-318a,Legacy sealed sensor interface G007-318A,24,-20,75,discontinued
X170-G007-318A,sensor_interface_g007-318a,Logic-level sensor interface G007-318A,5,-10,50,active
X180-G007-318A,sensor_interface_g007-318a,Standard sensor interface G007-318A,24,-20,80,active
R200-G007-318A,power_relay_g007-318a,Standard power relay G007-318A,24,-20,70,active
R210-G007-318A,power_relay_g007-318a,Vibration-rated power relay G007-318A,24,-40,85,active
C300-G007-318A,connector_g007-318a,Five-volt keyed connector G007-318A,5,-20,70,active
X100-G008-8069,sensor_interface_g008-8069,Field sensor interface G008-8069,24,-20,80,active
X110-G008-8069,sensor_interface_g008-8069,Coated sensor interface G008-8069,24,-30,85,active
X120-G008-8069,sensor_interface_g008-8069,Low-voltage sensor interface G008-8069,12,-20,70,active
X130-G008-8069,sensor_interface_g008-8069,Indoor sensor interface G008-8069,24,0,60,active
X140-G008-8069,sensor_interface_g008-8069,Extended-temperature interface G008-8069,24,-40,105,active
X150-G008-8069,sensor_interface_g008-8069,High-voltage sensor interface G008-8069,48,-20,80,active
X160-G008-8069,sensor_interface_g008-8069,Legacy sealed sensor interface G008-8069,24,-20,75,discontinued
X170-G008-8069,sensor_interface_g008-8069,Logic-level sensor interface G008-8069,5,-10,50,active
X180-G008-8069,sensor_interface_g008-8069,Standard sensor interface G008-8069,24,-20,80,active
R200-G008-8069,power_relay_g008-8069,Standard power relay G008-8069,24,-20,70,active
R210-G008-8069,power_relay_g008-8069,Vibration-rated power relay G008-8069,24,-40,85,active
C300-G008-8069,connector_g008-8069,Five-volt keyed connector G008-8069,5,-20,70,active
X100-G009-8C48,sensor_interface_g009-8c48,Field sensor interface G009-8C48,24,-20,80,active
X110-G009-8C48,sensor_interface_g009-8c48,Coated sensor interface G009-8C48,24,-30,85,active
X120-G009-8C48,sensor_interface_g009-8c48,Low-voltage sensor interface G009-8C48,12,-20,70,active
X130-G009-8C48,sensor_interface_g009-8c48,Indoor sensor interface G009-8C48,24,0,60,active
X140-G009-8C48,sensor_interface_g009-8c48,Extended-temperature interface G009-8C48,24,-40,105,active
X150-G009-8C48,sensor_interface_g009-8c48,High-voltage sensor interface G009-8C48,48,-20,80,active
X160-G009-8C48,sensor_interface_g009-8c48,Legacy sealed sensor interface G009-8C48,24,-20,75,discontinued
X170-G009-8C48,sensor_interface_g009-8c48,Logic-level sensor interface G009-8C48,5,-10,50,active
X180-G009-8C48,sensor_interface_g009-8c48,Standard sensor interface G009-8C48,24,-20,80,active
R200-G009-8C48,power_relay_g009-8c48,Standard power relay G009-8C48,24,-20,70,active
R210-G009-8C48,power_relay_g009-8c48,Vibration-rated power relay G009-8C48,24,-40,85,active
C300-G009-8C48,connector_g009-8c48,Five-volt keyed connector G009-8C48,5,-20,70,active
X100-G010-4117,sensor_interface_g010-4117,Field sensor interface G010-4117,24,-20,80,active
X110-G010-4117,sensor_interface_g010-4117,Coated sensor interface G010-4117,24,-30,85,active
X120-G010-4117,sensor_interface_g010-4117,Low-voltage sensor interface G010-4117,12,-20,70,active
X130-G010-4117,sensor_interface_g010-4117,Indoor sensor interface G010-4117,24,0,60,active
X140-G010-4117,sensor_interface_g010-4117,Extended-temperature interface G010-4117,24,-40,105,active
X150-G010-4117,sensor_interface_g010-4117,High-voltage sensor interface G010-4117,48,-20,80,active
X160-G010-4117,sensor_interface_g010-4117,Legacy sealed sensor interface G010-4117,24,-20,75,discontinued
X170-G010-4117,sensor_interface_g010-4117,Logic-level sensor interface G010-4117,5,-10,50,active
X180-G010-4117,sensor_interface_g010-4117,Standard sensor interface G010-4117,24,-20,80,active
R200-G010-4117,power_relay_g010-4117,Standard power relay G010-4117,24,-20,70,active
R210-G010-4117,power_relay_g010-4117,Vibration-rated power relay G010-4117,24,-40,85,active
C300-G010-4117,connector_g010-4117,Five-volt keyed connector G010-4117,5,-20,70,active
X100-G011-D3DA,sensor_interface_g011-d3da,Field sensor interface G011-D3DA,24,-20,80,active
X110-G011-D3DA,sensor_interface_g011-d3da,Coated sensor interface G011-D3DA,24,-30,85,active
X120-G011-D3DA,sensor_interface_g011-d3da,Low-voltage sensor interface G011-D3DA,12,-20,70,active
X130-G011-D3DA,sensor_interface_g011-d3da,Indoor sensor interface G011-D3DA,24,0,60,active
X140-G011-D3DA,sensor_interface_g011-d3da,Extended-temperature interface G011-D3DA,24,-40,105,active
X150-G011-D3DA,sensor_interface_g011-d3da,High-voltage sensor interface G011-D3DA,48,-20,80,active
X160-G011-D3DA,sensor_interface_g011-d3da,Legacy sealed sensor interface G011-D3DA,24,-20,75,discontinued
X170-G011-D3DA,sensor_interface_g011-d3da,Logic-level sensor interface G011-D3DA,5,-10,50,active
X180-G011-D3DA,sensor_interface_g011-d3da,Standard sensor interface G011-D3DA,24,-20,80,active
R200-G011-D3DA,power_relay_g011-d3da,Standard power relay G011-D3DA,24,-20,70,active
R210-G011-D3DA,power_relay_g011-d3da,Vibration-rated power relay G011-D3DA,24,-40,85,active
C300-G011-D3DA,connector_g011-d3da,Five-volt keyed connector G011-D3DA,5,-20,70,active
X100-G012-DB0C,sensor_interface_g012-db0c,Field sensor interface G012-DB0C,24,-20,80,active
X110-G012-DB0C,sensor_interface_g012-db0c,Coated sensor interface G012-DB0C,24,-30,85,active
X120-G012-DB0C,sensor_interface_g012-db0c,Low-voltage sensor interface G012-DB0C,12,-20,70,active
X130-G012-DB0C,sensor_interface_g012-db0c,Indoor sensor interface G012-DB0C,24,0,60,active
X140-G012-DB0C,sensor_interface_g012-db0c,Extended-temperature interface G012-DB0C,24,-40,105,active
X150-G012-DB0C,sensor_interface_g012-db0c,High-voltage sensor interface G012-DB0C,48,-20,80,active
X160-G012-DB0C,sensor_interface_g012-db0c,Legacy sealed sensor interface G012-DB0C,24,-20,75,discontinued
X170-G012-DB0C,sensor_interface_g012-db0c,Logic-level sensor interface G012-DB0C,5,-10,50,active
X180-G012-DB0C,sensor_interface_g012-db0c,Standard sensor interface G012-DB0C,24,-20,80,active
R200-G012-DB0C,power_relay_g012-db0c,Standard power relay G012-DB0C,24,-20,70,active
R210-G012-DB0C,power_relay_g012-db0c,Vibration-rated power relay G012-DB0C,24,-40,85,active
C300-G012-DB0C,connector_g012-db0c,Five-volt keyed connector G012-DB0C,5,-20,70,active
X100-G013-39F5,sensor_interface_g013-39f5,Field sensor interface G013-39F5,24,-20,80,active
X110-G013-39F5,sensor_interface_g013-39f5,Coated sensor interface G013-39F5,24,-30,85,active
X120-G013-39F5,sensor_interface_g013-39f5,Low-voltage sensor interface G013-39F5,12,-20,70,active
X130-G013-39F5,sensor_interface_g013-39f5,Indoor sensor interface G013-39F5,24,0,60,active
X140-G013-39F5,sensor_interface_g013-39f5,Extended-temperature interface G013-39F5,24,-40,105,active
X150-G013-39F5,sensor_interface_g013-39f5,High-voltage sensor interface G013-39F5,48,-20,80,active
X160-G013-39F5,sensor_interface_g013-39f5,Legacy sealed sensor interface G013-39F5,24,-20,75,discontinued
X170-G013-39F5,sensor_interface_g013-39f5,Logic-level sensor interface G013-39F5,5,-10,50,active
X180-G013-39F5,sensor_interface_g013-39f5,Standard sensor interface G013-39F5,24,-20,80,active
R200-G013-39F5,power_relay_g013-39f5,Standard power relay G013-39F5,24,-20,70,active
R210-G013-39F5,power_relay_g013-39f5,Vibration-rated power relay G013-39F5,24,-40,85,active
C300-G013-39F5,connector_g013-39f5,Five-volt keyed connector G013-39F5,5,-20,70,active
X100-G014-4E33,sensor_interface_g014-4e33,Field sensor interface G014-4E33,24,-20,80,active
X110-G014-4E33,sensor_interface_g014-4e33,Coated sensor interface G014-4E33,24,-30,85,active
X120-G014-4E33,sensor_interface_g014-4e33,Low-voltage sensor interface G014-4E33,12,-20,70,active
X130-G014-4E33,sensor_interface_g014-4e33,Indoor sensor interface G014-4E33,24,0,60,active
X140-G014-4E33,sensor_interface_g014-4e33,Extended-temperature interface G014-4E33,24,-40,105,active
X150-G014-4E33,sensor_interface_g014-4e33,High-voltage sensor interface G014-4E33,48,-20,80,active
X160-G014-4E33,sensor_interface_g014-4e33,Legacy sealed sensor interface G014-4E33,24,-20,75,discontinued
X170-G014-4E33,sensor_interface_g014-4e33,Logic-level sensor interface G014-4E33,5,-10,50,active
X180-G014-4E33,sensor_interface_g014-4e33,Standard sensor interface G014-4E33,24,-20,80,active
R200-G014-4E33,power_relay_g014-4e33,Standard power relay G014-4E33,24,-20,70,active
R210-G014-4E33,power_relay_g014-4e33,Vibration-rated power relay G014-4E33,24,-40,85,active
C300-G014-4E33,connector_g014-4e33,Five-volt keyed connector G014-4E33,5,-20,70,active
X100-G015-EF65,sensor_interface_g015-ef65,Field sensor interface G015-EF65,24,-20,80,active
X110-G015-EF65,sensor_interface_g015-ef65,Coated sensor interface G015-EF65,24,-30,85,active
X120-G015-EF65,sensor_interface_g015-ef65,Low-voltage sensor interface G015-EF65,12,-20,70,active
X130-G015-EF65,sensor_interface_g015-ef65,Indoor sensor interface G015-EF65,24,0,60,active
X140-G015-EF65,sensor_interface_g015-ef65,Extended-temperature interface G015-EF65,24,-40,105,active
X150-G015-EF65,sensor_interface_g015-ef65,High-voltage sensor interface G015-EF65,48,-20,80,active
X160-G015-EF65,sensor_interface_g015-ef65,Legacy sealed sensor interface G015-EF65,24,-20,75,discontinued
X170-G015-EF65,sensor_interface_g015-ef65,Logic-level sensor interface G015-EF65,5,-10,50,active
X180-G015-EF65,sensor_interface_g015-ef65,Standard sensor interface G015-EF65,24,-20,80,active
R200-G015-EF65,power_relay_g015-ef65,Standard power relay G015-EF65,24,-20,70,active
R210-G015-EF65,power_relay_g015-ef65,Vibration-rated power relay G015-EF65,24,-40,85,active
C300-G015-EF65,connector_g015-ef65,Five-volt keyed connector G015-EF65,5,-20,70,active
X100-G016-3575,sensor_interface_g016-3575,Field sensor interface G016-3575,24,-20,80,active
X110-G016-3575,sensor_interface_g016-3575,Coated sensor interface G016-3575,24,-30,85,active
X120-G016-3575,sensor_interface_g016-3575,Low-voltage sensor interface G016-3575,12,-20,70,active
X130-G016-3575,sensor_interface_g016-3575,Indoor sensor interface G016-3575,24,0,60,active
X140-G016-3575,sensor_interface_g016-3575,Extended-temperature interface G016-3575,24,-40,105,active
X150-G016-3575,sensor_interface_g016-3575,High-voltage sensor interface G016-3575,48,-20,80,active
X160-G016-3575,sensor_interface_g016-3575,Legacy sealed sensor interface G016-3575,24,-20,75,discontinued
X170-G016-3575,sensor_interface_g016-3575,Logic-level sensor interface G016-3575,5,-10,50,active
X180-G016-3575,sensor_interface_g016-3575,Standard sensor interface G016-3575,24,-20,80,active
R200-G016-3575,power_relay_g016-3575,Standard power relay G016-3575,24,-20,70,active
R210-G016-3575,power_relay_g016-3575,Vibration-rated power relay G016-3575,24,-40,85,active
C300-G016-3575,connector_g016-3575,Five-volt keyed connector G016-3575,5,-20,70,active
X100-G017-F6F2,sensor_interface_g017-f6f2,Field sensor interface G017-F6F2,24,-20,80,active
X110-G017-F6F2,sensor_interface_g017-f6f2,Coated sensor interface G017-F6F2,24,-30,85,active
X120-G017-F6F2,sensor_interface_g017-f6f2,Low-voltage sensor interface G017-F6F2,12,-20,70,active
X130-G017-F6F2,sensor_interface_g017-f6f2,Indoor sensor interface G017-F6F2,24,0,60,active
X140-G017-F6F2,sensor_interface_g017-f6f2,Extended-temperature interface G017-F6F2,24,-40,105,active
X150-G017-F6F2,sensor_interface_g017-f6f2,High-voltage sensor interface G017-F6F2,48,-20,80,active
X160-G017-F6F2,sensor_interface_g017-f6f2,Legacy sealed sensor interface G017-F6F2,24,-20,75,discontinued
X170-G017-F6F2,sensor_interface_g017-f6f2,Logic-level sensor interface G017-F6F2,5,-10,50,active
X180-G017-F6F2,sensor_interface_g017-f6f2,Standard sensor interface G017-F6F2,24,-20,80,active
R200-G017-F6F2,power_relay_g017-f6f2,Standard power relay G017-F6F2,24,-20,70,active
R210-G017-F6F2,power_relay_g017-f6f2,Vibration-rated power relay G017-F6F2,24,-40,85,active
C300-G017-F6F2,connector_g017-f6f2,Five-volt keyed connector G017-F6F2,5,-20,70,active
X100-G018-BEBE,sensor_interface_g018-bebe,Field sensor interface G018-BEBE,24,-20,80,active
X110-G018-BEBE,sensor_interface_g018-bebe,Coated sensor interface G018-BEBE,24,-30,85,active
X120-G018-BEBE,sensor_interface_g018-bebe,Low-voltage sensor interface G018-BEBE,12,-20,70,active
X130-G018-BEBE,sensor_interface_g018-bebe,Indoor sensor interface G018-BEBE,24,0,60,active
X140-G018-BEBE,sensor_interface_g018-bebe,Extended-temperature interface G018-BEBE,24,-40,105,active
X150-G018-BEBE,sensor_interface_g018-bebe,High-voltage sensor interface G018-BEBE,48,-20,80,active
X160-G018-BEBE,sensor_interface_g018-bebe,Legacy sealed sensor interface G018-BEBE,24,-20,75,discontinued
X170-G018-BEBE,sensor_interface_g018-bebe,Logic-level sensor interface G018-BEBE,5,-10,50,active
X180-G018-BEBE,sensor_interface_g018-bebe,Standard sensor interface G018-BEBE,24,-20,80,active
R200-G018-BEBE,power_relay_g018-bebe,Standard power relay G018-BEBE,24,-20,70,active
R210-G018-BEBE,power_relay_g018-bebe,Vibration-rated power relay G018-BEBE,24,-40,85,active
C300-G018-BEBE,connector_g018-bebe,Five-volt keyed connector G018-BEBE,5,-20,70,active
X100-G019-5A24,sensor_interface_g019-5a24,Field sensor interface G019-5A24,24,-20,80,active
X110-G019-5A24,sensor_interface_g019-5a24,Coated sensor interface G019-5A24,24,-30,85,active
X120-G019-5A24,sensor_interface_g019-5a24,Low-voltage sensor interface G019-5A24,12,-20,70,active
X130-G019-5A24,sensor_interface_g019-5a24,Indoor sensor interface G019-5A24,24,0,60,active
X140-G019-5A24,sensor_interface_g019-5a24,Extended-temperature interface G019-5A24,24,-40,105,active
X150-G019-5A24,sensor_interface_g019-5a24,High-voltage sensor interface G019-5A24,48,-20,80,active
X160-G019-5A24,sensor_interface_g019-5a24,Legacy sealed sensor interface G019-5A24,24,-20,75,discontinued
X170-G019-5A24,sensor_interface_g019-5a24,Logic-level sensor interface G019-5A24,5,-10,50,active
X180-G019-5A24,sensor_interface_g019-5a24,Standard sensor interface G019-5A24,24,-20,80,active
R200-G019-5A24,power_relay_g019-5a24,Standard power relay G019-5A24,24,-20,70,active
R210-G019-5A24,power_relay_g019-5a24,Vibration-rated power relay G019-5A24,24,-40,85,active
C300-G019-5A24,connector_g019-5a24,Five-volt keyed connector G019-5A24,5,-20,70,active
X100-G020-5C81,sensor_interface_g020-5c81,Field sensor interface G020-5C81,24,-20,80,active
X110-G020-5C81,sensor_interface_g020-5c81,Coated sensor interface G020-5C81,24,-30,85,active
X120-G020-5C81,sensor_interface_g020-5c81,Low-voltage sensor interface G020-5C81,12,-20,70,active
X130-G020-5C81,sensor_interface_g020-5c81,Indoor sensor interface G020-5C81,24,0,60,active
X140-G020-5C81,sensor_interface_g020-5c81,Extended-temperature interface G020-5C81,24,-40,105,active
X150-G020-5C81,sensor_interface_g020-5c81,High-voltage sensor interface G020-5C81,48,-20,80,active
X160-G020-5C81,sensor_interface_g020-5c81,Legacy sealed sensor interface G020-5C81,24,-20,75,discontinued
X170-G020-5C81,sensor_interface_g020-5c81,Logic-level sensor interface G020-5C81,5,-10,50,active
X180-G020-5C81,sensor_interface_g020-5c81,Standard sensor interface G020-5C81,24,-20,80,active
R200-G020-5C81,power_relay_g020-5c81,Standard power relay G020-5C81,24,-20,70,active
R210-G020-5C81,power_relay_g020-5c81,Vibration-rated power relay G020-5C81,24,-40,85,active
C300-G020-5C81,connector_g020-5c81,Five-volt keyed connector G020-5C81,5,-20,70,active
X100-G021-F56F,sensor_interface_g021-f56f,Field sensor interface G021-F56F,24,-20,80,active
X110-G021-F56F,sensor_interface_g021-f56f,Coated sensor interface G021-F56F,24,-30,85,active
X120-G021-F56F,sensor_interface_g021-f56f,Low-voltage sensor interface G021-F56F,12,-20,70,active
X130-G021-F56F,sensor_interface_g021-f56f,Indoor sensor interface G021-F56F,24,0,60,active
X140-G021-F56F,sensor_interface_g021-f56f,Extended-temperature interface G021-F56F,24,-40,105,active
X150-G021-F56F,sensor_interface_g021-f56f,High-voltage sensor interface G021-F56F,48,-20,80,active
X160-G021-F56F,sensor_interface_g021-f56f,Legacy sealed sensor interface G021-F56F,24,-20,75,discontinued
X170-G021-F56F,sensor_interface_g021-f56f,Logic-level sensor interface G021-F56F,5,-10,50,active
X180-G021-F56F,sensor_interface_g021-f56f,Standard sensor interface G021-F56F,24,-20,80,active
R200-G021-F56F,power_relay_g021-f56f,Standard power relay G021-F56F,24,-20,70,active
R210-G021-F56F,power_relay_g021-f56f,Vibration-rated power relay G021-F56F,24,-40,85,active
C300-G021-F56F,connector_g021-f56f,Five-volt keyed connector G021-F56F,5,-20,70,active
X100-G022-C937,sensor_interface_g022-c937,Field sensor interface G022-C937,24,-20,80,active
X110-G022-C937,sensor_interface_g022-c937,Coated sensor interface G022-C937,24,-30,85,active
X120-G022-C937,sensor_interface_g022-c937,Low-voltage sensor interface G022-C937,12,-20,70,active
X130-G022-C937,sensor_interface_g022-c937,Indoor sensor interface G022-C937,24,0,60,active
X140-G022-C937,sensor_interface_g022-c937,Extended-temperature interface G022-C937,24,-40,105,active
X150-G022-C937,sensor_interface_g022-c937,High-voltage sensor interface G022-C937,48,-20,80,active
X160-G022-C937,sensor_interface_g022-c937,Legacy sealed sensor interface G022-C937,24,-20,75,discontinued
X170-G022-C937,sensor_interface_g022-c937,Logic-level sensor interface G022-C937,5,-10,50,active
X180-G022-C937,sensor_interface_g022-c937,Standard sensor interface G022-C937,24,-20,80,active
R200-G022-C937,power_relay_g022-c937,Standard power relay G022-C937,24,-20,70,active
R210-G022-C937,power_relay_g022-c937,Vibration-rated power relay G022-C937,24,-40,85,active
C300-G022-C937,connector_g022-c937,Five-volt keyed connector G022-C937,5,-20,70,active
X100-G023-1B91,sensor_interface_g023-1b91,Field sensor interface G023-1B91,24,-20,80,active
X110-G023-1B91,sensor_interface_g023-1b91,Coated sensor interface G023-1B91,24,-30,85,active
X120-G023-1B91,sensor_interface_g023-1b91,Low-voltage sensor interface G023-1B91,12,-20,70,active
X130-G023-1B91,sensor_interface_g023-1b91,Indoor sensor interface G023-1B91,24,0,60,active
X140-G023-1B91,sensor_interface_g023-1b91,Extended-temperature interface G023-1B91,24,-40,105,active
X150-G023-1B91,sensor_interface_g023-1b91,High-voltage sensor interface G023-1B91,48,-20,80,active
X160-G023-1B91,sensor_interface_g023-1b91,Legacy sealed sensor interface G023-1B91,24,-20,75,discontinued
X170-G023-1B91,sensor_interface_g023-1b91,Logic-level sensor interface G023-1B91,5,-10,50,active
X180-G023-1B91,sensor_interface_g023-1b91,Standard sensor interface G023-1B91,24,-20,80,active
R200-G023-1B91,power_relay_g023-1b91,Standard power relay G023-1B91,24,-20,70,active
R210-G023-1B91,power_relay_g023-1b91,Vibration-rated power relay G023-1B91,24,-40,85,active
C300-G023-1B91,connector_g023-1b91,Five-volt keyed connector G023-1B91,5,-20,70,active
X100-G024-D80E,sensor_interface_g024-d80e,Field sensor interface G024-D80E,24,-20,80,active
X110-G024-D80E,sensor_interface_g024-d80e,Coated sensor interface G024-D80E,24,-30,85,active
X120-G024-D80E,sensor_interface_g024-d80e,Low-voltage sensor interface G024-D80E,12,-20,70,active
X130-G024-D80E,sensor_interface_g024-d80e,Indoor sensor interface G024-D80E,24,0,60,active
X140-G024-D80E,sensor_interface_g024-d80e,Extended-temperature interface G024-D80E,24,-40,105,active
X150-G024-D80E,sensor_interface_g024-d80e,High-voltage sensor interface G024-D80E,48,-20,80,active
X160-G024-D80E,sensor_interface_g024-d80e,Legacy sealed sensor interface G024-D80E,24,-20,75,discontinued
X170-G024-D80E,sensor_interface_g024-d80e,Logic-level sensor interface G024-D80E,5,-10,50,active
X180-G024-D80E,sensor_interface_g024-d80e,Standard sensor interface G024-D80E,24,-20,80,active
R200-G024-D80E,power_relay_g024-d80e,Standard power relay G024-D80E,24,-20,70,active
R210-G024-D80E,power_relay_g024-d80e,Vibration-rated power relay G024-D80E,24,-40,85,active
C300-G024-D80E,connector_g024-d80e,Five-volt keyed connector G024-D80E,5,-20,70,active
X100-G025-7D4A,sensor_interface_g025-7d4a,Field sensor interface G025-7D4A,24,-20,80,active
X110-G025-7D4A,sensor_interface_g025-7d4a,Coated sensor interface G025-7D4A,24,-30,85,active
X120-G025-7D4A,sensor_interface_g025-7d4a,Low-voltage sensor interface G025-7D4A,12,-20,70,active
X130-G025-7D4A,sensor_interface_g025-7d4a,Indoor sensor interface G025-7D4A,24,0,60,active
X140-G025-7D4A,sensor_interface_g025-7d4a,Extended-temperature interface G025-7D4A,24,-40,105,active
X150-G025-7D4A,sensor_interface_g025-7d4a,High-voltage sensor interface G025-7D4A,48,-20,80,active
X160-G025-7D4A,sensor_interface_g025-7d4a,Legacy sealed sensor interface G025-7D4A,24,-20,75,discontinued
X170-G025-7D4A,sensor_interface_g025-7d4a,Logic-level sensor interface G025-7D4A,5,-10,50,active
X180-G025-7D4A,sensor_interface_g025-7d4a,Standard sensor interface G025-7D4A,24,-20,80,active
R200-G025-7D4A,power_relay_g025-7d4a,Standard power relay G025-7D4A,24,-20,70,active
R210-G025-7D4A,power_relay_g025-7d4a,Vibration-rated power relay G025-7D4A,24,-40,85,active
C300-G025-7D4A,connector_g025-7d4a,Five-volt keyed connector G025-7D4A,5,-20,70,active
X100-G026-7952,sensor_interface_g026-7952,Field sensor interface G026-7952,24,-20,80,active
X110-G026-7952,sensor_interface_g026-7952,Coated sensor interface G026-7952,24,-30,85,active
X120-G026-7952,sensor_interface_g026-7952,Low-voltage sensor interface G026-7952,12,-20,70,active
X130-G026-7952,sensor_interface_g026-7952,Indoor sensor interface G026-7952,24,0,60,active
X140-G026-7952,sensor_interface_g026-7952,Extended-temperature interface G026-7952,24,-40,105,active
X150-G026-7952,sensor_interface_g026-7952,High-voltage sensor interface G026-7952,48,-20,80,active
X160-G026-7952,sensor_interface_g026-7952,Legacy sealed sensor interface G026-7952,24,-20,75,discontinued
X170-G026-7952,sensor_interface_g026-7952,Logic-level sensor interface G026-7952,5,-10,50,active
X180-G026-7952,sensor_interface_g026-7952,Standard sensor interface G026-7952,24,-20,80,active
R200-G026-7952,power_relay_g026-7952,Standard power relay G026-7952,24,-20,70,active
R210-G026-7952,power_relay_g026-7952,Vibration-rated power relay G026-7952,24,-40,85,active
C300-G026-7952,connector_g026-7952,Five-volt keyed connector G026-7952,5,-20,70,active
X100-G027-0F3B,sensor_interface_g027-0f3b,Field sensor interface G027-0F3B,24,-20,80,active
X110-G027-0F3B,sensor_interface_g027-0f3b,Coated sensor interface G027-0F3B,24,-30,85,active
X120-G027-0F3B,sensor_interface_g027-0f3b,Low-voltage sensor interface G027-0F3B,12,-20,70,active
X130-G027-0F3B,sensor_interface_g027-0f3b,Indoor sensor interface G027-0F3B,24,0,60,active
X140-G027-0F3B,sensor_interface_g027-0f3b,Extended-temperature interface G027-0F3B,24,-40,105,active
X150-G027-0F3B,sensor_interface_g027-0f3b,High-voltage sensor interface G027-0F3B,48,-20,80,active
X160-G027-0F3B,sensor_interface_g027-0f3b,Legacy sealed sensor interface G027-0F3B,24,-20,75,discontinued
X170-G027-0F3B,sensor_interface_g027-0f3b,Logic-level sensor interface G027-0F3B,5,-10,50,active
X180-G027-0F3B,sensor_interface_g027-0f3b,Standard sensor interface G027-0F3B,24,-20,80,active
R200-G027-0F3B,power_relay_g027-0f3b,Standard power relay G027-0F3B,24,-20,70,active
R210-G027-0F3B,power_relay_g027-0f3b,Vibration-rated power relay G027-0F3B,24,-40,85,active
C300-G027-0F3B,connector_g027-0f3b,Five-volt keyed connector G027-0F3B,5,-20,70,active
X100-G028-2D6A,sensor_interface_g028-2d6a,Field sensor interface G028-2D6A,24,-20,80,active
X110-G028-2D6A,sensor_interface_g028-2d6a,Coated sensor interface G028-2D6A,24,-30,85,active
X120-G028-2D6A,sensor_interface_g028-2d6a,Low-voltage sensor interface G028-2D6A,12,-20,70,active
X130-G028-2D6A,sensor_interface_g028-2d6a,Indoor sensor interface G028-2D6A,24,0,60,active
X140-G028-2D6A,sensor_interface_g028-2d6a,Extended-temperature interface G028-2D6A,24,-40,105,active
X150-G028-2D6A,sensor_interface_g028-2d6a,High-voltage sensor interface G028-2D6A,48,-20,80,active
X160-G028-2D6A,sensor_interface_g028-2d6a,Legacy sealed sensor interface G028-2D6A,24,-20,75,discontinued
X170-G028-2D6A,sensor_interface_g028-2d6a,Logic-level sensor interface G028-2D6A,5,-10,50,active
X180-G028-2D6A,sensor_interface_g028-2d6a,Standard sensor interface G028-2D6A,24,-20,80,active
R200-G028-2D6A,power_relay_g028-2d6a,Standard power relay G028-2D6A,24,-20,70,active
R210-G028-2D6A,power_relay_g028-2d6a,Vibration-rated power relay G028-2D6A,24,-40,85,active
C300-G028-2D6A,connector_g028-2d6a,Five-volt keyed connector G028-2D6A,5,-20,70,active
X100-G029-5BD6,sensor_interface_g029-5bd6,Field sensor interface G029-5BD6,24,-20,80,active
X110-G029-5BD6,sensor_interface_g029-5bd6,Coated sensor interface G029-5BD6,24,-30,85,active
X120-G029-5BD6,sensor_interface_g029-5bd6,Low-voltage sensor interface G029-5BD6,12,-20,70,active
X130-G029-5BD6,sensor_interface_g029-5bd6,Indoor sensor interface G029-5BD6,24,0,60,active
X140-G029-5BD6,sensor_interface_g029-5bd6,Extended-temperature interface G029-5BD6,24,-40,105,active
X150-G029-5BD6,sensor_interface_g029-5bd6,High-voltage sensor interface G029-5BD6,48,-20,80,active
X160-G029-5BD6,sensor_interface_g029-5bd6,Legacy sealed sensor interface G029-5BD6,24,-20,75,discontinued
X170-G029-5BD6,sensor_interface_g029-5bd6,Logic-level sensor interface G029-5BD6,5,-10,50,active
X180-G029-5BD6,sensor_interface_g029-5bd6,Standard sensor interface G029-5BD6,24,-20,80,active
R200-G029-5BD6,power_relay_g029-5bd6,Standard power relay G029-5BD6,24,-20,70,active
R210-G029-5BD6,power_relay_g029-5bd6,Vibration-rated power relay G029-5BD6,24,-40,85,active
C300-G029-5BD6,connector_g029-5bd6,Five-volt keyed connector G029-5BD6,5,-20,70,active
X100-G030-68E1,sensor_interface_g030-68e1,Field sensor interface G030-68E1,24,-20,80,active
X110-G030-68E1,sensor_interface_g030-68e1,Coated sensor interface G030-68E1,24,-30,85,active
X120-G030-68E1,sensor_interface_g030-68e1,Low-voltage sensor interface G030-68E1,12,-20,70,active
X130-G030-68E1,sensor_interface_g030-68e1,Indoor sensor interface G030-68E1,24,0,60,active
X140-G030-68E1,sensor_interface_g030-68e1,Extended-temperature interface G030-68E1,24,-40,105,active
X150-G030-68E1,sensor_interface_g030-68e1,High-voltage sensor interface G030-68E1,48,-20,80,active
X160-G030-68E1,sensor_interface_g030-68e1,Legacy sealed sensor interface G030-68E1,24,-20,75,discontinued
X170-G030-68E1,sensor_interface_g030-68e1,Logic-level sensor interface G030-68E1,5,-10,50,active
X180-G030-68E1,sensor_interface_g030-68e1,Standard sensor interface G030-68E1,24,-20,80,active
R200-G030-68E1,power_relay_g030-68e1,Standard power relay G030-68E1,24,-20,70,active
R210-G030-68E1,power_relay_g030-68e1,Vibration-rated power relay G030-68E1,24,-40,85,active
C300-G030-68E1,connector_g030-68e1,Five-volt keyed connector G030-68E1,5,-20,70,active
X100-G031-ABCB,sensor_interface_g031-abcb,Field sensor interface G031-ABCB,24,-20,80,active
X110-G031-ABCB,sensor_interface_g031-abcb,Coated sensor interface G031-ABCB,24,-30,85,active
X120-G031-ABCB,sensor_interface_g031-abcb,Low-voltage sensor interface G031-ABCB,12,-20,70,active
X130-G031-ABCB,sensor_interface_g031-abcb,Indoor sensor interface G031-ABCB,24,0,60,active
X140-G031-ABCB,sensor_interface_g031-abcb,Extended-temperature interface G031-ABCB,24,-40,105,active
X150-G031-ABCB,sensor_interface_g031-abcb,High-voltage sensor interface G031-ABCB,48,-20,80,active
X160-G031-ABCB,sensor_interface_g031-abcb,Legacy sealed sensor interface G031-ABCB,24,-20,75,discontinued
X170-G031-ABCB,sensor_interface_g031-abcb,Logic-level sensor interface G031-ABCB,5,-10,50,active
X180-G031-ABCB,sensor_interface_g031-abcb,Standard sensor interface G031-ABCB,24,-20,80,active
R200-G031-ABCB,power_relay_g031-abcb,Standard power relay G031-ABCB,24,-20,70,active
R210-G031-ABCB,power_relay_g031-abcb,Vibration-rated power relay G031-ABCB,24,-40,85,active
C300-G031-ABCB,connector_g031-abcb,Five-volt keyed connector G031-ABCB,5,-20,70,active
X100-G032-E645,sensor_interface_g032-e645,Field sensor interface G032-E645,24,-20,80,active
X110-G032-E645,sensor_interface_g032-e645,Coated sensor interface G032-E645,24,-30,85,active
X120-G032-E645,sensor_interface_g032-e645,Low-voltage sensor interface G032-E645,12,-20,70,active
X130-G032-E645,sensor_interface_g032-e645,Indoor sensor interface G032-E645,24,0,60,active
X140-G032-E645,sensor_interface_g032-e645,Extended-temperature interface G032-E645,24,-40,105,active
X150-G032-E645,sensor_interface_g032-e645,High-voltage sensor interface G032-E645,48,-20,80,active
X160-G032-E645,sensor_interface_g032-e645,Legacy sealed sensor interface G032-E645,24,-20,75,discontinued
X170-G032-E645,sensor_interface_g032-e645,Logic-level sensor interface G032-E645,5,-10,50,active
X180-G032-E645,sensor_interface_g032-e645,Standard sensor interface G032-E645,24,-20,80,active
R200-G032-E645,power_relay_g032-e645,Standard power relay G032-E645,24,-20,70,active
R210-G032-E645,power_relay_g032-e645,Vibration-rated power relay G032-E645,24,-40,85,active
C300-G032-E645,connector_g032-e645,Five-volt keyed connector G032-E645,5,-20,70,active
X100-G033-4DD9,sensor_interface_g033-4dd9,Field sensor interface G033-4DD9,24,-20,80,active
X110-G033-4DD9,sensor_interface_g033-4dd9,Coated sensor interface G033-4DD9,24,-30,85,active
X120-G033-4DD9,sensor_interface_g033-4dd9,Low-voltage sensor interface G033-4DD9,12,-20,70,active
X130-G033-4DD9,sensor_interface_g033-4dd9,Indoor sensor interface G033-4DD9,24,0,60,active
X140-G033-4DD9,sensor_interface_g033-4dd9,Extended-temperature interface G033-4DD9,24,-40,105,active
X150-G033-4DD9,sensor_interface_g033-4dd9,High-voltage sensor interface G033-4DD9,48,-20,80,active
X160-G033-4DD9,sensor_interface_g033-4dd9,Legacy sealed sensor interface G033-4DD9,24,-20,75,discontinued
X170-G033-4DD9,sensor_interface_g033-4dd9,Logic-level sensor interface G033-4DD9,5,-10,50,active
X180-G033-4DD9,sensor_interface_g033-4dd9,Standard sensor interface G033-4DD9,24,-20,80,active
R200-G033-4DD9,power_relay_g033-4dd9,Standard power relay G033-4DD9,24,-20,70,active
R210-G033-4DD9,power_relay_g033-4dd9,Vibration-rated power relay G033-4DD9,24,-40,85,active
C300-G033-4DD9,connector_g033-4dd9,Five-volt keyed connector G033-4DD9,5,-20,70,active
X100-G034-4459,sensor_interface_g034-4459,Field sensor interface G034-4459,24,-20,80,active
X110-G034-4459,sensor_interface_g034-4459,Coated sensor interface G034-4459,24,-30,85,active
X120-G034-4459,sensor_interface_g034-4459,Low-voltage sensor interface G034-4459,12,-20,70,active
X130-G034-4459,sensor_interface_g034-4459,Indoor sensor interface G034-4459,24,0,60,active
X140-G034-4459,sensor_interface_g034-4459,Extended-temperature interface G034-4459,24,-40,105,active
X150-G034-4459,sensor_interface_g034-4459,High-voltage sensor interface G034-4459,48,-20,80,active
X160-G034-4459,sensor_interface_g034-4459,Legacy sealed sensor interface G034-4459,24,-20,75,discontinued
X170-G034-4459,sensor_interface_g034-4459,Logic-level sensor interface G034-4459,5,-10,50,active
X180-G034-4459,sensor_interface_g034-4459,Standard sensor interface G034-4459,24,-20,80,active
R200-G034-4459,power_relay_g034-4459,Standard power relay G034-4459,24,-20,70,active
R210-G034-4459,power_relay_g034-4459,Vibration-rated power relay G034-4459,24,-40,85,active
C300-G034-4459,connector_g034-4459,Five-volt keyed connector G034-4459,5,-20,70,active
X100-G035-66B9,sensor_interface_g035-66b9,Field sensor interface G035-66B9,24,-20,80,active
X110-G035-66B9,sensor_interface_g035-66b9,Coated sensor interface G035-66B9,24,-30,85,active
X120-G035-66B9,sensor_interface_g035-66b9,Low-voltage sensor interface G035-66B9,12,-20,70,active
X130-G035-66B9,sensor_interface_g035-66b9,Indoor sensor interface G035-66B9,24,0,60,active
X140-G035-66B9,sensor_interface_g035-66b9,Extended-temperature interface G035-66B9,24,-40,105,active
X150-G035-66B9,sensor_interface_g035-66b9,High-voltage sensor interface G035-66B9,48,-20,80,active
X160-G035-66B9,sensor_interface_g035-66b9,Legacy sealed sensor interface G035-66B9,24,-20,75,discontinued
X170-G035-66B9,sensor_interface_g035-66b9,Logic-level sensor interface G035-66B9,5,-10,50,active
X180-G035-66B9,sensor_interface_g035-66b9,Standard sensor interface G035-66B9,24,-20,80,active
R200-G035-66B9,power_relay_g035-66b9,Standard power relay G035-66B9,24,-20,70,active
R210-G035-66B9,power_relay_g035-66b9,Vibration-rated power relay G035-66B9,24,-40,85,active
C300-G035-66B9,connector_g035-66b9,Five-volt keyed connector G035-66B9,5,-20,70,active
X100-G036-00AB,sensor_interface_g036-00ab,Field sensor interface G036-00AB,24,-20,80,active
X110-G036-00AB,sensor_interface_g036-00ab,Coated sensor interface G036-00AB,24,-30,85,active
X120-G036-00AB,sensor_interface_g036-00ab,Low-voltage sensor interface G036-00AB,12,-20,70,active
X130-G036-00AB,sensor_interface_g036-00ab,Indoor sensor interface G036-00AB,24,0,60,active
X140-G036-00AB,sensor_interface_g036-00ab,Extended-temperature interface G036-00AB,24,-40,105,active
X150-G036-00AB,sensor_interface_g036-00ab,High-voltage sensor interface G036-00AB,48,-20,80,active
X160-G036-00AB,sensor_interface_g036-00ab,Legacy sealed sensor interface G036-00AB,24,-20,75,discontinued
X170-G036-00AB,sensor_interface_g036-00ab,Logic-level sensor interface G036-00AB,5,-10,50,active
X180-G036-00AB,sensor_interface_g036-00ab,Standard sensor interface G036-00AB,24,-20,80,active
R200-G036-00AB,power_relay_g036-00ab,Standard power relay G036-00AB,24,-20,70,active
R210-G036-00AB,power_relay_g036-00ab,Vibration-rated power relay G036-00AB,24,-40,85,active
C300-G036-00AB,connector_g036-00ab,Five-volt keyed connector G036-00AB,5,-20,70,active
X100-G037-D16D,sensor_interface_g037-d16d,Field sensor interface G037-D16D,24,-20,80,active
X110-G037-D16D,sensor_interface_g037-d16d,Coated sensor interface G037-D16D,24,-30,85,active
X120-G037-D16D,sensor_interface_g037-d16d,Low-voltage sensor interface G037-D16D,12,-20,70,active
X130-G037-D16D,sensor_interface_g037-d16d,Indoor sensor interface G037-D16D,24,0,60,active
X140-G037-D16D,sensor_interface_g037-d16d,Extended-temperature interface G037-D16D,24,-40,105,active
X150-G037-D16D,sensor_interface_g037-d16d,High-voltage sensor interface G037-D16D,48,-20,80,active
X160-G037-D16D,sensor_interface_g037-d16d,Legacy sealed sensor interface G037-D16D,24,-20,75,discontinued
X170-G037-D16D,sensor_interface_g037-d16d,Logic-level sensor interface G037-D16D,5,-10,50,active
X180-G037-D16D,sensor_interface_g037-d16d,Standard sensor interface G037-D16D,24,-20,80,active
R200-G037-D16D,power_relay_g037-d16d,Standard power relay G037-D16D,24,-20,70,active
R210-G037-D16D,power_relay_g037-d16d,Vibration-rated power relay G037-D16D,24,-40,85,active
C300-G037-D16D,connector_g037-d16d,Five-volt keyed connector G037-D16D,5,-20,70,active
X100-G038-4178,sensor_interface_g038-4178,Field sensor interface G038-4178,24,-20,80,active
X110-G038-4178,sensor_interface_g038-4178,Coated sensor interface G038-4178,24,-30,85,active
X120-G038-4178,sensor_interface_g038-4178,Low-voltage sensor interface G038-4178,12,-20,70,active
X130-G038-4178,sensor_interface_g038-4178,Indoor sensor interface G038-4178,24,0,60,active
X140-G038-4178,sensor_interface_g038-4178,Extended-temperature interface G038-4178,24,-40,105,active
X150-G038-4178,sensor_interface_g038-4178,High-voltage sensor interface G038-4178,48,-20,80,active
X160-G038-4178,sensor_interface_g038-4178,Legacy sealed sensor interface G038-4178,24,-20,75,discontinued
X170-G038-4178,sensor_interface_g038-4178,Logic-level sensor interface G038-4178,5,-10,50,active
X180-G038-4178,sensor_interface_g038-4178,Standard sensor interface G038-4178,24,-20,80,active
R200-G038-4178,power_relay_g038-4178,Standard power relay G038-4178,24,-20,70,active
R210-G038-4178,power_relay_g038-4178,Vibration-rated power relay G038-4178,24,-40,85,active
C300-G038-4178,connector_g038-4178,Five-volt keyed connector G038-4178,5,-20,70,active
X100-G039-1544,sensor_interface_g039-1544,Field sensor interface G039-1544,24,-20,80,active
X110-G039-1544,sensor_interface_g039-1544,Coated sensor interface G039-1544,24,-30,85,active
X120-G039-1544,sensor_interface_g039-1544,Low-voltage sensor interface G039-1544,12,-20,70,active
X130-G039-1544,sensor_interface_g039-1544,Indoor sensor interface G039-1544,24,0,60,active
X140-G039-1544,sensor_interface_g039-1544,Extended-temperature interface G039-1544,24,-40,105,active
X150-G039-1544,sensor_interface_g039-1544,High-voltage sensor interface G039-1544,48,-20,80,active
X160-G039-1544,sensor_interface_g039-1544,Legacy sealed sensor interface G039-1544,24,-20,75,discontinued
X170-G039-1544,sensor_interface_g039-1544,Logic-level sensor interface G039-1544,5,-10,50,active
X180-G039-1544,sensor_interface_g039-1544,Standard sensor interface G039-1544,24,-20,80,active
R200-G039-1544,power_relay_g039-1544,Standard power relay G039-1544,24,-20,70,active
R210-G039-1544,power_relay_g039-1544,Vibration-rated power relay G039-1544,24,-40,85,active
C300-G039-1544,connector_g039-1544,Five-volt keyed connector G039-1544,5,-20,70,active
X100-G040-9B06,sensor_interface_g040-9b06,Field sensor interface G040-9B06,24,-20,80,active
X110-G040-9B06,sensor_interface_g040-9b06,Coated sensor interface G040-9B06,24,-30,85,active
X120-G040-9B06,sensor_interface_g040-9b06,Low-voltage sensor interface G040-9B06,12,-20,70,active
X130-G040-9B06,sensor_interface_g040-9b06,Indoor sensor interface G040-9B06,24,0,60,active
X140-G040-9B06,sensor_interface_g040-9b06,Extended-temperature interface G040-9B06,24,-40,105,active
X150-G040-9B06,sensor_interface_g040-9b06,High-voltage sensor interface G040-9B06,48,-20,80,active
X160-G040-9B06,sensor_interface_g040-9b06,Legacy sealed sensor interface G040-9B06,24,-20,75,discontinued
X170-G040-9B06,sensor_interface_g040-9b06,Logic-level sensor interface G040-9B06,5,-10,50,active
X180-G040-9B06,sensor_interface_g040-9b06,Standard sensor interface G040-9B06,24,-20,80,active
R200-G040-9B06,power_relay_g040-9b06,Standard power relay G040-9B06,24,-20,70,active
R210-G040-9B06,power_relay_g040-9b06,Vibration-rated power relay G040-9B06,24,-40,85,active
C300-G040-9B06,connector_g040-9b06,Five-volt keyed connector G040-9B06,5,-20,70,active
X100-G041-6F5B,sensor_interface_g041-6f5b,Field sensor interface G041-6F5B,24,-20,80,active
X110-G041-6F5B,sensor_interface_g041-6f5b,Coated sensor interface G041-6F5B,24,-30,85,active
X120-G041-6F5B,sensor_interface_g041-6f5b,Low-voltage sensor interface G041-6F5B,12,-20,70,active
X130-G041-6F5B,sensor_interface_g041-6f5b,Indoor sensor interface G041-6F5B,24,0,60,active
X140-G041-6F5B,sensor_interface_g041-6f5b,Extended-temperature interface G041-6F5B,24,-40,105,active
X150-G041-6F5B,sensor_interface_g041-6f5b,High-voltage sensor interface G041-6F5B,48,-20,80,active
X160-G041-6F5B,sensor_interface_g041-6f5b,Legacy sealed sensor interface G041-6F5B,24,-20,75,discontinued
X170-G041-6F5B,sensor_interface_g041-6f5b,Logic-level sensor interface G041-6F5B,5,-10,50,active
X180-G041-6F5B,sensor_interface_g041-6f5b,Standard sensor interface G041-6F5B,24,-20,80,active
R200-G041-6F5B,power_relay_g041-6f5b,Standard power relay G041-6F5B,24,-20,70,active
R210-G041-6F5B,power_relay_g041-6f5b,Vibration-rated power relay G041-6F5B,24,-40,85,active
C300-G041-6F5B,connector_g041-6f5b,Five-volt keyed connector G041-6F5B,5,-20,70,active
X100-G042-0ED0,sensor_interface_g042-0ed0,Field sensor interface G042-0ED0,24,-20,80,active
X110-G042-0ED0,sensor_interface_g042-0ed0,Coated sensor interface G042-0ED0,24,-30,85,active
X120-G042-0ED0,sensor_interface_g042-0ed0,Low-voltage sensor interface G042-0ED0,12,-20,70,active
X130-G042-0ED0,sensor_interface_g042-0ed0,Indoor sensor interface G042-0ED0,24,0,60,active
X140-G042-0ED0,sensor_interface_g042-0ed0,Extended-temperature interface G042-0ED0,24,-40,105,active
X150-G042-0ED0,sensor_interface_g042-0ed0,High-voltage sensor interface G042-0ED0,48,-20,80,active
X160-G042-0ED0,sensor_interface_g042-0ed0,Legacy sealed sensor interface G042-0ED0,24,-20,75,discontinued
X170-G042-0ED0,sensor_interface_g042-0ed0,Logic-level sensor interface G042-0ED0,5,-10,50,active
X180-G042-0ED0,sensor_interface_g042-0ed0,Standard sensor interface G042-0ED0,24,-20,80,active
R200-G042-0ED0,power_relay_g042-0ed0,Standard power relay G042-0ED0,24,-20,70,active
R210-G042-0ED0,power_relay_g042-0ed0,Vibration-rated power relay G042-0ED0,24,-40,85,active
C300-G042-0ED0,connector_g042-0ed0,Five-volt keyed connector G042-0ED0,5,-20,70,active
X100-G043-B37D,sensor_interface_g043-b37d,Field sensor interface G043-B37D,24,-20,80,active
X110-G043-B37D,sensor_interface_g043-b37d,Coated sensor interface G043-B37D,24,-30,85,active
X120-G043-B37D,sensor_interface_g043-b37d,Low-voltage sensor interface G043-B37D,12,-20,70,active
X130-G043-B37D,sensor_interface_g043-b37d,Indoor sensor interface G043-B37D,24,0,60,active
X140-G043-B37D,sensor_interface_g043-b37d,Extended-temperature interface G043-B37D,24,-40,105,active
X150-G043-B37D,sensor_interface_g043-b37d,High-voltage sensor interface G043-B37D,48,-20,80,active
X160-G043-B37D,sensor_interface_g043-b37d,Legacy sealed sensor interface G043-B37D,24,-20,75,discontinued
X170-G043-B37D,sensor_interface_g043-b37d,Logic-level sensor interface G043-B37D,5,-10,50,active
X180-G043-B37D,sensor_interface_g043-b37d,Standard sensor interface G043-B37D,24,-20,80,active
R200-G043-B37D,power_relay_g043-b37d,Standard power relay G043-B37D,24,-20,70,active
R210-G043-B37D,power_relay_g043-b37d,Vibration-rated power relay G043-B37D,24,-40,85,active
C300-G043-B37D,connector_g043-b37d,Five-volt keyed connector G043-B37D,5,-20,70,active
X100-G044-D85B,sensor_interface_g044-d85b,Field sensor interface G044-D85B,24,-20,80,active
X110-G044-D85B,sensor_interface_g044-d85b,Coated sensor interface G044-D85B,24,-30,85,active
X120-G044-D85B,sensor_interface_g044-d85b,Low-voltage sensor interface G044-D85B,12,-20,70,active
X130-G044-D85B,sensor_interface_g044-d85b,Indoor sensor interface G044-D85B,24,0,60,active
X140-G044-D85B,sensor_interface_g044-d85b,Extended-temperature interface G044-D85B,24,-40,105,active
X150-G044-D85B,sensor_interface_g044-d85b,High-voltage sensor interface G044-D85B,48,-20,80,active
X160-G044-D85B,sensor_interface_g044-d85b,Legacy sealed sensor interface G044-D85B,24,-20,75,discontinued
X170-G044-D85B,sensor_interface_g044-d85b,Logic-level sensor interface G044-D85B,5,-10,50,active
X180-G044-D85B,sensor_interface_g044-d85b,Standard sensor interface G044-D85B,24,-20,80,active
R200-G044-D85B,power_relay_g044-d85b,Standard power relay G044-D85B,24,-20,70,active
R210-G044-D85B,power_relay_g044-d85b,Vibration-rated power relay G044-D85B,24,-40,85,active
C300-G044-D85B,connector_g044-d85b,Five-volt keyed connector G044-D85B,5,-20,70,active
X100-G045-B000,sensor_interface_g045-b000,Field sensor interface G045-B000,24,-20,80,active
X110-G045-B000,sensor_interface_g045-b000,Coated sensor interface G045-B000,24,-30,85,active
X120-G045-B000,sensor_interface_g045-b000,Low-voltage sensor interface G045-B000,12,-20,70,active
X130-G045-B000,sensor_interface_g045-b000,Indoor sensor interface G045-B000,24,0,60,active
X140-G045-B000,sensor_interface_g045-b000,Extended-temperature interface G045-B000,24,-40,105,active
X150-G045-B000,sensor_interface_g045-b000,High-voltage sensor interface G045-B000,48,-20,80,active
X160-G045-B000,sensor_interface_g045-b000,Legacy sealed sensor interface G045-B000,24,-20,75,discontinued
X170-G045-B000,sensor_interface_g045-b000,Logic-level sensor interface G045-B000,5,-10,50,active
X180-G045-B000,sensor_interface_g045-b000,Standard sensor interface G045-B000,24,-20,80,active
R200-G045-B000,power_relay_g045-b000,Standard power relay G045-B000,24,-20,70,active
R210-G045-B000,power_relay_g045-b000,Vibration-rated power relay G045-B000,24,-40,85,active
C300-G045-B000,connector_g045-b000,Five-volt keyed connector G045-B000,5,-20,70,active
X100-G046-8384,sensor_interface_g046-8384,Field sensor interface G046-8384,24,-20,80,active
X110-G046-8384,sensor_interface_g046-8384,Coated sensor interface G046-8384,24,-30,85,active
X120-G046-8384,sensor_interface_g046-8384,Low-voltage sensor interface G046-8384,12,-20,70,active
X130-G046-8384,sensor_interface_g046-8384,Indoor sensor interface G046-8384,24,0,60,active
X140-G046-8384,sensor_interface_g046-8384,Extended-temperature interface G046-8384,24,-40,105,active
X150-G046-8384,sensor_interface_g046-8384,High-voltage sensor interface G046-8384,48,-20,80,active
X160-G046-8384,sensor_interface_g046-8384,Legacy sealed sensor interface G046-8384,24,-20,75,discontinued
X170-G046-8384,sensor_interface_g046-8384,Logic-level sensor interface G046-8384,5,-10,50,active
X180-G046-8384,sensor_interface_g046-8384,Standard sensor interface G046-8384,24,-20,80,active
R200-G046-8384,power_relay_g046-8384,Standard power relay G046-8384,24,-20,70,active
R210-G046-8384,power_relay_g046-8384,Vibration-rated power relay G046-8384,24,-40,85,active
C300-G046-8384,connector_g046-8384,Five-volt keyed connector G046-8384,5,-20,70,active
X100-G047-E3F2,sensor_interface_g047-e3f2,Field sensor interface G047-E3F2,24,-20,80,active
X110-G047-E3F2,sensor_interface_g047-e3f2,Coated sensor interface G047-E3F2,24,-30,85,active
X120-G047-E3F2,sensor_interface_g047-e3f2,Low-voltage sensor interface G047-E3F2,12,-20,70,active
X130-G047-E3F2,sensor_interface_g047-e3f2,Indoor sensor interface G047-E3F2,24,0,60,active
X140-G047-E3F2,sensor_interface_g047-e3f2,Extended-temperature interface G047-E3F2,24,-40,105,active
X150-G047-E3F2,sensor_interface_g047-e3f2,High-voltage sensor interface G047-E3F2,48,-20,80,active
X160-G047-E3F2,sensor_interface_g047-e3f2,Legacy sealed sensor interface G047-E3F2,24,-20,75,discontinued
X170-G047-E3F2,sensor_interface_g047-e3f2,Logic-level sensor interface G047-E3F2,5,-10,50,active
X180-G047-E3F2,sensor_interface_g047-e3f2,Standard sensor interface G047-E3F2,24,-20,80,active
R200-G047-E3F2,power_relay_g047-e3f2,Standard power relay G047-E3F2,24,-20,70,active
R210-G047-E3F2,power_relay_g047-e3f2,Vibration-rated power relay G047-E3F2,24,-40,85,active
C300-G047-E3F2,connector_g047-e3f2,Five-volt keyed connector G047-E3F2,5,-20,70,active
X100-G048-6FBA,sensor_interface_g048-6fba,Field sensor interface G048-6FBA,24,-20,80,active
X110-G048-6FBA,sensor_interface_g048-6fba,Coated sensor interface G048-6FBA,24,-30,85,active
X120-G048-6FBA,sensor_interface_g048-6fba,Low-voltage sensor interface G048-6FBA,12,-20,70,active
X130-G048-6FBA,sensor_interface_g048-6fba,Indoor sensor interface G048-6FBA,24,0,60,active
X140-G048-6FBA,sensor_interface_g048-6fba,Extended-temperature interface G048-6FBA,24,-40,105,active
X150-G048-6FBA,sensor_interface_g048-6fba,High-voltage sensor interface G048-6FBA,48,-20,80,active
X160-G048-6FBA,sensor_interface_g048-6fba,Legacy sealed sensor interface G048-6FBA,24,-20,75,discontinued
X170-G048-6FBA,sensor_interface_g048-6fba,Logic-level sensor interface G048-6FBA,5,-10,50,active
X180-G048-6FBA,sensor_interface_g048-6fba,Standard sensor interface G048-6FBA,24,-20,80,active
R200-G048-6FBA,power_relay_g048-6fba,Standard power relay G048-6FBA,24,-20,70,active
R210-G048-6FBA,power_relay_g048-6fba,Vibration-rated power relay G048-6FBA,24,-40,85,active
C300-G048-6FBA,connector_g048-6fba,Five-volt keyed connector G048-6FBA,5,-20,70,active
X100-G049-B19A,sensor_interface_g049-b19a,Field sensor interface G049-B19A,24,-20,80,active
X110-G049-B19A,sensor_interface_g049-b19a,Coated sensor interface G049-B19A,24,-30,85,active
X120-G049-B19A,sensor_interface_g049-b19a,Low-voltage sensor interface G049-B19A,12,-20,70,active
X130-G049-B19A,sensor_interface_g049-b19a,Indoor sensor interface G049-B19A,24,0,60,active
X140-G049-B19A,sensor_interface_g049-b19a,Extended-temperature interface G049-B19A,24,-40,105,active
X150-G049-B19A,sensor_interface_g049-b19a,High-voltage sensor interface G049-B19A,48,-20,80,active
X160-G049-B19A,sensor_interface_g049-b19a,Legacy sealed sensor interface G049-B19A,24,-20,75,discontinued
X170-G049-B19A,sensor_interface_g049-b19a,Logic-level sensor interface G049-B19A,5,-10,50,active
X180-G049-B19A,sensor_interface_g049-b19a,Standard sensor interface G049-B19A,24,-20,80,active
R200-G049-B19A,power_relay_g049-b19a,Standard power relay G049-B19A,24,-20,70,active
R210-G049-B19A,power_relay_g049-b19a,Vibration-rated power relay G049-B19A,24,-40,85,active
C300-G049-B19A,connector_g049-b19a,Five-volt keyed connector G049-B19A,5,-20,70,active
X100-G050-9778,sensor_interface_g050-9778,Field sensor interface G050-9778,24,-20,80,active
X110-G050-9778,sensor_interface_g050-9778,Coated sensor interface G050-9778,24,-30,85,active
X120-G050-9778,sensor_interface_g050-9778,Low-voltage sensor interface G050-9778,12,-20,70,active
X130-G050-9778,sensor_interface_g050-9778,Indoor sensor interface G050-9778,24,0,60,active
X140-G050-9778,sensor_interface_g050-9778,Extended-temperature interface G050-9778,24,-40,105,active
X150-G050-9778,sensor_interface_g050-9778,High-voltage sensor interface G050-9778,48,-20,80,active
X160-G050-9778,sensor_interface_g050-9778,Legacy sealed sensor interface G050-9778,24,-20,75,discontinued
X170-G050-9778,sensor_interface_g050-9778,Logic-level sensor interface G050-9778,5,-10,50,active
X180-G050-9778,sensor_interface_g050-9778,Standard sensor interface G050-9778,24,-20,80,active
R200-G050-9778,power_relay_g050-9778,Standard power relay G050-9778,24,-20,70,active
R210-G050-9778,power_relay_g050-9778,Vibration-rated power relay G050-9778,24,-40,85,active
C300-G050-9778,connector_g050-9778,Five-volt keyed connector G050-9778,5,-20,70,active
X100-G051-DE0D,sensor_interface_g051-de0d,Field sensor interface G051-DE0D,24,-20,80,active
X110-G051-DE0D,sensor_interface_g051-de0d,Coated sensor interface G051-DE0D,24,-30,85,active
X120-G051-DE0D,sensor_interface_g051-de0d,Low-voltage sensor interface G051-DE0D,12,-20,70,active
X130-G051-DE0D,sensor_interface_g051-de0d,Indoor sensor interface G051-DE0D,24,0,60,active
X140-G051-DE0D,sensor_interface_g051-de0d,Extended-temperature interface G051-DE0D,24,-40,105,active
X150-G051-DE0D,sensor_interface_g051-de0d,High-voltage sensor interface G051-DE0D,48,-20,80,active
X160-G051-DE0D,sensor_interface_g051-de0d,Legacy sealed sensor interface G051-DE0D,24,-20,75,discontinued
X170-G051-DE0D,sensor_interface_g051-de0d,Logic-level sensor interface G051-DE0D,5,-10,50,active
X180-G051-DE0D,sensor_interface_g051-de0d,Standard sensor interface G051-DE0D,24,-20,80,active
R200-G051-DE0D,power_relay_g051-de0d,Standard power relay G051-DE0D,24,-20,70,active
R210-G051-DE0D,power_relay_g051-de0d,Vibration-rated power relay G051-DE0D,24,-40,85,active
C300-G051-DE0D,connector_g051-de0d,Five-volt keyed connector G051-DE0D,5,-20,70,active
X100-G052-B5C6,sensor_interface_g052-b5c6,Field sensor interface G052-B5C6,24,-20,80,active
X110-G052-B5C6,sensor_interface_g052-b5c6,Coated sensor interface G052-B5C6,24,-30,85,active
X120-G052-B5C6,sensor_interface_g052-b5c6,Low-voltage sensor interface G052-B5C6,12,-20,70,active
X130-G052-B5C6,sensor_interface_g052-b5c6,Indoor sensor interface G052-B5C6,24,0,60,active
X140-G052-B5C6,sensor_interface_g052-b5c6,Extended-temperature interface G052-B5C6,24,-40,105,active
X150-G052-B5C6,sensor_interface_g052-b5c6,High-voltage sensor interface G052-B5C6,48,-20,80,active
X160-G052-B5C6,sensor_interface_g052-b5c6,Legacy sealed sensor interface G052-B5C6,24,-20,75,discontinued
X170-G052-B5C6,sensor_interface_g052-b5c6,Logic-level sensor interface G052-B5C6,5,-10,50,active
X180-G052-B5C6,sensor_interface_g052-b5c6,Standard sensor interface G052-B5C6,24,-20,80,active
R200-G052-B5C6,power_relay_g052-b5c6,Standard power relay G052-B5C6,24,-20,70,active
R210-G052-B5C6,power_relay_g052-b5c6,Vibration-rated power relay G052-B5C6,24,-40,85,active
C300-G052-B5C6,connector_g052-b5c6,Five-volt keyed connector G052-B5C6,5,-20,70,active
X100-G053-21DC,sensor_interface_g053-21dc,Field sensor interface G053-21DC,24,-20,80,active
X110-G053-21DC,sensor_interface_g053-21dc,Coated sensor interface G053-21DC,24,-30,85,active
X120-G053-21DC,sensor_interface_g053-21dc,Low-voltage sensor interface G053-21DC,12,-20,70,active
X130-G053-21DC,sensor_interface_g053-21dc,Indoor sensor interface G053-21DC,24,0,60,active
X140-G053-21DC,sensor_interface_g053-21dc,Extended-temperature interface G053-21DC,24,-40,105,active
X150-G053-21DC,sensor_interface_g053-21dc,High-voltage sensor interface G053-21DC,48,-20,80,active
X160-G053-21DC,sensor_interface_g053-21dc,Legacy sealed sensor interface G053-21DC,24,-20,75,discontinued
X170-G053-21DC,sensor_interface_g053-21dc,Logic-level sensor interface G053-21DC,5,-10,50,active
X180-G053-21DC,sensor_interface_g053-21dc,Standard sensor interface G053-21DC,24,-20,80,active
R200-G053-21DC,power_relay_g053-21dc,Standard power relay G053-21DC,24,-20,70,active
R210-G053-21DC,power_relay_g053-21dc,Vibration-rated power relay G053-21DC,24,-40,85,active
C300-G053-21DC,connector_g053-21dc,Five-volt keyed connector G053-21DC,5,-20,70,active
X100-G054-8482,sensor_interface_g054-8482,Field sensor interface G054-8482,24,-20,80,active
X110-G054-8482,sensor_interface_g054-8482,Coated sensor interface G054-8482,24,-30,85,active
X120-G054-8482,sensor_interface_g054-8482,Low-voltage sensor interface G054-8482,12,-20,70,active
X130-G054-8482,sensor_interface_g054-8482,Indoor sensor interface G054-8482,24,0,60,active
X140-G054-8482,sensor_interface_g054-8482,Extended-temperature interface G054-8482,24,-40,105,active
X150-G054-8482,sensor_interface_g054-8482,High-voltage sensor interface G054-8482,48,-20,80,active
X160-G054-8482,sensor_interface_g054-8482,Legacy sealed sensor interface G054-8482,24,-20,75,discontinued
X170-G054-8482,sensor_interface_g054-8482,Logic-level sensor interface G054-8482,5,-10,50,active
X180-G054-8482,sensor_interface_g054-8482,Standard sensor interface G054-8482,24,-20,80,active
R200-G054-8482,power_relay_g054-8482,Standard power relay G054-8482,24,-20,70,active
R210-G054-8482,power_relay_g054-8482,Vibration-rated power relay G054-8482,24,-40,85,active
C300-G054-8482,connector_g054-8482,Five-volt keyed connector G054-8482,5,-20,70,active
X100-G055-25C1,sensor_interface_g055-25c1,Field sensor interface G055-25C1,24,-20,80,active
X110-G055-25C1,sensor_interface_g055-25c1,Coated sensor interface G055-25C1,24,-30,85,active
X120-G055-25C1,sensor_interface_g055-25c1,Low-voltage sensor interface G055-25C1,12,-20,70,active
X130-G055-25C1,sensor_interface_g055-25c1,Indoor sensor interface G055-25C1,24,0,60,active
X140-G055-25C1,sensor_interface_g055-25c1,Extended-temperature interface G055-25C1,24,-40,105,active
X150-G055-25C1,sensor_interface_g055-25c1,High-voltage sensor interface G055-25C1,48,-20,80,active
X160-G055-25C1,sensor_interface_g055-25c1,Legacy sealed sensor interface G055-25C1,24,-20,75,discontinued
X170-G055-25C1,sensor_interface_g055-25c1,Logic-level sensor interface G055-25C1,5,-10,50,active
X180-G055-25C1,sensor_interface_g055-25c1,Standard sensor interface G055-25C1,24,-20,80,active
R200-G055-25C1,power_relay_g055-25c1,Standard power relay G055-25C1,24,-20,70,active
R210-G055-25C1,power_relay_g055-25c1,Vibration-rated power relay G055-25C1,24,-40,85,active
C300-G055-25C1,connector_g055-25c1,Five-volt keyed connector G055-25C1,5,-20,70,active
X100-G056-5C18,sensor_interface_g056-5c18,Field sensor interface G056-5C18,24,-20,80,active
X110-G056-5C18,sensor_interface_g056-5c18,Coated sensor interface G056-5C18,24,-30,85,active
X120-G056-5C18,sensor_interface_g056-5c18,Low-voltage sensor interface G056-5C18,12,-20,70,active
X130-G056-5C18,sensor_interface_g056-5c18,Indoor sensor interface G056-5C18,24,0,60,active
X140-G056-5C18,sensor_interface_g056-5c18,Extended-temperature interface G056-5C18,24,-40,105,active
X150-G056-5C18,sensor_interface_g056-5c18,High-voltage sensor interface G056-5C18,48,-20,80,active
X160-G056-5C18,sensor_interface_g056-5c18,Legacy sealed sensor interface G056-5C18,24,-20,75,discontinued
X170-G056-5C18,sensor_interface_g056-5c18,Logic-level sensor interface G056-5C18,5,-10,50,active
X180-G056-5C18,sensor_interface_g056-5c18,Standard sensor interface G056-5C18,24,-20,80,active
R200-G056-5C18,power_relay_g056-5c18,Standard power relay G056-5C18,24,-20,70,active
R210-G056-5C18,power_relay_g056-5c18,Vibration-rated power relay G056-5C18,24,-40,85,active
C300-G056-5C18,connector_g056-5c18,Five-volt keyed connector G056-5C18,5,-20,70,active
X100-G057-8395,sensor_interface_g057-8395,Field sensor interface G057-8395,24,-20,80,active
X110-G057-8395,sensor_interface_g057-8395,Coated sensor interface G057-8395,24,-30,85,active
X120-G057-8395,sensor_interface_g057-8395,Low-voltage sensor interface G057-8395,12,-20,70,active
X130-G057-8395,sensor_interface_g057-8395,Indoor sensor interface G057-8395,24,0,60,active
X140-G057-8395,sensor_interface_g057-8395,Extended-temperature interface G057-8395,24,-40,105,active
X150-G057-8395,sensor_interface_g057-8395,High-voltage sensor interface G057-8395,48,-20,80,active
X160-G057-8395,sensor_interface_g057-8395,Legacy sealed sensor interface G057-8395,24,-20,75,discontinued
X170-G057-8395,sensor_interface_g057-8395,Logic-level sensor interface G057-8395,5,-10,50,active
X180-G057-8395,sensor_interface_g057-8395,Standard sensor interface G057-8395,24,-20,80,active
R200-G057-8395,power_relay_g057-8395,Standard power relay G057-8395,24,-20,70,active
R210-G057-8395,power_relay_g057-8395,Vibration-rated power relay G057-8395,24,-40,85,active
C300-G057-8395,connector_g057-8395,Five-volt keyed connector G057-8395,5,-20,70,active
X100-G058-E2B1,sensor_interface_g058-e2b1,Field sensor interface G058-E2B1,24,-20,80,active
X110-G058-E2B1,sensor_interface_g058-e2b1,Coated sensor interface G058-E2B1,24,-30,85,active
X120-G058-E2B1,sensor_interface_g058-e2b1,Low-voltage sensor interface G058-E2B1,12,-20,70,active
X130-G058-E2B1,sensor_interface_g058-e2b1,Indoor sensor interface G058-E2B1,24,0,60,active
X140-G058-E2B1,sensor_interface_g058-e2b1,Extended-temperature interface G058-E2B1,24,-40,105,active
X150-G058-E2B1,sensor_interface_g058-e2b1,High-voltage sensor interface G058-E2B1,48,-20,80,active
X160-G058-E2B1,sensor_interface_g058-e2b1,Legacy sealed sensor interface G058-E2B1,24,-20,75,discontinued
X170-G058-E2B1,sensor_interface_g058-e2b1,Logic-level sensor interface G058-E2B1,5,-10,50,active
X180-G058-E2B1,sensor_interface_g058-e2b1,Standard sensor interface G058-E2B1,24,-20,80,active
R200-G058-E2B1,power_relay_g058-e2b1,Standard power relay G058-E2B1,24,-20,70,active
R210-G058-E2B1,power_relay_g058-e2b1,Vibration-rated power relay G058-E2B1,24,-40,85,active
C300-G058-E2B1,connector_g058-e2b1,Five-volt keyed connector G058-E2B1,5,-20,70,active
X100-G059-F30A,sensor_interface_g059-f30a,Field sensor interface G059-F30A,24,-20,80,active
X110-G059-F30A,sensor_interface_g059-f30a,Coated sensor interface G059-F30A,24,-30,85,active
X120-G059-F30A,sensor_interface_g059-f30a,Low-voltage sensor interface G059-F30A,12,-20,70,active
X130-G059-F30A,sensor_interface_g059-f30a,Indoor sensor interface G059-F30A,24,0,60,active
X140-G059-F30A,sensor_interface_g059-f30a,Extended-temperature interface G059-F30A,24,-40,105,active
X150-G059-F30A,sensor_interface_g059-f30a,High-voltage sensor interface G059-F30A,48,-20,80,active
X160-G059-F30A,sensor_interface_g059-f30a,Legacy sealed sensor interface G059-F30A,24,-20,75,discontinued
X170-G059-F30A,sensor_interface_g059-f30a,Logic-level sensor interface G059-F30A,5,-10,50,active
X180-G059-F30A,sensor_interface_g059-f30a,Standard sensor interface G059-F30A,24,-20,80,active
R200-G059-F30A,power_relay_g059-f30a,Standard power relay G059-F30A,24,-20,70,active
R210-G059-F30A,power_relay_g059-f30a,Vibration-rated power relay G059-F30A,24,-40,85,active
C300-G059-F30A,connector_g059-f30a,Five-volt keyed connector G059-F30A,5,-20,70,active
X100-G060-1B62,sensor_interface_g060-1b62,Field sensor interface G060-1B62,24,-20,80,active
X110-G060-1B62,sensor_interface_g060-1b62,Coated sensor interface G060-1B62,24,-30,85,active
X120-G060-1B62,sensor_interface_g060-1b62,Low-voltage sensor interface G060-1B62,12,-20,70,active
X130-G060-1B62,sensor_interface_g060-1b62,Indoor sensor interface G060-1B62,24,0,60,active
X140-G060-1B62,sensor_interface_g060-1b62,Extended-temperature interface G060-1B62,24,-40,105,active
X150-G060-1B62,sensor_interface_g060-1b62,High-voltage sensor interface G060-1B62,48,-20,80,active
X160-G060-1B62,sensor_interface_g060-1b62,Legacy sealed sensor interface G060-1B62,24,-20,75,discontinued
X170-G060-1B62,sensor_interface_g060-1b62,Logic-level sensor interface G060-1B62,5,-10,50,active
X180-G060-1B62,sensor_interface_g060-1b62,Standard sensor interface G060-1B62,24,-20,80,active
R200-G060-1B62,power_relay_g060-1b62,Standard power relay G060-1B62,24,-20,70,active
R210-G060-1B62,power_relay_g060-1b62,Vibration-rated power relay G060-1B62,24,-40,85,active
C300-G060-1B62,connector_g060-1b62,Five-volt keyed connector G060-1B62,5,-20,70,active
X100-G061-3EAC,sensor_interface_g061-3eac,Field sensor interface G061-3EAC,24,-20,80,active
X110-G061-3EAC,sensor_interface_g061-3eac,Coated sensor interface G061-3EAC,24,-30,85,active
X120-G061-3EAC,sensor_interface_g061-3eac,Low-voltage sensor interface G061-3EAC,12,-20,70,active
X130-G061-3EAC,sensor_interface_g061-3eac,Indoor sensor interface G061-3EAC,24,0,60,active
X140-G061-3EAC,sensor_interface_g061-3eac,Extended-temperature interface G061-3EAC,24,-40,105,active
X150-G061-3EAC,sensor_interface_g061-3eac,High-voltage sensor interface G061-3EAC,48,-20,80,active
X160-G061-3EAC,sensor_interface_g061-3eac,Legacy sealed sensor interface G061-3EAC,24,-20,75,discontinued
X170-G061-3EAC,sensor_interface_g061-3eac,Logic-level sensor interface G061-3EAC,5,-10,50,active
X180-G061-3EAC,sensor_interface_g061-3eac,Standard sensor interface G061-3EAC,24,-20,80,active
R200-G061-3EAC,power_relay_g061-3eac,Standard power relay G061-3EAC,24,-20,70,active
R210-G061-3EAC,power_relay_g061-3eac,Vibration-rated power relay G061-3EAC,24,-40,85,active
C300-G061-3EAC,connector_g061-3eac,Five-volt keyed connector G061-3EAC,5,-20,70,active
X100-G062-06D9,sensor_interface_g062-06d9,Field sensor interface G062-06D9,24,-20,80,active
X110-G062-06D9,sensor_interface_g062-06d9,Coated sensor interface G062-06D9,24,-30,85,active
X120-G062-06D9,sensor_interface_g062-06d9,Low-voltage sensor interface G062-06D9,12,-20,70,active
X130-G062-06D9,sensor_interface_g062-06d9,Indoor sensor interface G062-06D9,24,0,60,active
X140-G062-06D9,sensor_interface_g062-06d9,Extended-temperature interface G062-06D9,24,-40,105,active
X150-G062-06D9,sensor_interface_g062-06d9,High-voltage sensor interface G062-06D9,48,-20,80,active
X160-G062-06D9,sensor_interface_g062-06d9,Legacy sealed sensor interface G062-06D9,24,-20,75,discontinued
X170-G062-06D9,sensor_interface_g062-06d9,Logic-level sensor interface G062-06D9,5,-10,50,active
X180-G062-06D9,sensor_interface_g062-06d9,Standard sensor interface G062-06D9,24,-20,80,active
R200-G062-06D9,power_relay_g062-06d9,Standard power relay G062-06D9,24,-20,70,active
R210-G062-06D9,power_relay_g062-06d9,Vibration-rated power relay G062-06D9,24,-40,85,active
C300-G062-06D9,connector_g062-06d9,Five-volt keyed connector G062-06D9,5,-20,70,active
X100-G063-9F23,sensor_interface_g063-9f23,Field sensor interface G063-9F23,24,-20,80,active
X110-G063-9F23,sensor_interface_g063-9f23,Coated sensor interface G063-9F23,24,-30,85,active
X120-G063-9F23,sensor_interface_g063-9f23,Low-voltage sensor interface G063-9F23,12,-20,70,active
X130-G063-9F23,sensor_interface_g063-9f23,Indoor sensor interface G063-9F23,24,0,60,active
X140-G063-9F23,sensor_interface_g063-9f23,Extended-temperature interface G063-9F23,24,-40,105,active
X150-G063-9F23,sensor_interface_g063-9f23,High-voltage sensor interface G063-9F23,48,-20,80,active
X160-G063-9F23,sensor_interface_g063-9f23,Legacy sealed sensor interface G063-9F23,24,-20,75,discontinued
X170-G063-9F23,sensor_interface_g063-9f23,Logic-level sensor interface G063-9F23,5,-10,50,active
X180-G063-9F23,sensor_interface_g063-9f23,Standard sensor interface G063-9F23,24,-20,80,active
R200-G063-9F23,power_relay_g063-9f23,Standard power relay G063-9F23,24,-20,70,active
R210-G063-9F23,power_relay_g063-9f23,Vibration-rated power relay G063-9F23,24,-40,85,active
C300-G063-9F23,connector_g063-9f23,Five-volt keyed connector G063-9F23,5,-20,70,active
X100-G064-220A,sensor_interface_g064-220a,Field sensor interface G064-220A,24,-20,80,active
X110-G064-220A,sensor_interface_g064-220a,Coated sensor interface G064-220A,24,-30,85,active
X120-G064-220A,sensor_interface_g064-220a,Low-voltage sensor interface G064-220A,12,-20,70,active
X130-G064-220A,sensor_interface_g064-220a,Indoor sensor interface G064-220A,24,0,60,active
X140-G064-220A,sensor_interface_g064-220a,Extended-temperature interface G064-220A,24,-40,105,active
X150-G064-220A,sensor_interface_g064-220a,High-voltage sensor interface G064-220A,48,-20,80,active
X160-G064-220A,sensor_interface_g064-220a,Legacy sealed sensor interface G064-220A,24,-20,75,discontinued
X170-G064-220A,sensor_interface_g064-220a,Logic-level sensor interface G064-220A,5,-10,50,active
X180-G064-220A,sensor_interface_g064-220a,Standard sensor interface G064-220A,24,-20,80,active
R200-G064-220A,power_relay_g064-220a,Standard power relay G064-220A,24,-20,70,active
R210-G064-220A,power_relay_g064-220a,Vibration-rated power relay G064-220A,24,-40,85,active
C300-G064-220A,connector_g064-220a,Five-volt keyed connector G064-220A,5,-20,70,active
X100-G065-9D46,sensor_interface_g065-9d46,Field sensor interface G065-9D46,24,-20,80,active
X110-G065-9D46,sensor_interface_g065-9d46,Coated sensor interface G065-9D46,24,-30,85,active
X120-G065-9D46,sensor_interface_g065-9d46,Low-voltage sensor interface G065-9D46,12,-20,70,active
X130-G065-9D46,sensor_interface_g065-9d46,Indoor sensor interface G065-9D46,24,0,60,active
X140-G065-9D46,sensor_interface_g065-9d46,Extended-temperature interface G065-9D46,24,-40,105,active
X150-G065-9D46,sensor_interface_g065-9d46,High-voltage sensor interface G065-9D46,48,-20,80,active
X160-G065-9D46,sensor_interface_g065-9d46,Legacy sealed sensor interface G065-9D46,24,-20,75,discontinued
X170-G065-9D46,sensor_interface_g065-9d46,Logic-level sensor interface G065-9D46,5,-10,50,active
X180-G065-9D46,sensor_interface_g065-9d46,Standard sensor interface G065-9D46,24,-20,80,active
R200-G065-9D46,power_relay_g065-9d46,Standard power relay G065-9D46,24,-20,70,active
R210-G065-9D46,power_relay_g065-9d46,Vibration-rated power relay G065-9D46,24,-40,85,active
C300-G065-9D46,connector_g065-9d46,Five-volt keyed connector G065-9D46,5,-20,70,active
X100-G066-D8C6,sensor_interface_g066-d8c6,Field sensor interface G066-D8C6,24,-20,80,active
X110-G066-D8C6,sensor_interface_g066-d8c6,Coated sensor interface G066-D8C6,24,-30,85,active
X120-G066-D8C6,sensor_interface_g066-d8c6,Low-voltage sensor interface G066-D8C6,12,-20,70,active
X130-G066-D8C6,sensor_interface_g066-d8c6,Indoor sensor interface G066-D8C6,24,0,60,active
X140-G066-D8C6,sensor_interface_g066-d8c6,Extended-temperature interface G066-D8C6,24,-40,105,active
X150-G066-D8C6,sensor_interface_g066-d8c6,High-voltage sensor interface G066-D8C6,48,-20,80,active
X160-G066-D8C6,sensor_interface_g066-d8c6,Legacy sealed sensor interface G066-D8C6,24,-20,75,discontinued
X170-G066-D8C6,sensor_interface_g066-d8c6,Logic-level sensor interface G066-D8C6,5,-10,50,active
X180-G066-D8C6,sensor_interface_g066-d8c6,Standard sensor interface G066-D8C6,24,-20,80,active
R200-G066-D8C6,power_relay_g066-d8c6,Standard power relay G066-D8C6,24,-20,70,active
R210-G066-D8C6,power_relay_g066-d8c6,Vibration-rated power relay G066-D8C6,24,-40,85,active
C300-G066-D8C6,connector_g066-d8c6,Five-volt keyed connector G066-D8C6,5,-20,70,active
X100-G067-C1D0,sensor_interface_g067-c1d0,Field sensor interface G067-C1D0,24,-20,80,active
X110-G067-C1D0,sensor_interface_g067-c1d0,Coated sensor interface G067-C1D0,24,-30,85,active
X120-G067-C1D0,sensor_interface_g067-c1d0,Low-voltage sensor interface G067-C1D0,12,-20,70,active
X130-G067-C1D0,sensor_interface_g067-c1d0,Indoor sensor interface G067-C1D0,24,0,60,active
X140-G067-C1D0,sensor_interface_g067-c1d0,Extended-temperature interface G067-C1D0,24,-40,105,active
X150-G067-C1D0,sensor_interface_g067-c1d0,High-voltage sensor interface G067-C1D0,48,-20,80,active
X160-G067-C1D0,sensor_interface_g067-c1d0,Legacy sealed sensor interface G067-C1D0,24,-20,75,discontinued
X170-G067-C1D0,sensor_interface_g067-c1d0,Logic-level sensor interface G067-C1D0,5,-10,50,active
X180-G067-C1D0,sensor_interface_g067-c1d0,Standard sensor interface G067-C1D0,24,-20,80,active
R200-G067-C1D0,power_relay_g067-c1d0,Standard power relay G067-C1D0,24,-20,70,active
R210-G067-C1D0,power_relay_g067-c1d0,Vibration-rated power relay G067-C1D0,24,-40,85,active
C300-G067-C1D0,connector_g067-c1d0,Five-volt keyed connector G067-C1D0,5,-20,70,active
X100-G068-0EDE,sensor_interface_g068-0ede,Field sensor interface G068-0EDE,24,-20,80,active
X110-G068-0EDE,sensor_interface_g068-0ede,Coated sensor interface G068-0EDE,24,-30,85,active
X120-G068-0EDE,sensor_interface_g068-0ede,Low-voltage sensor interface G068-0EDE,12,-20,70,active
X130-G068-0EDE,sensor_interface_g068-0ede,Indoor sensor interface G068-0EDE,24,0,60,active
X140-G068-0EDE,sensor_interface_g068-0ede,Extended-temperature interface G068-0EDE,24,-40,105,active
X150-G068-0EDE,sensor_interface_g068-0ede,High-voltage sensor interface G068-0EDE,48,-20,80,active
X160-G068-0EDE,sensor_interface_g068-0ede,Legacy sealed sensor interface G068-0EDE,24,-20,75,discontinued
X170-G068-0EDE,sensor_interface_g068-0ede,Logic-level sensor interface G068-0EDE,5,-10,50,active
X180-G068-0EDE,sensor_interface_g068-0ede,Standard sensor interface G068-0EDE,24,-20,80,active
R200-G068-0EDE,power_relay_g068-0ede,Standard power relay G068-0EDE,24,-20,70,active
R210-G068-0EDE,power_relay_g068-0ede,Vibration-rated power relay G068-0EDE,24,-40,85,active
C300-G068-0EDE,connector_g068-0ede,Five-volt keyed connector G068-0EDE,5,-20,70,active
X100-G069-49E3,sensor_interface_g069-49e3,Field sensor interface G069-49E3,24,-20,80,active
X110-G069-49E3,sensor_interface_g069-49e3,Coated sensor interface G069-49E3,24,-30,85,active
X120-G069-49E3,sensor_interface_g069-49e3,Low-voltage sensor interface G069-49E3,12,-20,70,active
X130-G069-49E3,sensor_interface_g069-49e3,Indoor sensor interface G069-49E3,24,0,60,active
X140-G069-49E3,sensor_interface_g069-49e3,Extended-temperature interface G069-49E3,24,-40,105,active
X150-G069-49E3,sensor_interface_g069-49e3,High-voltage sensor interface G069-49E3,48,-20,80,active
X160-G069-49E3,sensor_interface_g069-49e3,Legacy sealed sensor interface G069-49E3,24,-20,75,discontinued
X170-G069-49E3,sensor_interface_g069-49e3,Logic-level sensor interface G069-49E3,5,-10,50,active
X180-G069-49E3,sensor_interface_g069-49e3,Standard sensor interface G069-49E3,24,-20,80,active
R200-G069-49E3,power_relay_g069-49e3,Standard power relay G069-49E3,24,-20,70,active
R210-G069-49E3,power_relay_g069-49e3,Vibration-rated power relay G069-49E3,24,-40,85,active
C300-G069-49E3,connector_g069-49e3,Five-volt keyed connector G069-49E3,5,-20,70,active
X100-G070-7FAD,sensor_interface_g070-7fad,Field sensor interface G070-7FAD,24,-20,80,active
X110-G070-7FAD,sensor_interface_g070-7fad,Coated sensor interface G070-7FAD,24,-30,85,active
X120-G070-7FAD,sensor_interface_g070-7fad,Low-voltage sensor interface G070-7FAD,12,-20,70,active
X130-G070-7FAD,sensor_interface_g070-7fad,Indoor sensor interface G070-7FAD,24,0,60,active
X140-G070-7FAD,sensor_interface_g070-7fad,Extended-temperature interface G070-7FAD,24,-40,105,active
X150-G070-7FAD,sensor_interface_g070-7fad,High-voltage sensor interface G070-7FAD,48,-20,80,active
X160-G070-7FAD,sensor_interface_g070-7fad,Legacy sealed sensor interface G070-7FAD,24,-20,75,discontinued
X170-G070-7FAD,sensor_interface_g070-7fad,Logic-level sensor interface G070-7FAD,5,-10,50,active
X180-G070-7FAD,sensor_interface_g070-7fad,Standard sensor interface G070-7FAD,24,-20,80,active
R200-G070-7FAD,power_relay_g070-7fad,Standard power relay G070-7FAD,24,-20,70,active
R210-G070-7FAD,power_relay_g070-7fad,Vibration-rated power relay G070-7FAD,24,-40,85,active
C300-G070-7FAD,connector_g070-7fad,Five-volt keyed connector G070-7FAD,5,-20,70,active
X100-G071-D61A,sensor_interface_g071-d61a,Field sensor interface G071-D61A,24,-20,80,active
X110-G071-D61A,sensor_interface_g071-d61a,Coated sensor interface G071-D61A,24,-30,85,active
X120-G071-D61A,sensor_interface_g071-d61a,Low-voltage sensor interface G071-D61A,12,-20,70,active
X130-G071-D61A,sensor_interface_g071-d61a,Indoor sensor interface G071-D61A,24,0,60,active
X140-G071-D61A,sensor_interface_g071-d61a,Extended-temperature interface G071-D61A,24,-40,105,active
X150-G071-D61A,sensor_interface_g071-d61a,High-voltage sensor interface G071-D61A,48,-20,80,active
X160-G071-D61A,sensor_interface_g071-d61a,Legacy sealed sensor interface G071-D61A,24,-20,75,discontinued
X170-G071-D61A,sensor_interface_g071-d61a,Logic-level sensor interface G071-D61A,5,-10,50,active
X180-G071-D61A,sensor_interface_g071-d61a,Standard sensor interface G071-D61A,24,-20,80,active
R200-G071-D61A,power_relay_g071-d61a,Standard power relay G071-D61A,24,-20,70,active
R210-G071-D61A,power_relay_g071-d61a,Vibration-rated power relay G071-D61A,24,-40,85,active
C300-G071-D61A,connector_g071-d61a,Five-volt keyed connector G071-D61A,5,-20,70,active
X100-G072-AA25,sensor_interface_g072-aa25,Field sensor interface G072-AA25,24,-20,80,active
X110-G072-AA25,sensor_interface_g072-aa25,Coated sensor interface G072-AA25,24,-30,85,active
X120-G072-AA25,sensor_interface_g072-aa25,Low-voltage sensor interface G072-AA25,12,-20,70,active
X130-G072-AA25,sensor_interface_g072-aa25,Indoor sensor interface G072-AA25,24,0,60,active
X140-G072-AA25,sensor_interface_g072-aa25,Extended-temperature interface G072-AA25,24,-40,105,active
X150-G072-AA25,sensor_interface_g072-aa25,High-voltage sensor interface G072-AA25,48,-20,80,active
X160-G072-AA25,sensor_interface_g072-aa25,Legacy sealed sensor interface G072-AA25,24,-20,75,discontinued
X170-G072-AA25,sensor_interface_g072-aa25,Logic-level sensor interface G072-AA25,5,-10,50,active
X180-G072-AA25,sensor_interface_g072-aa25,Standard sensor interface G072-AA25,24,-20,80,active
R200-G072-AA25,power_relay_g072-aa25,Standard power relay G072-AA25,24,-20,70,active
R210-G072-AA25,power_relay_g072-aa25,Vibration-rated power relay G072-AA25,24,-40,85,active
C300-G072-AA25,connector_g072-aa25,Five-volt keyed connector G072-AA25,5,-20,70,active
X100-G073-B50C,sensor_interface_g073-b50c,Field sensor interface G073-B50C,24,-20,80,active
X110-G073-B50C,sensor_interface_g073-b50c,Coated sensor interface G073-B50C,24,-30,85,active
X120-G073-B50C,sensor_interface_g073-b50c,Low-voltage sensor interface G073-B50C,12,-20,70,active
X130-G073-B50C,sensor_interface_g073-b50c,Indoor sensor interface G073-B50C,24,0,60,active
X140-G073-B50C,sensor_interface_g073-b50c,Extended-temperature interface G073-B50C,24,-40,105,active
X150-G073-B50C,sensor_interface_g073-b50c,High-voltage sensor interface G073-B50C,48,-20,80,active
X160-G073-B50C,sensor_interface_g073-b50c,Legacy sealed sensor interface G073-B50C,24,-20,75,discontinued
X170-G073-B50C,sensor_interface_g073-b50c,Logic-level sensor interface G073-B50C,5,-10,50,active
X180-G073-B50C,sensor_interface_g073-b50c,Standard sensor interface G073-B50C,24,-20,80,active
R200-G073-B50C,power_relay_g073-b50c,Standard power relay G073-B50C,24,-20,70,active
R210-G073-B50C,power_relay_g073-b50c,Vibration-rated power relay G073-B50C,24,-40,85,active
C300-G073-B50C,connector_g073-b50c,Five-volt keyed connector G073-B50C,5,-20,70,active
X100-G074-A4E4,sensor_interface_g074-a4e4,Field sensor interface G074-A4E4,24,-20,80,active
X110-G074-A4E4,sensor_interface_g074-a4e4,Coated sensor interface G074-A4E4,24,-30,85,active
X120-G074-A4E4,sensor_interface_g074-a4e4,Low-voltage sensor interface G074-A4E4,12,-20,70,active
X130-G074-A4E4,sensor_interface_g074-a4e4,Indoor sensor interface G074-A4E4,24,0,60,active
X140-G074-A4E4,sensor_interface_g074-a4e4,Extended-temperature interface G074-A4E4,24,-40,105,active
X150-G074-A4E4,sensor_interface_g074-a4e4,High-voltage sensor interface G074-A4E4,48,-20,80,active
X160-G074-A4E4,sensor_interface_g074-a4e4,Legacy sealed sensor interface G074-A4E4,24,-20,75,discontinued
X170-G074-A4E4,sensor_interface_g074-a4e4,Logic-level sensor interface G074-A4E4,5,-10,50,active
X180-G074-A4E4,sensor_interface_g074-a4e4,Standard sensor interface G074-A4E4,24,-20,80,active
R200-G074-A4E4,power_relay_g074-a4e4,Standard power relay G074-A4E4,24,-20,70,active
R210-G074-A4E4,power_relay_g074-a4e4,Vibration-rated power relay G074-A4E4,24,-40,85,active
C300-G074-A4E4,connector_g074-a4e4,Five-volt keyed connector G074-A4E4,5,-20,70,active
X100-G075-86F8,sensor_interface_g075-86f8,Field sensor interface G075-86F8,24,-20,80,active
X110-G075-86F8,sensor_interface_g075-86f8,Coated sensor interface G075-86F8,24,-30,85,active
X120-G075-86F8,sensor_interface_g075-86f8,Low-voltage sensor interface G075-86F8,12,-20,70,active
X130-G075-86F8,sensor_interface_g075-86f8,Indoor sensor interface G075-86F8,24,0,60,active
X140-G075-86F8,sensor_interface_g075-86f8,Extended-temperature interface G075-86F8,24,-40,105,active
X150-G075-86F8,sensor_interface_g075-86f8,High-voltage sensor interface G075-86F8,48,-20,80,active
X160-G075-86F8,sensor_interface_g075-86f8,Legacy sealed sensor interface G075-86F8,24,-20,75,discontinued
X170-G075-86F8,sensor_interface_g075-86f8,Logic-level sensor interface G075-86F8,5,-10,50,active
X180-G075-86F8,sensor_interface_g075-86f8,Standard sensor interface G075-86F8,24,-20,80,active
R200-G075-86F8,power_relay_g075-86f8,Standard power relay G075-86F8,24,-20,70,active
R210-G075-86F8,power_relay_g075-86f8,Vibration-rated power relay G075-86F8,24,-40,85,active
C300-G075-86F8,connector_g075-86f8,Five-volt keyed connector G075-86F8,5,-20,70,active
X100-G076-B4BE,sensor_interface_g076-b4be,Field sensor interface G076-B4BE,24,-20,80,active
X110-G076-B4BE,sensor_interface_g076-b4be,Coated sensor interface G076-B4BE,24,-30,85,active
X120-G076-B4BE,sensor_interface_g076-b4be,Low-voltage sensor interface G076-B4BE,12,-20,70,active
X130-G076-B4BE,sensor_interface_g076-b4be,Indoor sensor interface G076-B4BE,24,0,60,active
X140-G076-B4BE,sensor_interface_g076-b4be,Extended-temperature interface G076-B4BE,24,-40,105,active
X150-G076-B4BE,sensor_interface_g076-b4be,High-voltage sensor interface G076-B4BE,48,-20,80,active
X160-G076-B4BE,sensor_interface_g076-b4be,Legacy sealed sensor interface G076-B4BE,24,-20,75,discontinued
X170-G076-B4BE,sensor_interface_g076-b4be,Logic-level sensor interface G076-B4BE,5,-10,50,active
X180-G076-B4BE,sensor_interface_g076-b4be,Standard sensor interface G076-B4BE,24,-20,80,active
R200-G076-B4BE,power_relay_g076-b4be,Standard power relay G076-B4BE,24,-20,70,active
R210-G076-B4BE,power_relay_g076-b4be,Vibration-rated power relay G076-B4BE,24,-40,85,active
C300-G076-B4BE,connector_g076-b4be,Five-volt keyed connector G076-B4BE,5,-20,70,active
X100-G077-4189,sensor_interface_g077-4189,Field sensor interface G077-4189,24,-20,80,active
X110-G077-4189,sensor_interface_g077-4189,Coated sensor interface G077-4189,24,-30,85,active
X120-G077-4189,sensor_interface_g077-4189,Low-voltage sensor interface G077-4189,12,-20,70,active
X130-G077-4189,sensor_interface_g077-4189,Indoor sensor interface G077-4189,24,0,60,active
X140-G077-4189,sensor_interface_g077-4189,Extended-temperature interface G077-4189,24,-40,105,active
X150-G077-4189,sensor_interface_g077-4189,High-voltage sensor interface G077-4189,48,-20,80,active
X160-G077-4189,sensor_interface_g077-4189,Legacy sealed sensor interface G077-4189,24,-20,75,discontinued
X170-G077-4189,sensor_interface_g077-4189,Logic-level sensor interface G077-4189,5,-10,50,active
X180-G077-4189,sensor_interface_g077-4189,Standard sensor interface G077-4189,24,-20,80,active
R200-G077-4189,power_relay_g077-4189,Standard power relay G077-4189,24,-20,70,active
R210-G077-4189,power_relay_g077-4189,Vibration-rated power relay G077-4189,24,-40,85,active
C300-G077-4189,connector_g077-4189,Five-volt keyed connector G077-4189,5,-20,70,active
X100-G078-16D6,sensor_interface_g078-16d6,Field sensor interface G078-16D6,24,-20,80,active
X110-G078-16D6,sensor_interface_g078-16d6,Coated sensor interface G078-16D6,24,-30,85,active
X120-G078-16D6,sensor_interface_g078-16d6,Low-voltage sensor interface G078-16D6,12,-20,70,active
X130-G078-16D6,sensor_interface_g078-16d6,Indoor sensor interface G078-16D6,24,0,60,active
X140-G078-16D6,sensor_interface_g078-16d6,Extended-temperature interface G078-16D6,24,-40,105,active
X150-G078-16D6,sensor_interface_g078-16d6,High-voltage sensor interface G078-16D6,48,-20,80,active
X160-G078-16D6,sensor_interface_g078-16d6,Legacy sealed sensor interface G078-16D6,24,-20,75,discontinued
X170-G078-16D6,sensor_interface_g078-16d6,Logic-level sensor interface G078-16D6,5,-10,50,active
X180-G078-16D6,sensor_interface_g078-16d6,Standard sensor interface G078-16D6,24,-20,80,active
R200-G078-16D6,power_relay_g078-16d6,Standard power relay G078-16D6,24,-20,70,active
R210-G078-16D6,power_relay_g078-16d6,Vibration-rated power relay G078-16D6,24,-40,85,active
C300-G078-16D6,connector_g078-16d6,Five-volt keyed connector G078-16D6,5,-20,70,active
X100-G079-4C58,sensor_interface_g079-4c58,Field sensor interface G079-4C58,24,-20,80,active
X110-G079-4C58,sensor_interface_g079-4c58,Coated sensor interface G079-4C58,24,-30,85,active
X120-G079-4C58,sensor_interface_g079-4c58,Low-voltage sensor interface G079-4C58,12,-20,70,active
X130-G079-4C58,sensor_interface_g079-4c58,Indoor sensor interface G079-4C58,24,0,60,active
X140-G079-4C58,sensor_interface_g079-4c58,Extended-temperature interface G079-4C58,24,-40,105,active
X150-G079-4C58,sensor_interface_g079-4c58,High-voltage sensor interface G079-4C58,48,-20,80,active
X160-G079-4C58,sensor_interface_g079-4c58,Legacy sealed sensor interface G079-4C58,24,-20,75,discontinued
X170-G079-4C58,sensor_interface_g079-4c58,Logic-level sensor interface G079-4C58,5,-10,50,active
X180-G079-4C58,sensor_interface_g079-4c58,Standard sensor interface G079-4C58,24,-20,80,active
R200-G079-4C58,power_relay_g079-4c58,Standard power relay G079-4C58,24,-20,70,active
R210-G079-4C58,power_relay_g079-4c58,Vibration-rated power relay G079-4C58,24,-40,85,active
C300-G079-4C58,connector_g079-4c58,Five-volt keyed connector G079-4C58,5,-20,70,active
X100-G080-C61D,sensor_interface_g080-c61d,Field sensor interface G080-C61D,24,-20,80,active
X110-G080-C61D,sensor_interface_g080-c61d,Coated sensor interface G080-C61D,24,-30,85,active
X120-G080-C61D,sensor_interface_g080-c61d,Low-voltage sensor interface G080-C61D,12,-20,70,active
X130-G080-C61D,sensor_interface_g080-c61d,Indoor sensor interface G080-C61D,24,0,60,active
X140-G080-C61D,sensor_interface_g080-c61d,Extended-temperature interface G080-C61D,24,-40,105,active
X150-G080-C61D,sensor_interface_g080-c61d,High-voltage sensor interface G080-C61D,48,-20,80,active
X160-G080-C61D,sensor_interface_g080-c61d,Legacy sealed sensor interface G080-C61D,24,-20,75,discontinued
X170-G080-C61D,sensor_interface_g080-c61d,Logic-level sensor interface G080-C61D,5,-10,50,active
X180-G080-C61D,sensor_interface_g080-c61d,Standard sensor interface G080-C61D,24,-20,80,active
R200-G080-C61D,power_relay_g080-c61d,Standard power relay G080-C61D,24,-20,70,active
R210-G080-C61D,power_relay_g080-c61d,Vibration-rated power relay G080-C61D,24,-40,85,active
C300-G080-C61D,connector_g080-c61d,Five-volt keyed connector G080-C61D,5,-20,70,active
X100-G081-0DAF,sensor_interface_g081-0daf,Field sensor interface G081-0DAF,24,-20,80,active
X110-G081-0DAF,sensor_interface_g081-0daf,Coated sensor interface G081-0DAF,24,-30,85,active
X120-G081-0DAF,sensor_interface_g081-0daf,Low-voltage sensor interface G081-0DAF,12,-20,70,active
X130-G081-0DAF,sensor_interface_g081-0daf,Indoor sensor interface G081-0DAF,24,0,60,active
X140-G081-0DAF,sensor_interface_g081-0daf,Extended-temperature interface G081-0DAF,24,-40,105,active
X150-G081-0DAF,sensor_interface_g081-0daf,High-voltage sensor interface G081-0DAF,48,-20,80,active
X160-G081-0DAF,sensor_interface_g081-0daf,Legacy sealed sensor interface G081-0DAF,24,-20,75,discontinued
X170-G081-0DAF,sensor_interface_g081-0daf,Logic-level sensor interface G081-0DAF,5,-10,50,active
X180-G081-0DAF,sensor_interface_g081-0daf,Standard sensor interface G081-0DAF,24,-20,80,active
R200-G081-0DAF,power_relay_g081-0daf,Standard power relay G081-0DAF,24,-20,70,active
R210-G081-0DAF,power_relay_g081-0daf,Vibration-rated power relay G081-0DAF,24,-40,85,active
C300-G081-0DAF,connector_g081-0daf,Five-volt keyed connector G081-0DAF,5,-20,70,active
X100-G082-515E,sensor_interface_g082-515e,Field sensor interface G082-515E,24,-20,80,active
X110-G082-515E,sensor_interface_g082-515e,Coated sensor interface G082-515E,24,-30,85,active
X120-G082-515E,sensor_interface_g082-515e,Low-voltage sensor interface G082-515E,12,-20,70,active
X130-G082-515E,sensor_interface_g082-515e,Indoor sensor interface G082-515E,24,0,60,active
X140-G082-515E,sensor_interface_g082-515e,Extended-temperature interface G082-515E,24,-40,105,active
X150-G082-515E,sensor_interface_g082-515e,High-voltage sensor interface G082-515E,48,-20,80,active
X160-G082-515E,sensor_interface_g082-515e,Legacy sealed sensor interface G082-515E,24,-20,75,discontinued
X170-G082-515E,sensor_interface_g082-515e,Logic-level sensor interface G082-515E,5,-10,50,active
X180-G082-515E,sensor_interface_g082-515e,Standard sensor interface G082-515E,24,-20,80,active
R200-G082-515E,power_relay_g082-515e,Standard power relay G082-515E,24,-20,70,active
R210-G082-515E,power_relay_g082-515e,Vibration-rated power relay G082-515E,24,-40,85,active
C300-G082-515E,connector_g082-515e,Five-volt keyed connector G082-515E,5,-20,70,active
X100-G083-29F3,sensor_interface_g083-29f3,Field sensor interface G083-29F3,24,-20,80,active
X110-G083-29F3,sensor_interface_g083-29f3,Coated sensor interface G083-29F3,24,-30,85,active
X120-G083-29F3,sensor_interface_g083-29f3,Low-voltage sensor interface G083-29F3,12,-20,70,active
X130-G083-29F3,sensor_interface_g083-29f3,Indoor sensor interface G083-29F3,24,0,60,active
X140-G083-29F3,sensor_interface_g083-29f3,Extended-temperature interface G083-29F3,24,-40,105,active
X150-G083-29F3,sensor_interface_g083-29f3,High-voltage sensor interface G083-29F3,48,-20,80,active
X160-G083-29F3,sensor_interface_g083-29f3,Legacy sealed sensor interface G083-29F3,24,-20,75,discontinued
X170-G083-29F3,sensor_interface_g083-29f3,Logic-level sensor interface G083-29F3,5,-10,50,active
X180-G083-29F3,sensor_interface_g083-29f3,Standard sensor interface G083-29F3,24,-20,80,active
R200-G083-29F3,power_relay_g083-29f3,Standard power relay G083-29F3,24,-20,70,active
R210-G083-29F3,power_relay_g083-29f3,Vibration-rated power relay G083-29F3,24,-40,85,active
C300-G083-29F3,connector_g083-29f3,Five-volt keyed connector G083-29F3,5,-20,70,active
X100-G084-63DB,sensor_interface_g084-63db,Field sensor interface G084-63DB,24,-20,80,active
X110-G084-63DB,sensor_interface_g084-63db,Coated sensor interface G084-63DB,24,-30,85,active
X120-G084-63DB,sensor_interface_g084-63db,Low-voltage sensor interface G084-63DB,12,-20,70,active
X130-G084-63DB,sensor_interface_g084-63db,Indoor sensor interface G084-63DB,24,0,60,active
X140-G084-63DB,sensor_interface_g084-63db,Extended-temperature interface G084-63DB,24,-40,105,active
X150-G084-63DB,sensor_interface_g084-63db,High-voltage sensor interface G084-63DB,48,-20,80,active
X160-G084-63DB,sensor_interface_g084-63db,Legacy sealed sensor interface G084-63DB,24,-20,75,discontinued
X170-G084-63DB,sensor_interface_g084-63db,Logic-level sensor interface G084-63DB,5,-10,50,active
X180-G084-63DB,sensor_interface_g084-63db,Standard sensor interface G084-63DB,24,-20,80,active
R200-G084-63DB,power_relay_g084-63db,Standard power relay G084-63DB,24,-20,70,active
R210-G084-63DB,power_relay_g084-63db,Vibration-rated power relay G084-63DB,24,-40,85,active
C300-G084-63DB,connector_g084-63db,Five-volt keyed connector G084-63DB,5,-20,70,active
X100-G085-EE77,sensor_interface_g085-ee77,Field sensor interface G085-EE77,24,-20,80,active
X110-G085-EE77,sensor_interface_g085-ee77,Coated sensor interface G085-EE77,24,-30,85,active
X120-G085-EE77,sensor_interface_g085-ee77,Low-voltage sensor interface G085-EE77,12,-20,70,active
X130-G085-EE77,sensor_interface_g085-ee77,Indoor sensor interface G085-EE77,24,0,60,active
X140-G085-EE77,sensor_interface_g085-ee77,Extended-temperature interface G085-EE77,24,-40,105,active
X150-G085-EE77,sensor_interface_g085-ee77,High-voltage sensor interface G085-EE77,48,-20,80,active
X160-G085-EE77,sensor_interface_g085-ee77,Legacy sealed sensor interface G085-EE77,24,-20,75,discontinued
X170-G085-EE77,sensor_interface_g085-ee77,Logic-level sensor interface G085-EE77,5,-10,50,active
X180-G085-EE77,sensor_interface_g085-ee77,Standard sensor interface G085-EE77,24,-20,80,active
R200-G085-EE77,power_relay_g085-ee77,Standard power relay G085-EE77,24,-20,70,active
R210-G085-EE77,power_relay_g085-ee77,Vibration-rated power relay G085-EE77,24,-40,85,active
C300-G085-EE77,connector_g085-ee77,Five-volt keyed connector G085-EE77,5,-20,70,active
X100-G086-2DFE,sensor_interface_g086-2dfe,Field sensor interface G086-2DFE,24,-20,80,active
X110-G086-2DFE,sensor_interface_g086-2dfe,Coated sensor interface G086-2DFE,24,-30,85,active
X120-G086-2DFE,sensor_interface_g086-2dfe,Low-voltage sensor interface G086-2DFE,12,-20,70,active
X130-G086-2DFE,sensor_interface_g086-2dfe,Indoor sensor interface G086-2DFE,24,0,60,active
X140-G086-2DFE,sensor_interface_g086-2dfe,Extended-temperature interface G086-2DFE,24,-40,105,active
X150-G086-2DFE,sensor_interface_g086-2dfe,High-voltage sensor interface G086-2DFE,48,-20,80,active
X160-G086-2DFE,sensor_interface_g086-2dfe,Legacy sealed sensor interface G086-2DFE,24,-20,75,discontinued
X170-G086-2DFE,sensor_interface_g086-2dfe,Logic-level sensor interface G086-2DFE,5,-10,50,active
X180-G086-2DFE,sensor_interface_g086-2dfe,Standard sensor interface G086-2DFE,24,-20,80,active
R200-G086-2DFE,power_relay_g086-2dfe,Standard power relay G086-2DFE,24,-20,70,active
R210-G086-2DFE,power_relay_g086-2dfe,Vibration-rated power relay G086-2DFE,24,-40,85,active
C300-G086-2DFE,connector_g086-2dfe,Five-volt keyed connector G086-2DFE,5,-20,70,active
X100-G087-4074,sensor_interface_g087-4074,Field sensor interface G087-4074,24,-20,80,active
X110-G087-4074,sensor_interface_g087-4074,Coated sensor interface G087-4074,24,-30,85,active
X120-G087-4074,sensor_interface_g087-4074,Low-voltage sensor interface G087-4074,12,-20,70,active
X130-G087-4074,sensor_interface_g087-4074,Indoor sensor interface G087-4074,24,0,60,active
X140-G087-4074,sensor_interface_g087-4074,Extended-temperature interface G087-4074,24,-40,105,active
X150-G087-4074,sensor_interface_g087-4074,High-voltage sensor interface G087-4074,48,-20,80,active
X160-G087-4074,sensor_interface_g087-4074,Legacy sealed sensor interface G087-4074,24,-20,75,discontinued
X170-G087-4074,sensor_interface_g087-4074,Logic-level sensor interface G087-4074,5,-10,50,active
X180-G087-4074,sensor_interface_g087-4074,Standard sensor interface G087-4074,24,-20,80,active
R200-G087-4074,power_relay_g087-4074,Standard power relay G087-4074,24,-20,70,active
R210-G087-4074,power_relay_g087-4074,Vibration-rated power relay G087-4074,24,-40,85,active
C300-G087-4074,connector_g087-4074,Five-volt keyed connector G087-4074,5,-20,70,active
X100-G088-1776,sensor_interface_g088-1776,Field sensor interface G088-1776,24,-20,80,active
X110-G088-1776,sensor_interface_g088-1776,Coated sensor interface G088-1776,24,-30,85,active
X120-G088-1776,sensor_interface_g088-1776,Low-voltage sensor interface G088-1776,12,-20,70,active
X130-G088-1776,sensor_interface_g088-1776,Indoor sensor interface G088-1776,24,0,60,active
X140-G088-1776,sensor_interface_g088-1776,Extended-temperature interface G088-1776,24,-40,105,active
X150-G088-1776,sensor_interface_g088-1776,High-voltage sensor interface G088-1776,48,-20,80,active
X160-G088-1776,sensor_interface_g088-1776,Legacy sealed sensor interface G088-1776,24,-20,75,discontinued
X170-G088-1776,sensor_interface_g088-1776,Logic-level sensor interface G088-1776,5,-10,50,active
X180-G088-1776,sensor_interface_g088-1776,Standard sensor interface G088-1776,24,-20,80,active
R200-G088-1776,power_relay_g088-1776,Standard power relay G088-1776,24,-20,70,active
R210-G088-1776,power_relay_g088-1776,Vibration-rated power relay G088-1776,24,-40,85,active
C300-G088-1776,connector_g088-1776,Five-volt keyed connector G088-1776,5,-20,70,active
X100-G089-1440,sensor_interface_g089-1440,Field sensor interface G089-1440,24,-20,80,active
X110-G089-1440,sensor_interface_g089-1440,Coated sensor interface G089-1440,24,-30,85,active
X120-G089-1440,sensor_interface_g089-1440,Low-voltage sensor interface G089-1440,12,-20,70,active
X130-G089-1440,sensor_interface_g089-1440,Indoor sensor interface G089-1440,24,0,60,active
X140-G089-1440,sensor_interface_g089-1440,Extended-temperature interface G089-1440,24,-40,105,active
X150-G089-1440,sensor_interface_g089-1440,High-voltage sensor interface G089-1440,48,-20,80,active
X160-G089-1440,sensor_interface_g089-1440,Legacy sealed sensor interface G089-1440,24,-20,75,discontinued
X170-G089-1440,sensor_interface_g089-1440,Logic-level sensor interface G089-1440,5,-10,50,active
X180-G089-1440,sensor_interface_g089-1440,Standard sensor interface G089-1440,24,-20,80,active
R200-G089-1440,power_relay_g089-1440,Standard power relay G089-1440,24,-20,70,active
R210-G089-1440,power_relay_g089-1440,Vibration-rated power relay G089-1440,24,-40,85,active
C300-G089-1440,connector_g089-1440,Five-volt keyed connector G089-1440,5,-20,70,active
X100-G090-393A,sensor_interface_g090-393a,Field sensor interface G090-393A,24,-20,80,active
X110-G090-393A,sensor_interface_g090-393a,Coated sensor interface G090-393A,24,-30,85,active
X120-G090-393A,sensor_interface_g090-393a,Low-voltage sensor interface G090-393A,12,-20,70,active
X130-G090-393A,sensor_interface_g090-393a,Indoor sensor interface G090-393A,24,0,60,active
X140-G090-393A,sensor_interface_g090-393a,Extended-temperature interface G090-393A,24,-40,105,active
X150-G090-393A,sensor_interface_g090-393a,High-voltage sensor interface G090-393A,48,-20,80,active
X160-G090-393A,sensor_interface_g090-393a,Legacy sealed sensor interface G090-393A,24,-20,75,discontinued
X170-G090-393A,sensor_interface_g090-393a,Logic-level sensor interface G090-393A,5,-10,50,active
X180-G090-393A,sensor_interface_g090-393a,Standard sensor interface G090-393A,24,-20,80,active
R200-G090-393A,power_relay_g090-393a,Standard power relay G090-393A,24,-20,70,active
R210-G090-393A,power_relay_g090-393a,Vibration-rated power relay G090-393A,24,-40,85,active
C300-G090-393A,connector_g090-393a,Five-volt keyed connector G090-393A,5,-20,70,active
X100-G091-3255,sensor_interface_g091-3255,Field sensor interface G091-3255,24,-20,80,active
X110-G091-3255,sensor_interface_g091-3255,Coated sensor interface G091-3255,24,-30,85,active
X120-G091-3255,sensor_interface_g091-3255,Low-voltage sensor interface G091-3255,12,-20,70,active
X130-G091-3255,sensor_interface_g091-3255,Indoor sensor interface G091-3255,24,0,60,active
X140-G091-3255,sensor_interface_g091-3255,Extended-temperature interface G091-3255,24,-40,105,active
X150-G091-3255,sensor_interface_g091-3255,High-voltage sensor interface G091-3255,48,-20,80,active
X160-G091-3255,sensor_interface_g091-3255,Legacy sealed sensor interface G091-3255,24,-20,75,discontinued
X170-G091-3255,sensor_interface_g091-3255,Logic-level sensor interface G091-3255,5,-10,50,active
X180-G091-3255,sensor_interface_g091-3255,Standard sensor interface G091-3255,24,-20,80,active
R200-G091-3255,power_relay_g091-3255,Standard power relay G091-3255,24,-20,70,active
R210-G091-3255,power_relay_g091-3255,Vibration-rated power relay G091-3255,24,-40,85,active
C300-G091-3255,connector_g091-3255,Five-volt keyed connector G091-3255,5,-20,70,active
X100-G092-9041,sensor_interface_g092-9041,Field sensor interface G092-9041,24,-20,80,active
X110-G092-9041,sensor_interface_g092-9041,Coated sensor interface G092-9041,24,-30,85,active
X120-G092-9041,sensor_interface_g092-9041,Low-voltage sensor interface G092-9041,12,-20,70,active
X130-G092-9041,sensor_interface_g092-9041,Indoor sensor interface G092-9041,24,0,60,active
X140-G092-9041,sensor_interface_g092-9041,Extended-temperature interface G092-9041,24,-40,105,active
X150-G092-9041,sensor_interface_g092-9041,High-voltage sensor interface G092-9041,48,-20,80,active
X160-G092-9041,sensor_interface_g092-9041,Legacy sealed sensor interface G092-9041,24,-20,75,discontinued
X170-G092-9041,sensor_interface_g092-9041,Logic-level sensor interface G092-9041,5,-10,50,active
X180-G092-9041,sensor_interface_g092-9041,Standard sensor interface G092-9041,24,-20,80,active
R200-G092-9041,power_relay_g092-9041,Standard power relay G092-9041,24,-20,70,active
R210-G092-9041,power_relay_g092-9041,Vibration-rated power relay G092-9041,24,-40,85,active
C300-G092-9041,connector_g092-9041,Five-volt keyed connector G092-9041,5,-20,70,active
X100-G093-199C,sensor_interface_g093-199c,Field sensor interface G093-199C,24,-20,80,active
X110-G093-199C,sensor_interface_g093-199c,Coated sensor interface G093-199C,24,-30,85,active
X120-G093-199C,sensor_interface_g093-199c,Low-voltage sensor interface G093-199C,12,-20,70,active
X130-G093-199C,sensor_interface_g093-199c,Indoor sensor interface G093-199C,24,0,60,active
X140-G093-199C,sensor_interface_g093-199c,Extended-temperature interface G093-199C,24,-40,105,active
X150-G093-199C,sensor_interface_g093-199c,High-voltage sensor interface G093-199C,48,-20,80,active
X160-G093-199C,sensor_interface_g093-199c,Legacy sealed sensor interface G093-199C,24,-20,75,discontinued
X170-G093-199C,sensor_interface_g093-199c,Logic-level sensor interface G093-199C,5,-10,50,active
X180-G093-199C,sensor_interface_g093-199c,Standard sensor interface G093-199C,24,-20,80,active
R200-G093-199C,power_relay_g093-199c,Standard power relay G093-199C,24,-20,70,active
R210-G093-199C,power_relay_g093-199c,Vibration-rated power relay G093-199C,24,-40,85,active
C300-G093-199C,connector_g093-199c,Five-volt keyed connector G093-199C,5,-20,70,active
X100-G094-80AD,sensor_interface_g094-80ad,Field sensor interface G094-80AD,24,-20,80,active
X110-G094-80AD,sensor_interface_g094-80ad,Coated sensor interface G094-80AD,24,-30,85,active
X120-G094-80AD,sensor_interface_g094-80ad,Low-voltage sensor interface G094-80AD,12,-20,70,active
X130-G094-80AD,sensor_interface_g094-80ad,Indoor sensor interface G094-80AD,24,0,60,active
X140-G094-80AD,sensor_interface_g094-80ad,Extended-temperature interface G094-80AD,24,-40,105,active
X150-G094-80AD,sensor_interface_g094-80ad,High-voltage sensor interface G094-80AD,48,-20,80,active
X160-G094-80AD,sensor_interface_g094-80ad,Legacy sealed sensor interface G094-80AD,24,-20,75,discontinued
X170-G094-80AD,sensor_interface_g094-80ad,Logic-level sensor interface G094-80AD,5,-10,50,active
X180-G094-80AD,sensor_interface_g094-80ad,Standard sensor interface G094-80AD,24,-20,80,active
R200-G094-80AD,power_relay_g094-80ad,Standard power relay G094-80AD,24,-20,70,active
R210-G094-80AD,power_relay_g094-80ad,Vibration-rated power relay G094-80AD,24,-40,85,active
C300-G094-80AD,connector_g094-80ad,Five-volt keyed connector G094-80AD,5,-20,70,active
X100-G095-15E7,sensor_interface_g095-15e7,Field sensor interface G095-15E7,24,-20,80,active
X110-G095-15E7,sensor_interface_g095-15e7,Coated sensor interface G095-15E7,24,-30,85,active
X120-G095-15E7,sensor_interface_g095-15e7,Low-voltage sensor interface G095-15E7,12,-20,70,active
X130-G095-15E7,sensor_interface_g095-15e7,Indoor sensor interface G095-15E7,24,0,60,active
X140-G095-15E7,sensor_interface_g095-15e7,Extended-temperature interface G095-15E7,24,-40,105,active
X150-G095-15E7,sensor_interface_g095-15e7,High-voltage sensor interface G095-15E7,48,-20,80,active
X160-G095-15E7,sensor_interface_g095-15e7,Legacy sealed sensor interface G095-15E7,24,-20,75,discontinued
X170-G095-15E7,sensor_interface_g095-15e7,Logic-level sensor interface G095-15E7,5,-10,50,active
X180-G095-15E7,sensor_interface_g095-15e7,Standard sensor interface G095-15E7,24,-20,80,active
R200-G095-15E7,power_relay_g095-15e7,Standard power relay G095-15E7,24,-20,70,active
R210-G095-15E7,power_relay_g095-15e7,Vibration-rated power relay G095-15E7,24,-40,85,active
C300-G095-15E7,connector_g095-15e7,Five-volt keyed connector G095-15E7,5,-20,70,active
X100-G096-CBFE,sensor_interface_g096-cbfe,Field sensor interface G096-CBFE,24,-20,80,active
X110-G096-CBFE,sensor_interface_g096-cbfe,Coated sensor interface G096-CBFE,24,-30,85,active
X120-G096-CBFE,sensor_interface_g096-cbfe,Low-voltage sensor interface G096-CBFE,12,-20,70,active
X130-G096-CBFE,sensor_interface_g096-cbfe,Indoor sensor interface G096-CBFE,24,0,60,active
X140-G096-CBFE,sensor_interface_g096-cbfe,Extended-temperature interface G096-CBFE,24,-40,105,active
X150-G096-CBFE,sensor_interface_g096-cbfe,High-voltage sensor interface G096-CBFE,48,-20,80,active
X160-G096-CBFE,sensor_interface_g096-cbfe,Legacy sealed sensor interface G096-CBFE,24,-20,75,discontinued
X170-G096-CBFE,sensor_interface_g096-cbfe,Logic-level sensor interface G096-CBFE,5,-10,50,active
X180-G096-CBFE,sensor_interface_g096-cbfe,Standard sensor interface G096-CBFE,24,-20,80,active
R200-G096-CBFE,power_relay_g096-cbfe,Standard power relay G096-CBFE,24,-20,70,active
R210-G096-CBFE,power_relay_g096-cbfe,Vibration-rated power relay G096-CBFE,24,-40,85,active
C300-G096-CBFE,connector_g096-cbfe,Five-volt keyed connector G096-CBFE,5,-20,70,active
X100-G097-BDF6,sensor_interface_g097-bdf6,Field sensor interface G097-BDF6,24,-20,80,active
X110-G097-BDF6,sensor_interface_g097-bdf6,Coated sensor interface G097-BDF6,24,-30,85,active
X120-G097-BDF6,sensor_interface_g097-bdf6,Low-voltage sensor interface G097-BDF6,12,-20,70,active
X130-G097-BDF6,sensor_interface_g097-bdf6,Indoor sensor interface G097-BDF6,24,0,60,active
X140-G097-BDF6,sensor_interface_g097-bdf6,Extended-temperature interface G097-BDF6,24,-40,105,active
X150-G097-BDF6,sensor_interface_g097-bdf6,High-voltage sensor interface G097-BDF6,48,-20,80,active
X160-G097-BDF6,sensor_interface_g097-bdf6,Legacy sealed sensor interface G097-BDF6,24,-20,75,discontinued
X170-G097-BDF6,sensor_interface_g097-bdf6,Logic-level sensor interface G097-BDF6,5,-10,50,active
X180-G097-BDF6,sensor_interface_g097-bdf6,Standard sensor interface G097-BDF6,24,-20,80,active
R200-G097-BDF6,power_relay_g097-bdf6,Standard power relay G097-BDF6,24,-20,70,active
R210-G097-BDF6,power_relay_g097-bdf6,Vibration-rated power relay G097-BDF6,24,-40,85,active
C300-G097-BDF6,connector_g097-bdf6,Five-volt keyed connector G097-BDF6,5,-20,70,active
X100-G098-9414,sensor_interface_g098-9414,Field sensor interface G098-9414,24,-20,80,active
X110-G098-9414,sensor_interface_g098-9414,Coated sensor interface G098-9414,24,-30,85,active
X120-G098-9414,sensor_interface_g098-9414,Low-voltage sensor interface G098-9414,12,-20,70,active
X130-G098-9414,sensor_interface_g098-9414,Indoor sensor interface G098-9414,24,0,60,active
X140-G098-9414,sensor_interface_g098-9414,Extended-temperature interface G098-9414,24,-40,105,active
X150-G098-9414,sensor_interface_g098-9414,High-voltage sensor interface G098-9414,48,-20,80,active
X160-G098-9414,sensor_interface_g098-9414,Legacy sealed sensor interface G098-9414,24,-20,75,discontinued
X170-G098-9414,sensor_interface_g098-9414,Logic-level sensor interface G098-9414,5,-10,50,active
X180-G098-9414,sensor_interface_g098-9414,Standard sensor interface G098-9414,24,-20,80,active
R200-G098-9414,power_relay_g098-9414,Standard power relay G098-9414,24,-20,70,active
R210-G098-9414,power_relay_g098-9414,Vibration-rated power relay G098-9414,24,-40,85,active
C300-G098-9414,connector_g098-9414,Five-volt keyed connector G098-9414,5,-20,70,active
X100-G099-9074,sensor_interface_g099-9074,Field sensor interface G099-9074,24,-20,80,active
X110-G099-9074,sensor_interface_g099-9074,Coated sensor interface G099-9074,24,-30,85,active
X120-G099-9074,sensor_interface_g099-9074,Low-voltage sensor interface G099-9074,12,-20,70,active
X130-G099-9074,sensor_interface_g099-9074,Indoor sensor interface G099-9074,24,0,60,active
X140-G099-9074,sensor_interface_g099-9074,Extended-temperature interface G099-9074,24,-40,105,active
X150-G099-9074,sensor_interface_g099-9074,High-voltage sensor interface G099-9074,48,-20,80,active
X160-G099-9074,sensor_interface_g099-9074,Legacy sealed sensor interface G099-9074,24,-20,75,discontinued
X170-G099-9074,sensor_interface_g099-9074,Logic-level sensor interface G099-9074,5,-10,50,active
X180-G099-9074,sensor_interface_g099-9074,Standard sensor interface G099-9074,24,-20,80,active
R200-G099-9074,power_relay_g099-9074,Standard power relay G099-9074,24,-20,70,active
R210-G099-9074,power_relay_g099-9074,Vibration-rated power relay G099-9074,24,-40,85,active
C300-G099-9074,connector_g099-9074,Five-volt keyed connector G099-9074,5,-20,70,active
X161,sensor_interface,Alternate sealed sensor interface,24,-20,75,active
X162,sensor_interface,Alternate coated sensor interface,24,-20,70,active
X165,sensor_interface,Extended-range sealed sensor interface,24,-30,85,active
X169,sensor_interface,Compact sealed sensor interface,24,-10,60,active
R201,power_relay,Alternate standard power relay,24,-20,70,active
R202,power_relay,Alternate vibration power relay,24,-30,80,active
R205,power_relay,Compact vibration power relay,24,-40,85,active
R209,power_relay,Sealed vibration power relay,24,-10,75,active
